[debug] [2025-05-07T16:40:15.851Z] [Firebase Plugin] Activating Firebase extension.
[info] [Firebase Plugin] Checked firebase-tools, is up to date!
[debug] [2025-05-07T16:40:26.835Z] [Firebase Plugin] requireAuthWrapper
[debug] [2025-05-07T16:40:26.840Z] > command requires scopes: ["email","openid","https://www.googleapis.com/auth/cloudplatformprojects.readonly","https://www.googleapis.com/auth/firebase","https://www.googleapis.com/auth/cloud-platform"]
[debug] [2025-05-07T16:40:26.842Z] > authorizing via signed-in user (rishiraj34453@gmail.com)
[debug] [2025-05-07T16:40:26.849Z] Checked if tokens are valid: false, expires at: 1746603500400
[debug] [2025-05-07T16:40:26.850Z] Checked if tokens are valid: false, expires at: 1746603500400
[debug] [2025-05-07T16:40:26.851Z] > refreshing access token with scopes: []
[debug] [2025-05-07T16:40:26.854Z] >>> [apiv2][query] POST https://www.googleapis.com/oauth2/v3/token [none]
[debug] [2025-05-07T16:40:26.854Z] >>> [apiv2][body] POST https://www.googleapis.com/oauth2/v3/token [omitted]
[debug] [2025-05-07T16:40:26.878Z] [Firebase Plugin] VSCode notification server listening on port 40001
[info] [Firebase Plugin] Starting Data Connect toolkit (version 2.3.1) on port 50001
[info] i  dataconnect: downloading dataconnect-emulator-2.3.1.exe... {"metadata":{"emulator":{"name":"dataconnect"},"message":"downloading dataconnect-emulator-2.3.1.exe..."}}
[debug] [2025-05-07T16:40:27.548Z] >>> [apiv2][query] GET https://storage.googleapis.com/firemat-preview-drop/emulator/dataconnect-emulator-windows-v2.3.1 
[debug] [2025-05-07T16:40:27.872Z] <<< [apiv2][status] POST https://www.googleapis.com/oauth2/v3/token 200
[debug] [2025-05-07T16:40:27.873Z] <<< [apiv2][body] POST https://www.googleapis.com/oauth2/v3/token [omitted]
[debug] [2025-05-07T16:40:27.907Z] [Firebase Plugin] User found:  rishiraj34453@gmail.com
[info] [Firebase Plugin] (Core:Project) New user detected, fetching projects
[debug] [2025-05-07T16:40:27.910Z] Checked if tokens are valid: true, expires at: 1746639626873
[debug] [2025-05-07T16:40:27.912Z] >>> [apiv2][query] GET https://firebase.googleapis.com/v1beta1/projects pageSize=1000
[debug] [2025-05-07T16:40:28.221Z] <<< [apiv2][status] GET https://storage.googleapis.com/firemat-preview-drop/emulator/dataconnect-emulator-windows-v2.3.1 200
[debug] [2025-05-07T16:40:28.221Z] <<< [apiv2][body] GET https://storage.googleapis.com/firemat-preview-drop/emulator/dataconnect-emulator-windows-v2.3.1 [stream]
[debug] [2025-05-07T16:40:28.800Z] <<< [apiv2][status] GET https://firebase.googleapis.com/v1beta1/projects 200
[debug] [2025-05-07T16:40:28.800Z] <<< [apiv2][body] GET https://firebase.googleapis.com/v1beta1/projects [omitted]
[debug] [2025-05-07T16:40:40.654Z] 'fdc build' failed with error: Unable to build your Data Connect schema and connectors (exit code 1): E0507 22:10:40.645040    4232 cmd.go:43] Error loading data connect config: could not find dataconnect.yaml in `c:\Users\DELL\employee-manager\dataconnect`
 {"metadata":{"emulator":{"name":"dataconnect"},"message":"'fdc build' failed with error: Unable to build your Data Connect schema and connectors (exit code 1): E0507 22:10:40.645040    4232 cmd.go:43] Error loading data connect config: could not find dataconnect.yaml in `c:\\Users\\DELL\\employee-manager\\dataconnect`\n"}}
[debug] [2025-05-07T16:40:40.657Z] Ignoring unsupported arg: auto_download {"metadata":{"emulator":{"name":"dataconnect"},"message":"Ignoring unsupported arg: auto_download"}}
[debug] [2025-05-07T16:40:40.657Z] Ignoring unsupported arg: port {"metadata":{"emulator":{"name":"dataconnect"},"message":"Ignoring unsupported arg: port"}}
[debug] [2025-05-07T16:40:40.657Z] Starting Data Connect Emulator with command {"binary":"C:\\Users\\DELL\\.cache\\firebase\\emulators\\dataconnect-emulator-2.3.1.exe","args":["--logtostderr","-v=2","dev","--listen=localhost:50001","--config_dir=c:\\Users\\DELL\\employee-manager\\dataconnect","--enable_output_schema_extensions=true","--enable_output_generated_sdk=true"],"optionalArgs":["listen","config_dir","enable_output_schema_extensions","enable_output_generated_sdk"],"joinArgs":true,"shell":false,"port":9399} {"metadata":{"emulator":{"name":"dataconnect"},"message":"Starting Data Connect Emulator with command {\"binary\":\"C:\\\\Users\\\\DELL\\\\.cache\\\\firebase\\\\emulators\\\\dataconnect-emulator-2.3.1.exe\",\"args\":[\"--logtostderr\",\"-v=2\",\"dev\",\"--listen=localhost:50001\",\"--config_dir=c:\\\\Users\\\\DELL\\\\employee-manager\\\\dataconnect\",\"--enable_output_schema_extensions=true\",\"--enable_output_generated_sdk=true\"],\"optionalArgs\":[\"listen\",\"config_dir\",\"enable_output_schema_extensions\",\"enable_output_generated_sdk\"],\"joinArgs\":true,\"shell\":false,\"port\":9399}"}}
[info] i  dataconnect: Data Connect Emulator logging to dataconnect-debug.log {"metadata":{"emulator":{"name":"dataconnect"},"message":"Data Connect Emulator logging to \u001b[1mdataconnect-debug.log\u001b[22m"}}
[debug] [2025-05-07T16:40:40.725Z] E0507 22:10:40.721455   20416 load.go:23] Could not load config from "c:\\Users\\DELL\\employee-manager\\dataconnect": could not find dataconnect.yaml in `c:\Users\DELL\employee-manager\dataconnect`
 {"metadata":{"emulator":{"name":"dataconnect"},"message":"E0507 22:10:40.721455   20416 load.go:23] Could not load config from \"c:\\\\Users\\\\DELL\\\\employee-manager\\\\dataconnect\": could not find dataconnect.yaml in `c:\\Users\\DELL\\employee-manager\\dataconnect`\n"}}
[debug] [2025-05-07T16:40:40.726Z] E0507 22:10:40.721455   20416 watch.go:76] watchAllDir unable to walk dir `c:\Users\DELL\employee-manager\dataconnect`: on path "c:\\Users\\DELL\\employee-manager\\dataconnect" (DirEntry: <nil>): CreateFile c:\Users\DELL\employee-manager\dataconnect: The system cannot find the file specified.
 {"metadata":{"emulator":{"name":"dataconnect"},"message":"E0507 22:10:40.721455   20416 watch.go:76] watchAllDir unable to walk dir `c:\\Users\\DELL\\employee-manager\\dataconnect`: on path \"c:\\\\Users\\\\DELL\\\\employee-manager\\\\dataconnect\" (DirEntry: <nil>): CreateFile c:\\Users\\DELL\\employee-manager\\dataconnect: The system cannot find the file specified.\n"}}
[debug] [2025-05-07T16:40:40.746Z] I0507 22:10:40.746182   20416 dev.go:95] Listening on address (HTTP + gRPC): 127.0.0.1:50001
 {"metadata":{"emulator":{"name":"dataconnect"},"message":"I0507 22:10:40.746182   20416 dev.go:95] Listening on address (HTTP + gRPC): 127.0.0.1:50001\n"}}
[error] [Firebase Plugin] error:  {}
[debug] [2025-05-07T16:40:50.723Z] E0507 22:10:50.722866   20416 load.go:23] Could not load config from "c:\\Users\\DELL\\employee-manager\\dataconnect": could not find dataconnect.yaml in `c:\Users\DELL\employee-manager\dataconnect`
 {"metadata":{"emulator":{"name":"dataconnect"},"message":"E0507 22:10:50.722866   20416 load.go:23] Could not load config from \"c:\\\\Users\\\\DELL\\\\employee-manager\\\\dataconnect\": could not find dataconnect.yaml in `c:\\Users\\DELL\\employee-manager\\dataconnect`\n"}}
[debug] [2025-05-07T16:41:00.731Z] E0507 22:11:00.731622   20416 load.go:23] Could not load config from "c:\\Users\\DELL\\employee-manager\\dataconnect": could not find dataconnect.yaml in `c:\Users\DELL\employee-manager\dataconnect`
 {"metadata":{"emulator":{"name":"dataconnect"},"message":"E0507 22:11:00.731622   20416 load.go:23] Could not load config from \"c:\\\\Users\\\\DELL\\\\employee-manager\\\\dataconnect\": could not find dataconnect.yaml in `c:\\Users\\DELL\\employee-manager\\dataconnect`\n"}}
[debug] [2025-05-07T16:41:10.726Z] E0507 22:11:10.726149   20416 load.go:23] Could not load config from "c:\\Users\\DELL\\employee-manager\\dataconnect": could not find dataconnect.yaml in `c:\Users\DELL\employee-manager\dataconnect`
 {"metadata":{"emulator":{"name":"dataconnect"},"message":"E0507 22:11:10.726149   20416 load.go:23] Could not load config from \"c:\\\\Users\\\\DELL\\\\employee-manager\\\\dataconnect\": could not find dataconnect.yaml in `c:\\Users\\DELL\\employee-manager\\dataconnect`\n"}}
[debug] [2025-05-07T16:41:20.735Z] E0507 22:11:20.736143   20416 load.go:23] Could not load config from "c:\\Users\\DELL\\employee-manager\\dataconnect": could not find dataconnect.yaml in `c:\Users\DELL\employee-manager\dataconnect`
 {"metadata":{"emulator":{"name":"dataconnect"},"message":"E0507 22:11:20.736143   20416 load.go:23] Could not load config from \"c:\\\\Users\\\\DELL\\\\employee-manager\\\\dataconnect\": could not find dataconnect.yaml in `c:\\Users\\DELL\\employee-manager\\dataconnect`\n"}}
[debug] [2025-05-07T16:41:30.724Z] E0507 22:11:30.724267   20416 load.go:23] Could not load config from "c:\\Users\\DELL\\employee-manager\\dataconnect": could not find dataconnect.yaml in `c:\Users\DELL\employee-manager\dataconnect`
 {"metadata":{"emulator":{"name":"dataconnect"},"message":"E0507 22:11:30.724267   20416 load.go:23] Could not load config from \"c:\\\\Users\\\\DELL\\\\employee-manager\\\\dataconnect\": could not find dataconnect.yaml in `c:\\Users\\DELL\\employee-manager\\dataconnect`\n"}}
[debug] [2025-05-07T16:41:40.732Z] E0507 22:11:40.732596   20416 load.go:23] Could not load config from "c:\\Users\\DELL\\employee-manager\\dataconnect": could not find dataconnect.yaml in `c:\Users\DELL\employee-manager\dataconnect`
 {"metadata":{"emulator":{"name":"dataconnect"},"message":"E0507 22:11:40.732596   20416 load.go:23] Could not load config from \"c:\\\\Users\\\\DELL\\\\employee-manager\\\\dataconnect\": could not find dataconnect.yaml in `c:\\Users\\DELL\\employee-manager\\dataconnect`\n"}}
[debug] [2025-05-07T16:41:50.728Z] E0507 22:11:50.728350   20416 load.go:23] Could not load config from "c:\\Users\\DELL\\employee-manager\\dataconnect": could not find dataconnect.yaml in `c:\Users\DELL\employee-manager\dataconnect`
 {"metadata":{"emulator":{"name":"dataconnect"},"message":"E0507 22:11:50.728350   20416 load.go:23] Could not load config from \"c:\\\\Users\\\\DELL\\\\employee-manager\\\\dataconnect\": could not find dataconnect.yaml in `c:\\Users\\DELL\\employee-manager\\dataconnect`\n"}}
[debug] [2025-05-07T16:42:00.723Z] E0507 22:12:00.723058   20416 load.go:23] Could not load config from "c:\\Users\\DELL\\employee-manager\\dataconnect": could not find dataconnect.yaml in `c:\Users\DELL\employee-manager\dataconnect`
 {"metadata":{"emulator":{"name":"dataconnect"},"message":"E0507 22:12:00.723058   20416 load.go:23] Could not load config from \"c:\\\\Users\\\\DELL\\\\employee-manager\\\\dataconnect\": could not find dataconnect.yaml in `c:\\Users\\DELL\\employee-manager\\dataconnect`\n"}}
[debug] [2025-05-07T16:42:10.729Z] E0507 22:12:10.729177   20416 load.go:23] Could not load config from "c:\\Users\\DELL\\employee-manager\\dataconnect": could not find dataconnect.yaml in `c:\Users\DELL\employee-manager\dataconnect`
 {"metadata":{"emulator":{"name":"dataconnect"},"message":"E0507 22:12:10.729177   20416 load.go:23] Could not load config from \"c:\\\\Users\\\\DELL\\\\employee-manager\\\\dataconnect\": could not find dataconnect.yaml in `c:\\Users\\DELL\\employee-manager\\dataconnect`\n"}}
[debug] [2025-05-07T16:42:20.729Z] E0507 22:12:20.729540   20416 load.go:23] Could not load config from "c:\\Users\\DELL\\employee-manager\\dataconnect": could not find dataconnect.yaml in `c:\Users\DELL\employee-manager\dataconnect`
 {"metadata":{"emulator":{"name":"dataconnect"},"message":"E0507 22:12:20.729540   20416 load.go:23] Could not load config from \"c:\\\\Users\\\\DELL\\\\employee-manager\\\\dataconnect\": could not find dataconnect.yaml in `c:\\Users\\DELL\\employee-manager\\dataconnect`\n"}}
[debug] [2025-05-07T16:42:30.727Z] E0507 22:12:30.727092   20416 load.go:23] Could not load config from "c:\\Users\\DELL\\employee-manager\\dataconnect": could not find dataconnect.yaml in `c:\Users\DELL\employee-manager\dataconnect`
 {"metadata":{"emulator":{"name":"dataconnect"},"message":"E0507 22:12:30.727092   20416 load.go:23] Could not load config from \"c:\\\\Users\\\\DELL\\\\employee-manager\\\\dataconnect\": could not find dataconnect.yaml in `c:\\Users\\DELL\\employee-manager\\dataconnect`\n"}}
[debug] [2025-05-07T16:42:40.726Z] E0507 22:12:40.726427   20416 load.go:23] Could not load config from "c:\\Users\\DELL\\employee-manager\\dataconnect": could not find dataconnect.yaml in `c:\Users\DELL\employee-manager\dataconnect`
 {"metadata":{"emulator":{"name":"dataconnect"},"message":"E0507 22:12:40.726427   20416 load.go:23] Could not load config from \"c:\\\\Users\\\\DELL\\\\employee-manager\\\\dataconnect\": could not find dataconnect.yaml in `c:\\Users\\DELL\\employee-manager\\dataconnect`\n"}}
[debug] [2025-05-07T16:42:40.728Z] E0507 22:12:40.726427   20416 watch.go:76] watchAllDir unable to walk dir `c:\Users\DELL\employee-manager\dataconnect`: on path "c:\\Users\\DELL\\employee-manager\\dataconnect" (DirEntry: <nil>): CreateFile c:\Users\DELL\employee-manager\dataconnect: The system cannot find the file specified.
 {"metadata":{"emulator":{"name":"dataconnect"},"message":"E0507 22:12:40.726427   20416 watch.go:76] watchAllDir unable to walk dir `c:\\Users\\DELL\\employee-manager\\dataconnect`: on path \"c:\\\\Users\\\\DELL\\\\employee-manager\\\\dataconnect\" (DirEntry: <nil>): CreateFile c:\\Users\\DELL\\employee-manager\\dataconnect: The system cannot find the file specified.\n"}}
[debug] [2025-05-07T16:42:50.732Z] E0507 22:12:50.732398   20416 load.go:23] Could not load config from "c:\\Users\\DELL\\employee-manager\\dataconnect": could not find dataconnect.yaml in `c:\Users\DELL\employee-manager\dataconnect`
 {"metadata":{"emulator":{"name":"dataconnect"},"message":"E0507 22:12:50.732398   20416 load.go:23] Could not load config from \"c:\\\\Users\\\\DELL\\\\employee-manager\\\\dataconnect\": could not find dataconnect.yaml in `c:\\Users\\DELL\\employee-manager\\dataconnect`\n"}}
[debug] [2025-05-07T16:43:00.729Z] E0507 22:13:00.728732   20416 load.go:23] Could not load config from "c:\\Users\\DELL\\employee-manager\\dataconnect": could not find dataconnect.yaml in `c:\Users\DELL\employee-manager\dataconnect`
 {"metadata":{"emulator":{"name":"dataconnect"},"message":"E0507 22:13:00.728732   20416 load.go:23] Could not load config from \"c:\\\\Users\\\\DELL\\\\employee-manager\\\\dataconnect\": could not find dataconnect.yaml in `c:\\Users\\DELL\\employee-manager\\dataconnect`\n"}}
[debug] [2025-05-07T16:43:10.732Z] E0507 22:13:10.731797   20416 load.go:23] Could not load config from "c:\\Users\\DELL\\employee-manager\\dataconnect": could not find dataconnect.yaml in `c:\Users\DELL\employee-manager\dataconnect`
 {"metadata":{"emulator":{"name":"dataconnect"},"message":"E0507 22:13:10.731797   20416 load.go:23] Could not load config from \"c:\\\\Users\\\\DELL\\\\employee-manager\\\\dataconnect\": could not find dataconnect.yaml in `c:\\Users\\DELL\\employee-manager\\dataconnect`\n"}}
[debug] [2025-05-07T16:43:20.731Z] E0507 22:13:20.731156   20416 load.go:23] Could not load config from "c:\\Users\\DELL\\employee-manager\\dataconnect": could not find dataconnect.yaml in `c:\Users\DELL\employee-manager\dataconnect`
 {"metadata":{"emulator":{"name":"dataconnect"},"message":"E0507 22:13:20.731156   20416 load.go:23] Could not load config from \"c:\\\\Users\\\\DELL\\\\employee-manager\\\\dataconnect\": could not find dataconnect.yaml in `c:\\Users\\DELL\\employee-manager\\dataconnect`\n"}}
[debug] [2025-05-07T16:43:30.724Z] E0507 22:13:30.724658   20416 load.go:23] Could not load config from "c:\\Users\\DELL\\employee-manager\\dataconnect": could not find dataconnect.yaml in `c:\Users\DELL\employee-manager\dataconnect`
 {"metadata":{"emulator":{"name":"dataconnect"},"message":"E0507 22:13:30.724658   20416 load.go:23] Could not load config from \"c:\\\\Users\\\\DELL\\\\employee-manager\\\\dataconnect\": could not find dataconnect.yaml in `c:\\Users\\DELL\\employee-manager\\dataconnect`\n"}}
[debug] [2025-05-07T16:43:40.726Z] E0507 22:13:40.725938   20416 load.go:23] Could not load config from "c:\\Users\\DELL\\employee-manager\\dataconnect": could not find dataconnect.yaml in `c:\Users\DELL\employee-manager\dataconnect`
 {"metadata":{"emulator":{"name":"dataconnect"},"message":"E0507 22:13:40.725938   20416 load.go:23] Could not load config from \"c:\\\\Users\\\\DELL\\\\employee-manager\\\\dataconnect\": could not find dataconnect.yaml in `c:\\Users\\DELL\\employee-manager\\dataconnect`\n"}}
[debug] [2025-05-07T16:43:50.736Z] E0507 22:13:50.736585   20416 load.go:23] Could not load config from "c:\\Users\\DELL\\employee-manager\\dataconnect": could not find dataconnect.yaml in `c:\Users\DELL\employee-manager\dataconnect`
 {"metadata":{"emulator":{"name":"dataconnect"},"message":"E0507 22:13:50.736585   20416 load.go:23] Could not load config from \"c:\\\\Users\\\\DELL\\\\employee-manager\\\\dataconnect\": could not find dataconnect.yaml in `c:\\Users\\DELL\\employee-manager\\dataconnect`\n"}}
[debug] [2025-05-07T16:44:00.736Z] E0507 22:14:00.736290   20416 load.go:23] Could not load config from "c:\\Users\\DELL\\employee-manager\\dataconnect": could not find dataconnect.yaml in `c:\Users\DELL\employee-manager\dataconnect`
 {"metadata":{"emulator":{"name":"dataconnect"},"message":"E0507 22:14:00.736290   20416 load.go:23] Could not load config from \"c:\\\\Users\\\\DELL\\\\employee-manager\\\\dataconnect\": could not find dataconnect.yaml in `c:\\Users\\DELL\\employee-manager\\dataconnect`\n"}}
[debug] [2025-05-07T16:44:10.723Z] E0507 22:14:10.723655   20416 load.go:23] Could not load config from "c:\\Users\\DELL\\employee-manager\\dataconnect": could not find dataconnect.yaml in `c:\Users\DELL\employee-manager\dataconnect`
 {"metadata":{"emulator":{"name":"dataconnect"},"message":"E0507 22:14:10.723655   20416 load.go:23] Could not load config from \"c:\\\\Users\\\\DELL\\\\employee-manager\\\\dataconnect\": could not find dataconnect.yaml in `c:\\Users\\DELL\\employee-manager\\dataconnect`\n"}}
[debug] [2025-05-07T16:44:20.737Z] E0507 22:14:20.737370   20416 load.go:23] Could not load config from "c:\\Users\\DELL\\employee-manager\\dataconnect": could not find dataconnect.yaml in `c:\Users\DELL\employee-manager\dataconnect`
 {"metadata":{"emulator":{"name":"dataconnect"},"message":"E0507 22:14:20.737370   20416 load.go:23] Could not load config from \"c:\\\\Users\\\\DELL\\\\employee-manager\\\\dataconnect\": could not find dataconnect.yaml in `c:\\Users\\DELL\\employee-manager\\dataconnect`\n"}}
[debug] [2025-05-07T16:44:30.735Z] E0507 22:14:30.735145   20416 load.go:23] Could not load config from "c:\\Users\\DELL\\employee-manager\\dataconnect": could not find dataconnect.yaml in `c:\Users\DELL\employee-manager\dataconnect`
 {"metadata":{"emulator":{"name":"dataconnect"},"message":"E0507 22:14:30.735145   20416 load.go:23] Could not load config from \"c:\\\\Users\\\\DELL\\\\employee-manager\\\\dataconnect\": could not find dataconnect.yaml in `c:\\Users\\DELL\\employee-manager\\dataconnect`\n"}}
[debug] [2025-05-07T16:44:40.731Z] E0507 22:14:40.731349   20416 load.go:23] Could not load config from "c:\\Users\\DELL\\employee-manager\\dataconnect": could not find dataconnect.yaml in `c:\Users\DELL\employee-manager\dataconnect`
 {"metadata":{"emulator":{"name":"dataconnect"},"message":"E0507 22:14:40.731349   20416 load.go:23] Could not load config from \"c:\\\\Users\\\\DELL\\\\employee-manager\\\\dataconnect\": could not find dataconnect.yaml in `c:\\Users\\DELL\\employee-manager\\dataconnect`\n"}}
[debug] [2025-05-07T16:44:40.732Z] E0507 22:14:40.731349   20416 watch.go:76] watchAllDir unable to walk dir `c:\Users\DELL\employee-manager\dataconnect`: on path "c:\\Users\\DELL\\employee-manager\\dataconnect" (DirEntry: <nil>): CreateFile c:\Users\DELL\employee-manager\dataconnect: The system cannot find the file specified.
 {"metadata":{"emulator":{"name":"dataconnect"},"message":"E0507 22:14:40.731349   20416 watch.go:76] watchAllDir unable to walk dir `c:\\Users\\DELL\\employee-manager\\dataconnect`: on path \"c:\\\\Users\\\\DELL\\\\employee-manager\\\\dataconnect\" (DirEntry: <nil>): CreateFile c:\\Users\\DELL\\employee-manager\\dataconnect: The system cannot find the file specified.\n"}}
[debug] [2025-05-07T16:44:50.725Z] E0507 22:14:50.725158   20416 load.go:23] Could not load config from "c:\\Users\\DELL\\employee-manager\\dataconnect": could not find dataconnect.yaml in `c:\Users\DELL\employee-manager\dataconnect`
 {"metadata":{"emulator":{"name":"dataconnect"},"message":"E0507 22:14:50.725158   20416 load.go:23] Could not load config from \"c:\\\\Users\\\\DELL\\\\employee-manager\\\\dataconnect\": could not find dataconnect.yaml in `c:\\Users\\DELL\\employee-manager\\dataconnect`\n"}}
[debug] [2025-05-07T16:45:00.727Z] E0507 22:15:00.726663   20416 load.go:23] Could not load config from "c:\\Users\\DELL\\employee-manager\\dataconnect": could not find dataconnect.yaml in `c:\Users\DELL\employee-manager\dataconnect`
 {"metadata":{"emulator":{"name":"dataconnect"},"message":"E0507 22:15:00.726663   20416 load.go:23] Could not load config from \"c:\\\\Users\\\\DELL\\\\employee-manager\\\\dataconnect\": could not find dataconnect.yaml in `c:\\Users\\DELL\\employee-manager\\dataconnect`\n"}}
[debug] [2025-05-07T16:45:10.733Z] E0507 22:15:10.732971   20416 load.go:23] Could not load config from "c:\\Users\\DELL\\employee-manager\\dataconnect": could not find dataconnect.yaml in `c:\Users\DELL\employee-manager\dataconnect`
 {"metadata":{"emulator":{"name":"dataconnect"},"message":"E0507 22:15:10.732971   20416 load.go:23] Could not load config from \"c:\\\\Users\\\\DELL\\\\employee-manager\\\\dataconnect\": could not find dataconnect.yaml in `c:\\Users\\DELL\\employee-manager\\dataconnect`\n"}}
[debug] [2025-05-07T16:45:20.733Z] E0507 22:15:20.733165   20416 load.go:23] Could not load config from "c:\\Users\\DELL\\employee-manager\\dataconnect": could not find dataconnect.yaml in `c:\Users\DELL\employee-manager\dataconnect`
 {"metadata":{"emulator":{"name":"dataconnect"},"message":"E0507 22:15:20.733165   20416 load.go:23] Could not load config from \"c:\\\\Users\\\\DELL\\\\employee-manager\\\\dataconnect\": could not find dataconnect.yaml in `c:\\Users\\DELL\\employee-manager\\dataconnect`\n"}}
[debug] [2025-05-07T16:45:30.734Z] E0507 22:15:30.733799   20416 load.go:23] Could not load config from "c:\\Users\\DELL\\employee-manager\\dataconnect": could not find dataconnect.yaml in `c:\Users\DELL\employee-manager\dataconnect`
 {"metadata":{"emulator":{"name":"dataconnect"},"message":"E0507 22:15:30.733799   20416 load.go:23] Could not load config from \"c:\\\\Users\\\\DELL\\\\employee-manager\\\\dataconnect\": could not find dataconnect.yaml in `c:\\Users\\DELL\\employee-manager\\dataconnect`\n"}}
[debug] [2025-05-07T16:45:40.734Z] E0507 22:15:40.733748   20416 load.go:23] Could not load config from "c:\\Users\\DELL\\employee-manager\\dataconnect": could not find dataconnect.yaml in `c:\Users\DELL\employee-manager\dataconnect`
 {"metadata":{"emulator":{"name":"dataconnect"},"message":"E0507 22:15:40.733748   20416 load.go:23] Could not load config from \"c:\\\\Users\\\\DELL\\\\employee-manager\\\\dataconnect\": could not find dataconnect.yaml in `c:\\Users\\DELL\\employee-manager\\dataconnect`\n"}}
[debug] [2025-05-07T16:45:50.736Z] E0507 22:15:50.735077   20416 load.go:23] Could not load config from "c:\\Users\\DELL\\employee-manager\\dataconnect": could not find dataconnect.yaml in `c:\Users\DELL\employee-manager\dataconnect`
 {"metadata":{"emulator":{"name":"dataconnect"},"message":"E0507 22:15:50.735077   20416 load.go:23] Could not load config from \"c:\\\\Users\\\\DELL\\\\employee-manager\\\\dataconnect\": could not find dataconnect.yaml in `c:\\Users\\DELL\\employee-manager\\dataconnect`\n"}}
[debug] [2025-05-07T16:46:00.738Z] E0507 22:16:00.737973   20416 load.go:23] Could not load config from "c:\\Users\\DELL\\employee-manager\\dataconnect": could not find dataconnect.yaml in `c:\Users\DELL\employee-manager\dataconnect`
 {"metadata":{"emulator":{"name":"dataconnect"},"message":"E0507 22:16:00.737973   20416 load.go:23] Could not load config from \"c:\\\\Users\\\\DELL\\\\employee-manager\\\\dataconnect\": could not find dataconnect.yaml in `c:\\Users\\DELL\\employee-manager\\dataconnect`\n"}}
[debug] [2025-05-07T16:46:10.736Z] E0507 22:16:10.735597   20416 load.go:23] Could not load config from "c:\\Users\\DELL\\employee-manager\\dataconnect": could not find dataconnect.yaml in `c:\Users\DELL\employee-manager\dataconnect`
 {"metadata":{"emulator":{"name":"dataconnect"},"message":"E0507 22:16:10.735597   20416 load.go:23] Could not load config from \"c:\\\\Users\\\\DELL\\\\employee-manager\\\\dataconnect\": could not find dataconnect.yaml in `c:\\Users\\DELL\\employee-manager\\dataconnect`\n"}}
[debug] [2025-05-07T16:46:20.724Z] E0507 22:16:20.724140   20416 load.go:23] Could not load config from "c:\\Users\\DELL\\employee-manager\\dataconnect": could not find dataconnect.yaml in `c:\Users\DELL\employee-manager\dataconnect`
 {"metadata":{"emulator":{"name":"dataconnect"},"message":"E0507 22:16:20.724140   20416 load.go:23] Could not load config from \"c:\\\\Users\\\\DELL\\\\employee-manager\\\\dataconnect\": could not find dataconnect.yaml in `c:\\Users\\DELL\\employee-manager\\dataconnect`\n"}}
[debug] [2025-05-07T16:46:30.736Z] E0507 22:16:30.736299   20416 load.go:23] Could not load config from "c:\\Users\\DELL\\employee-manager\\dataconnect": could not find dataconnect.yaml in `c:\Users\DELL\employee-manager\dataconnect`
 {"metadata":{"emulator":{"name":"dataconnect"},"message":"E0507 22:16:30.736299   20416 load.go:23] Could not load config from \"c:\\\\Users\\\\DELL\\\\employee-manager\\\\dataconnect\": could not find dataconnect.yaml in `c:\\Users\\DELL\\employee-manager\\dataconnect`\n"}}
[debug] [2025-05-07T16:46:40.730Z] E0507 22:16:40.729610   20416 load.go:23] Could not load config from "c:\\Users\\DELL\\employee-manager\\dataconnect": could not find dataconnect.yaml in `c:\Users\DELL\employee-manager\dataconnect`
E0507 22:16:40.729610   20416 watch.go:76] watchAllDir unable to walk dir `c:\Users\DELL\employee-manager\dataconnect`: on path "c:\\Users\\DELL\\employee-manager\\dataconnect" (DirEntry: <nil>): CreateFile c:\Users\DELL\employee-manager\dataconnect: The system cannot find the file specified.
 {"metadata":{"emulator":{"name":"dataconnect"},"message":"E0507 22:16:40.729610   20416 load.go:23] Could not load config from \"c:\\\\Users\\\\DELL\\\\employee-manager\\\\dataconnect\": could not find dataconnect.yaml in `c:\\Users\\DELL\\employee-manager\\dataconnect`\nE0507 22:16:40.729610   20416 watch.go:76] watchAllDir unable to walk dir `c:\\Users\\DELL\\employee-manager\\dataconnect`: on path \"c:\\\\Users\\\\DELL\\\\employee-manager\\\\dataconnect\" (DirEntry: <nil>): CreateFile c:\\Users\\DELL\\employee-manager\\dataconnect: The system cannot find the file specified.\n"}}
[debug] [2025-05-07T16:46:50.725Z] E0507 22:16:50.724968   20416 load.go:23] Could not load config from "c:\\Users\\DELL\\employee-manager\\dataconnect": could not find dataconnect.yaml in `c:\Users\DELL\employee-manager\dataconnect`
 {"metadata":{"emulator":{"name":"dataconnect"},"message":"E0507 22:16:50.724968   20416 load.go:23] Could not load config from \"c:\\\\Users\\\\DELL\\\\employee-manager\\\\dataconnect\": could not find dataconnect.yaml in `c:\\Users\\DELL\\employee-manager\\dataconnect`\n"}}
[debug] [2025-05-07T16:47:00.728Z] E0507 22:17:00.727565   20416 load.go:23] Could not load config from "c:\\Users\\DELL\\employee-manager\\dataconnect": could not find dataconnect.yaml in `c:\Users\DELL\employee-manager\dataconnect`
 {"metadata":{"emulator":{"name":"dataconnect"},"message":"E0507 22:17:00.727565   20416 load.go:23] Could not load config from \"c:\\\\Users\\\\DELL\\\\employee-manager\\\\dataconnect\": could not find dataconnect.yaml in `c:\\Users\\DELL\\employee-manager\\dataconnect`\n"}}
[debug] [2025-05-07T16:47:10.726Z] E0507 22:17:10.726307   20416 load.go:23] Could not load config from "c:\\Users\\DELL\\employee-manager\\dataconnect": could not find dataconnect.yaml in `c:\Users\DELL\employee-manager\dataconnect`
 {"metadata":{"emulator":{"name":"dataconnect"},"message":"E0507 22:17:10.726307   20416 load.go:23] Could not load config from \"c:\\\\Users\\\\DELL\\\\employee-manager\\\\dataconnect\": could not find dataconnect.yaml in `c:\\Users\\DELL\\employee-manager\\dataconnect`\n"}}
[debug] [2025-05-07T16:47:20.737Z] E0507 22:17:20.737171   20416 load.go:23] Could not load config from "c:\\Users\\DELL\\employee-manager\\dataconnect": could not find dataconnect.yaml in `c:\Users\DELL\employee-manager\dataconnect`
 {"metadata":{"emulator":{"name":"dataconnect"},"message":"E0507 22:17:20.737171   20416 load.go:23] Could not load config from \"c:\\\\Users\\\\DELL\\\\employee-manager\\\\dataconnect\": could not find dataconnect.yaml in `c:\\Users\\DELL\\employee-manager\\dataconnect`\n"}}
[debug] [2025-05-07T16:47:30.731Z] E0507 22:17:30.731368   20416 load.go:23] Could not load config from "c:\\Users\\DELL\\employee-manager\\dataconnect": could not find dataconnect.yaml in `c:\Users\DELL\employee-manager\dataconnect`
 {"metadata":{"emulator":{"name":"dataconnect"},"message":"E0507 22:17:30.731368   20416 load.go:23] Could not load config from \"c:\\\\Users\\\\DELL\\\\employee-manager\\\\dataconnect\": could not find dataconnect.yaml in `c:\\Users\\DELL\\employee-manager\\dataconnect`\n"}}
[debug] [2025-05-07T16:47:40.726Z] E0507 22:17:40.725925   20416 load.go:23] Could not load config from "c:\\Users\\DELL\\employee-manager\\dataconnect": could not find dataconnect.yaml in `c:\Users\DELL\employee-manager\dataconnect`
 {"metadata":{"emulator":{"name":"dataconnect"},"message":"E0507 22:17:40.725925   20416 load.go:23] Could not load config from \"c:\\\\Users\\\\DELL\\\\employee-manager\\\\dataconnect\": could not find dataconnect.yaml in `c:\\Users\\DELL\\employee-manager\\dataconnect`\n"}}
[debug] [2025-05-07T16:47:50.726Z] E0507 22:17:50.726691   20416 load.go:23] Could not load config from "c:\\Users\\DELL\\employee-manager\\dataconnect": could not find dataconnect.yaml in `c:\Users\DELL\employee-manager\dataconnect`
 {"metadata":{"emulator":{"name":"dataconnect"},"message":"E0507 22:17:50.726691   20416 load.go:23] Could not load config from \"c:\\\\Users\\\\DELL\\\\employee-manager\\\\dataconnect\": could not find dataconnect.yaml in `c:\\Users\\DELL\\employee-manager\\dataconnect`\n"}}
[debug] [2025-05-07T16:48:00.725Z] E0507 22:18:00.725065   20416 load.go:23] Could not load config from "c:\\Users\\DELL\\employee-manager\\dataconnect": could not find dataconnect.yaml in `c:\Users\DELL\employee-manager\dataconnect`
 {"metadata":{"emulator":{"name":"dataconnect"},"message":"E0507 22:18:00.725065   20416 load.go:23] Could not load config from \"c:\\\\Users\\\\DELL\\\\employee-manager\\\\dataconnect\": could not find dataconnect.yaml in `c:\\Users\\DELL\\employee-manager\\dataconnect`\n"}}
[debug] [2025-05-07T16:48:10.724Z] E0507 22:18:10.724780   20416 load.go:23] Could not load config from "c:\\Users\\DELL\\employee-manager\\dataconnect": could not find dataconnect.yaml in `c:\Users\DELL\employee-manager\dataconnect`
 {"metadata":{"emulator":{"name":"dataconnect"},"message":"E0507 22:18:10.724780   20416 load.go:23] Could not load config from \"c:\\\\Users\\\\DELL\\\\employee-manager\\\\dataconnect\": could not find dataconnect.yaml in `c:\\Users\\DELL\\employee-manager\\dataconnect`\n"}}
[debug] [2025-05-07T16:48:20.722Z] E0507 22:18:20.722958   20416 load.go:23] Could not load config from "c:\\Users\\DELL\\employee-manager\\dataconnect": could not find dataconnect.yaml in `c:\Users\DELL\employee-manager\dataconnect`
 {"metadata":{"emulator":{"name":"dataconnect"},"message":"E0507 22:18:20.722958   20416 load.go:23] Could not load config from \"c:\\\\Users\\\\DELL\\\\employee-manager\\\\dataconnect\": could not find dataconnect.yaml in `c:\\Users\\DELL\\employee-manager\\dataconnect`\n"}}
[debug] [2025-05-07T16:48:30.731Z] E0507 22:18:30.730796   20416 load.go:23] Could not load config from "c:\\Users\\DELL\\employee-manager\\dataconnect": could not find dataconnect.yaml in `c:\Users\DELL\employee-manager\dataconnect`
 {"metadata":{"emulator":{"name":"dataconnect"},"message":"E0507 22:18:30.730796   20416 load.go:23] Could not load config from \"c:\\\\Users\\\\DELL\\\\employee-manager\\\\dataconnect\": could not find dataconnect.yaml in `c:\\Users\\DELL\\employee-manager\\dataconnect`\n"}}
[debug] [2025-05-07T16:48:40.731Z] E0507 22:18:40.731046   20416 load.go:23] Could not load config from "c:\\Users\\DELL\\employee-manager\\dataconnect": could not find dataconnect.yaml in `c:\Users\DELL\employee-manager\dataconnect`
 {"metadata":{"emulator":{"name":"dataconnect"},"message":"E0507 22:18:40.731046   20416 load.go:23] Could not load config from \"c:\\\\Users\\\\DELL\\\\employee-manager\\\\dataconnect\": could not find dataconnect.yaml in `c:\\Users\\DELL\\employee-manager\\dataconnect`\n"}}
[debug] [2025-05-07T16:48:40.732Z] E0507 22:18:40.731669   20416 watch.go:76] watchAllDir unable to walk dir `c:\Users\DELL\employee-manager\dataconnect`: on path "c:\\Users\\DELL\\employee-manager\\dataconnect" (DirEntry: <nil>): CreateFile c:\Users\DELL\employee-manager\dataconnect: The system cannot find the file specified.
 {"metadata":{"emulator":{"name":"dataconnect"},"message":"E0507 22:18:40.731669   20416 watch.go:76] watchAllDir unable to walk dir `c:\\Users\\DELL\\employee-manager\\dataconnect`: on path \"c:\\\\Users\\\\DELL\\\\employee-manager\\\\dataconnect\" (DirEntry: <nil>): CreateFile c:\\Users\\DELL\\employee-manager\\dataconnect: The system cannot find the file specified.\n"}}
[debug] [2025-05-07T16:48:50.722Z] E0507 22:18:50.722259   20416 load.go:23] Could not load config from "c:\\Users\\DELL\\employee-manager\\dataconnect": could not find dataconnect.yaml in `c:\Users\DELL\employee-manager\dataconnect`
 {"metadata":{"emulator":{"name":"dataconnect"},"message":"E0507 22:18:50.722259   20416 load.go:23] Could not load config from \"c:\\\\Users\\\\DELL\\\\employee-manager\\\\dataconnect\": could not find dataconnect.yaml in `c:\\Users\\DELL\\employee-manager\\dataconnect`\n"}}
[debug] [2025-05-07T16:49:00.725Z] E0507 22:19:00.724683   20416 load.go:23] Could not load config from "c:\\Users\\DELL\\employee-manager\\dataconnect": could not find dataconnect.yaml in `c:\Users\DELL\employee-manager\dataconnect`
 {"metadata":{"emulator":{"name":"dataconnect"},"message":"E0507 22:19:00.724683   20416 load.go:23] Could not load config from \"c:\\\\Users\\\\DELL\\\\employee-manager\\\\dataconnect\": could not find dataconnect.yaml in `c:\\Users\\DELL\\employee-manager\\dataconnect`\n"}}
[debug] [2025-05-07T16:49:10.722Z] E0507 22:19:10.722356   20416 load.go:23] Could not load config from "c:\\Users\\DELL\\employee-manager\\dataconnect": could not find dataconnect.yaml in `c:\Users\DELL\employee-manager\dataconnect`
 {"metadata":{"emulator":{"name":"dataconnect"},"message":"E0507 22:19:10.722356   20416 load.go:23] Could not load config from \"c:\\\\Users\\\\DELL\\\\employee-manager\\\\dataconnect\": could not find dataconnect.yaml in `c:\\Users\\DELL\\employee-manager\\dataconnect`\n"}}
[debug] [2025-05-07T16:49:20.732Z] E0507 22:19:20.732318   20416 load.go:23] Could not load config from "c:\\Users\\DELL\\employee-manager\\dataconnect": could not find dataconnect.yaml in `c:\Users\DELL\employee-manager\dataconnect`
 {"metadata":{"emulator":{"name":"dataconnect"},"message":"E0507 22:19:20.732318   20416 load.go:23] Could not load config from \"c:\\\\Users\\\\DELL\\\\employee-manager\\\\dataconnect\": could not find dataconnect.yaml in `c:\\Users\\DELL\\employee-manager\\dataconnect`\n"}}
[debug] [2025-05-07T16:49:30.738Z] E0507 22:19:30.738122   20416 load.go:23] Could not load config from "c:\\Users\\DELL\\employee-manager\\dataconnect": could not find dataconnect.yaml in `c:\Users\DELL\employee-manager\dataconnect`
 {"metadata":{"emulator":{"name":"dataconnect"},"message":"E0507 22:19:30.738122   20416 load.go:23] Could not load config from \"c:\\\\Users\\\\DELL\\\\employee-manager\\\\dataconnect\": could not find dataconnect.yaml in `c:\\Users\\DELL\\employee-manager\\dataconnect`\n"}}
[debug] [2025-05-07T16:49:40.735Z] E0507 22:19:40.735641   20416 load.go:23] Could not load config from "c:\\Users\\DELL\\employee-manager\\dataconnect": could not find dataconnect.yaml in `c:\Users\DELL\employee-manager\dataconnect`
 {"metadata":{"emulator":{"name":"dataconnect"},"message":"E0507 22:19:40.735641   20416 load.go:23] Could not load config from \"c:\\\\Users\\\\DELL\\\\employee-manager\\\\dataconnect\": could not find dataconnect.yaml in `c:\\Users\\DELL\\employee-manager\\dataconnect`\n"}}
[debug] [2025-05-07T16:49:50.724Z] E0507 22:19:50.724500   20416 load.go:23] Could not load config from "c:\\Users\\DELL\\employee-manager\\dataconnect": could not find dataconnect.yaml in `c:\Users\DELL\employee-manager\dataconnect`
 {"metadata":{"emulator":{"name":"dataconnect"},"message":"E0507 22:19:50.724500   20416 load.go:23] Could not load config from \"c:\\\\Users\\\\DELL\\\\employee-manager\\\\dataconnect\": could not find dataconnect.yaml in `c:\\Users\\DELL\\employee-manager\\dataconnect`\n"}}
[debug] [2025-05-07T16:50:00.729Z] E0507 22:20:00.729479   20416 load.go:23] Could not load config from "c:\\Users\\DELL\\employee-manager\\dataconnect": could not find dataconnect.yaml in `c:\Users\DELL\employee-manager\dataconnect`
 {"metadata":{"emulator":{"name":"dataconnect"},"message":"E0507 22:20:00.729479   20416 load.go:23] Could not load config from \"c:\\\\Users\\\\DELL\\\\employee-manager\\\\dataconnect\": could not find dataconnect.yaml in `c:\\Users\\DELL\\employee-manager\\dataconnect`\n"}}
[debug] [2025-05-07T16:50:10.730Z] E0507 22:20:10.730063   20416 load.go:23] Could not load config from "c:\\Users\\DELL\\employee-manager\\dataconnect": could not find dataconnect.yaml in `c:\Users\DELL\employee-manager\dataconnect`
 {"metadata":{"emulator":{"name":"dataconnect"},"message":"E0507 22:20:10.730063   20416 load.go:23] Could not load config from \"c:\\\\Users\\\\DELL\\\\employee-manager\\\\dataconnect\": could not find dataconnect.yaml in `c:\\Users\\DELL\\employee-manager\\dataconnect`\n"}}
[debug] [2025-05-07T16:50:20.732Z] E0507 22:20:20.731777   20416 load.go:23] Could not load config from "c:\\Users\\DELL\\employee-manager\\dataconnect": could not find dataconnect.yaml in `c:\Users\DELL\employee-manager\dataconnect`
 {"metadata":{"emulator":{"name":"dataconnect"},"message":"E0507 22:20:20.731777   20416 load.go:23] Could not load config from \"c:\\\\Users\\\\DELL\\\\employee-manager\\\\dataconnect\": could not find dataconnect.yaml in `c:\\Users\\DELL\\employee-manager\\dataconnect`\n"}}
[debug] [2025-05-07T16:50:30.726Z] E0507 22:20:30.728471   20416 load.go:23] Could not load config from "c:\\Users\\DELL\\employee-manager\\dataconnect": could not find dataconnect.yaml in `c:\Users\DELL\employee-manager\dataconnect`
 {"metadata":{"emulator":{"name":"dataconnect"},"message":"E0507 22:20:30.728471   20416 load.go:23] Could not load config from \"c:\\\\Users\\\\DELL\\\\employee-manager\\\\dataconnect\": could not find dataconnect.yaml in `c:\\Users\\DELL\\employee-manager\\dataconnect`\n"}}
[debug] [2025-05-07T16:50:40.729Z] E0507 22:20:40.731700   20416 load.go:23] Could not load config from "c:\\Users\\DELL\\employee-manager\\dataconnect": could not find dataconnect.yaml in `c:\Users\DELL\employee-manager\dataconnect`
 {"metadata":{"emulator":{"name":"dataconnect"},"message":"E0507 22:20:40.731700   20416 load.go:23] Could not load config from \"c:\\\\Users\\\\DELL\\\\employee-manager\\\\dataconnect\": could not find dataconnect.yaml in `c:\\Users\\DELL\\employee-manager\\dataconnect`\n"}}
[debug] [2025-05-07T16:50:40.731Z] E0507 22:20:40.731700   20416 watch.go:76] watchAllDir unable to walk dir `c:\Users\DELL\employee-manager\dataconnect`: on path "c:\\Users\\DELL\\employee-manager\\dataconnect" (DirEntry: <nil>): CreateFile c:\Users\DELL\employee-manager\dataconnect: The system cannot find the file specified.
 {"metadata":{"emulator":{"name":"dataconnect"},"message":"E0507 22:20:40.731700   20416 watch.go:76] watchAllDir unable to walk dir `c:\\Users\\DELL\\employee-manager\\dataconnect`: on path \"c:\\\\Users\\\\DELL\\\\employee-manager\\\\dataconnect\" (DirEntry: <nil>): CreateFile c:\\Users\\DELL\\employee-manager\\dataconnect: The system cannot find the file specified.\n"}}
[debug] [2025-05-07T16:50:50.736Z] E0507 22:20:50.738363   20416 load.go:23] Could not load config from "c:\\Users\\DELL\\employee-manager\\dataconnect": could not find dataconnect.yaml in `c:\Users\DELL\employee-manager\dataconnect`
 {"metadata":{"emulator":{"name":"dataconnect"},"message":"E0507 22:20:50.738363   20416 load.go:23] Could not load config from \"c:\\\\Users\\\\DELL\\\\employee-manager\\\\dataconnect\": could not find dataconnect.yaml in `c:\\Users\\DELL\\employee-manager\\dataconnect`\n"}}
[debug] [2025-05-07T16:51:00.736Z] E0507 22:21:00.738122   20416 load.go:23] Could not load config from "c:\\Users\\DELL\\employee-manager\\dataconnect": could not find dataconnect.yaml in `c:\Users\DELL\employee-manager\dataconnect`
 {"metadata":{"emulator":{"name":"dataconnect"},"message":"E0507 22:21:00.738122   20416 load.go:23] Could not load config from \"c:\\\\Users\\\\DELL\\\\employee-manager\\\\dataconnect\": could not find dataconnect.yaml in `c:\\Users\\DELL\\employee-manager\\dataconnect`\n"}}
[debug] [2025-05-07T16:51:10.729Z] E0507 22:21:10.731105   20416 load.go:23] Could not load config from "c:\\Users\\DELL\\employee-manager\\dataconnect": could not find dataconnect.yaml in `c:\Users\DELL\employee-manager\dataconnect`
 {"metadata":{"emulator":{"name":"dataconnect"},"message":"E0507 22:21:10.731105   20416 load.go:23] Could not load config from \"c:\\\\Users\\\\DELL\\\\employee-manager\\\\dataconnect\": could not find dataconnect.yaml in `c:\\Users\\DELL\\employee-manager\\dataconnect`\n"}}
[debug] [2025-05-07T16:51:20.728Z] E0507 22:21:20.729832   20416 load.go:23] Could not load config from "c:\\Users\\DELL\\employee-manager\\dataconnect": could not find dataconnect.yaml in `c:\Users\DELL\employee-manager\dataconnect`
 {"metadata":{"emulator":{"name":"dataconnect"},"message":"E0507 22:21:20.729832   20416 load.go:23] Could not load config from \"c:\\\\Users\\\\DELL\\\\employee-manager\\\\dataconnect\": could not find dataconnect.yaml in `c:\\Users\\DELL\\employee-manager\\dataconnect`\n"}}
[debug] [2025-05-07T16:51:30.723Z] E0507 22:21:30.723319   20416 load.go:23] Could not load config from "c:\\Users\\DELL\\employee-manager\\dataconnect": could not find dataconnect.yaml in `c:\Users\DELL\employee-manager\dataconnect`
 {"metadata":{"emulator":{"name":"dataconnect"},"message":"E0507 22:21:30.723319   20416 load.go:23] Could not load config from \"c:\\\\Users\\\\DELL\\\\employee-manager\\\\dataconnect\": could not find dataconnect.yaml in `c:\\Users\\DELL\\employee-manager\\dataconnect`\n"}}
[debug] [2025-05-07T16:51:40.736Z] E0507 22:21:40.735689   20416 load.go:23] Could not load config from "c:\\Users\\DELL\\employee-manager\\dataconnect": could not find dataconnect.yaml in `c:\Users\DELL\employee-manager\dataconnect`
 {"metadata":{"emulator":{"name":"dataconnect"},"message":"E0507 22:21:40.735689   20416 load.go:23] Could not load config from \"c:\\\\Users\\\\DELL\\\\employee-manager\\\\dataconnect\": could not find dataconnect.yaml in `c:\\Users\\DELL\\employee-manager\\dataconnect`\n"}}
[debug] [2025-05-07T16:51:50.725Z] E0507 22:21:50.724956   20416 load.go:23] Could not load config from "c:\\Users\\DELL\\employee-manager\\dataconnect": could not find dataconnect.yaml in `c:\Users\DELL\employee-manager\dataconnect`
 {"metadata":{"emulator":{"name":"dataconnect"},"message":"E0507 22:21:50.724956   20416 load.go:23] Could not load config from \"c:\\\\Users\\\\DELL\\\\employee-manager\\\\dataconnect\": could not find dataconnect.yaml in `c:\\Users\\DELL\\employee-manager\\dataconnect`\n"}}
[debug] [2025-05-07T16:52:00.724Z] E0507 22:22:00.724256   20416 load.go:23] Could not load config from "c:\\Users\\DELL\\employee-manager\\dataconnect": could not find dataconnect.yaml in `c:\Users\DELL\employee-manager\dataconnect`
 {"metadata":{"emulator":{"name":"dataconnect"},"message":"E0507 22:22:00.724256   20416 load.go:23] Could not load config from \"c:\\\\Users\\\\DELL\\\\employee-manager\\\\dataconnect\": could not find dataconnect.yaml in `c:\\Users\\DELL\\employee-manager\\dataconnect`\n"}}
[debug] [2025-05-07T16:52:10.730Z] E0507 22:22:10.730530   20416 load.go:23] Could not load config from "c:\\Users\\DELL\\employee-manager\\dataconnect": could not find dataconnect.yaml in `c:\Users\DELL\employee-manager\dataconnect`
 {"metadata":{"emulator":{"name":"dataconnect"},"message":"E0507 22:22:10.730530   20416 load.go:23] Could not load config from \"c:\\\\Users\\\\DELL\\\\employee-manager\\\\dataconnect\": could not find dataconnect.yaml in `c:\\Users\\DELL\\employee-manager\\dataconnect`\n"}}
[debug] [2025-05-07T16:52:20.729Z] E0507 22:22:20.729283   20416 load.go:23] Could not load config from "c:\\Users\\DELL\\employee-manager\\dataconnect": could not find dataconnect.yaml in `c:\Users\DELL\employee-manager\dataconnect`
 {"metadata":{"emulator":{"name":"dataconnect"},"message":"E0507 22:22:20.729283   20416 load.go:23] Could not load config from \"c:\\\\Users\\\\DELL\\\\employee-manager\\\\dataconnect\": could not find dataconnect.yaml in `c:\\Users\\DELL\\employee-manager\\dataconnect`\n"}}
[debug] [2025-05-07T16:52:30.727Z] E0507 22:22:30.727402   20416 load.go:23] Could not load config from "c:\\Users\\DELL\\employee-manager\\dataconnect": could not find dataconnect.yaml in `c:\Users\DELL\employee-manager\dataconnect`
 {"metadata":{"emulator":{"name":"dataconnect"},"message":"E0507 22:22:30.727402   20416 load.go:23] Could not load config from \"c:\\\\Users\\\\DELL\\\\employee-manager\\\\dataconnect\": could not find dataconnect.yaml in `c:\\Users\\DELL\\employee-manager\\dataconnect`\n"}}
[debug] [2025-05-07T16:53:15.373Z] E0507 22:23:15.352222   20416 load.go:23] Could not load config from "c:\\Users\\DELL\\employee-manager\\dataconnect": could not find dataconnect.yaml in `c:\Users\DELL\employee-manager\dataconnect`
E0507 22:23:15.352222   20416 watch.go:76] watchAllDir unable to walk dir `c:\Users\DELL\employee-manager\dataconnect`: on path "c:\\Users\\DELL\\employee-manager\\dataconnect" (DirEntry: <nil>): CreateFile c:\Users\DELL\employee-manager\dataconnect: The system cannot find the file specified.
 {"metadata":{"emulator":{"name":"dataconnect"},"message":"E0507 22:23:15.352222   20416 load.go:23] Could not load config from \"c:\\\\Users\\\\DELL\\\\employee-manager\\\\dataconnect\": could not find dataconnect.yaml in `c:\\Users\\DELL\\employee-manager\\dataconnect`\nE0507 22:23:15.352222   20416 watch.go:76] watchAllDir unable to walk dir `c:\\Users\\DELL\\employee-manager\\dataconnect`: on path \"c:\\\\Users\\\\DELL\\\\employee-manager\\\\dataconnect\" (DirEntry: <nil>): CreateFile c:\\Users\\DELL\\employee-manager\\dataconnect: The system cannot find the file specified.\n"}}
[debug] [2025-05-07T16:53:20.736Z] E0507 22:23:20.736126   20416 load.go:23] Could not load config from "c:\\Users\\DELL\\employee-manager\\dataconnect": could not find dataconnect.yaml in `c:\Users\DELL\employee-manager\dataconnect`
 {"metadata":{"emulator":{"name":"dataconnect"},"message":"E0507 22:23:20.736126   20416 load.go:23] Could not load config from \"c:\\\\Users\\\\DELL\\\\employee-manager\\\\dataconnect\": could not find dataconnect.yaml in `c:\\Users\\DELL\\employee-manager\\dataconnect`\n"}}
[debug] [2025-05-07T16:53:30.721Z] E0507 22:23:30.721624   20416 load.go:23] Could not load config from "c:\\Users\\DELL\\employee-manager\\dataconnect": could not find dataconnect.yaml in `c:\Users\DELL\employee-manager\dataconnect`
 {"metadata":{"emulator":{"name":"dataconnect"},"message":"E0507 22:23:30.721624   20416 load.go:23] Could not load config from \"c:\\\\Users\\\\DELL\\\\employee-manager\\\\dataconnect\": could not find dataconnect.yaml in `c:\\Users\\DELL\\employee-manager\\dataconnect`\n"}}
[debug] [2025-05-07T16:53:40.729Z] E0507 22:23:40.729805   20416 load.go:23] Could not load config from "c:\\Users\\DELL\\employee-manager\\dataconnect": could not find dataconnect.yaml in `c:\Users\DELL\employee-manager\dataconnect`
 {"metadata":{"emulator":{"name":"dataconnect"},"message":"E0507 22:23:40.729805   20416 load.go:23] Could not load config from \"c:\\\\Users\\\\DELL\\\\employee-manager\\\\dataconnect\": could not find dataconnect.yaml in `c:\\Users\\DELL\\employee-manager\\dataconnect`\n"}}
[debug] [2025-05-07T16:53:50.721Z] E0507 22:23:50.721480   20416 load.go:23] Could not load config from "c:\\Users\\DELL\\employee-manager\\dataconnect": could not find dataconnect.yaml in `c:\Users\DELL\employee-manager\dataconnect`
 {"metadata":{"emulator":{"name":"dataconnect"},"message":"E0507 22:23:50.721480   20416 load.go:23] Could not load config from \"c:\\\\Users\\\\DELL\\\\employee-manager\\\\dataconnect\": could not find dataconnect.yaml in `c:\\Users\\DELL\\employee-manager\\dataconnect`\n"}}
[debug] [2025-05-07T16:54:00.733Z] E0507 22:24:00.733593   20416 load.go:23] Could not load config from "c:\\Users\\DELL\\employee-manager\\dataconnect": could not find dataconnect.yaml in `c:\Users\DELL\employee-manager\dataconnect`
 {"metadata":{"emulator":{"name":"dataconnect"},"message":"E0507 22:24:00.733593   20416 load.go:23] Could not load config from \"c:\\\\Users\\\\DELL\\\\employee-manager\\\\dataconnect\": could not find dataconnect.yaml in `c:\\Users\\DELL\\employee-manager\\dataconnect`\n"}}
[debug] [2025-05-07T16:54:10.727Z] E0507 22:24:10.727971   20416 load.go:23] Could not load config from "c:\\Users\\DELL\\employee-manager\\dataconnect": could not find dataconnect.yaml in `c:\Users\DELL\employee-manager\dataconnect`
 {"metadata":{"emulator":{"name":"dataconnect"},"message":"E0507 22:24:10.727971   20416 load.go:23] Could not load config from \"c:\\\\Users\\\\DELL\\\\employee-manager\\\\dataconnect\": could not find dataconnect.yaml in `c:\\Users\\DELL\\employee-manager\\dataconnect`\n"}}
[debug] [2025-05-07T16:54:20.731Z] E0507 22:24:20.731519   20416 load.go:23] Could not load config from "c:\\Users\\DELL\\employee-manager\\dataconnect": could not find dataconnect.yaml in `c:\Users\DELL\employee-manager\dataconnect`
 {"metadata":{"emulator":{"name":"dataconnect"},"message":"E0507 22:24:20.731519   20416 load.go:23] Could not load config from \"c:\\\\Users\\\\DELL\\\\employee-manager\\\\dataconnect\": could not find dataconnect.yaml in `c:\\Users\\DELL\\employee-manager\\dataconnect`\n"}}
[debug] [2025-05-07T16:54:30.730Z] E0507 22:24:30.731023   20416 load.go:23] Could not load config from "c:\\Users\\DELL\\employee-manager\\dataconnect": could not find dataconnect.yaml in `c:\Users\DELL\employee-manager\dataconnect`
 {"metadata":{"emulator":{"name":"dataconnect"},"message":"E0507 22:24:30.731023   20416 load.go:23] Could not load config from \"c:\\\\Users\\\\DELL\\\\employee-manager\\\\dataconnect\": could not find dataconnect.yaml in `c:\\Users\\DELL\\employee-manager\\dataconnect`\n"}}
[debug] [2025-05-07T16:54:40.729Z] E0507 22:24:40.730413   20416 load.go:23] Could not load config from "c:\\Users\\DELL\\employee-manager\\dataconnect": could not find dataconnect.yaml in `c:\Users\DELL\employee-manager\dataconnect`
 {"metadata":{"emulator":{"name":"dataconnect"},"message":"E0507 22:24:40.730413   20416 load.go:23] Could not load config from \"c:\\\\Users\\\\DELL\\\\employee-manager\\\\dataconnect\": could not find dataconnect.yaml in `c:\\Users\\DELL\\employee-manager\\dataconnect`\n"}}
[debug] [2025-05-07T16:54:40.731Z] E0507 22:24:40.730413   20416 watch.go:76] watchAllDir unable to walk dir `c:\Users\DELL\employee-manager\dataconnect`: on path "c:\\Users\\DELL\\employee-manager\\dataconnect" (DirEntry: <nil>): CreateFile c:\Users\DELL\employee-manager\dataconnect: The system cannot find the file specified.
 {"metadata":{"emulator":{"name":"dataconnect"},"message":"E0507 22:24:40.730413   20416 watch.go:76] watchAllDir unable to walk dir `c:\\Users\\DELL\\employee-manager\\dataconnect`: on path \"c:\\\\Users\\\\DELL\\\\employee-manager\\\\dataconnect\" (DirEntry: <nil>): CreateFile c:\\Users\\DELL\\employee-manager\\dataconnect: The system cannot find the file specified.\n"}}
[debug] [2025-05-07T16:54:50.735Z] E0507 22:24:50.735444   20416 load.go:23] Could not load config from "c:\\Users\\DELL\\employee-manager\\dataconnect": could not find dataconnect.yaml in `c:\Users\DELL\employee-manager\dataconnect`
 {"metadata":{"emulator":{"name":"dataconnect"},"message":"E0507 22:24:50.735444   20416 load.go:23] Could not load config from \"c:\\\\Users\\\\DELL\\\\employee-manager\\\\dataconnect\": could not find dataconnect.yaml in `c:\\Users\\DELL\\employee-manager\\dataconnect`\n"}}
[debug] [2025-05-07T16:55:00.726Z] E0507 22:25:00.725599   20416 load.go:23] Could not load config from "c:\\Users\\DELL\\employee-manager\\dataconnect": could not find dataconnect.yaml in `c:\Users\DELL\employee-manager\dataconnect`
 {"metadata":{"emulator":{"name":"dataconnect"},"message":"E0507 22:25:00.725599   20416 load.go:23] Could not load config from \"c:\\\\Users\\\\DELL\\\\employee-manager\\\\dataconnect\": could not find dataconnect.yaml in `c:\\Users\\DELL\\employee-manager\\dataconnect`\n"}}
[debug] [2025-05-07T16:55:10.733Z] E0507 22:25:10.732813   20416 load.go:23] Could not load config from "c:\\Users\\DELL\\employee-manager\\dataconnect": could not find dataconnect.yaml in `c:\Users\DELL\employee-manager\dataconnect`
 {"metadata":{"emulator":{"name":"dataconnect"},"message":"E0507 22:25:10.732813   20416 load.go:23] Could not load config from \"c:\\\\Users\\\\DELL\\\\employee-manager\\\\dataconnect\": could not find dataconnect.yaml in `c:\\Users\\DELL\\employee-manager\\dataconnect`\n"}}
[debug] [2025-05-07T16:55:20.738Z] E0507 22:25:20.737207   20416 load.go:23] Could not load config from "c:\\Users\\DELL\\employee-manager\\dataconnect": could not find dataconnect.yaml in `c:\Users\DELL\employee-manager\dataconnect`
 {"metadata":{"emulator":{"name":"dataconnect"},"message":"E0507 22:25:20.737207   20416 load.go:23] Could not load config from \"c:\\\\Users\\\\DELL\\\\employee-manager\\\\dataconnect\": could not find dataconnect.yaml in `c:\\Users\\DELL\\employee-manager\\dataconnect`\n"}}
[debug] [2025-05-07T16:55:30.724Z] E0507 22:25:30.724529   20416 load.go:23] Could not load config from "c:\\Users\\DELL\\employee-manager\\dataconnect": could not find dataconnect.yaml in `c:\Users\DELL\employee-manager\dataconnect`
 {"metadata":{"emulator":{"name":"dataconnect"},"message":"E0507 22:25:30.724529   20416 load.go:23] Could not load config from \"c:\\\\Users\\\\DELL\\\\employee-manager\\\\dataconnect\": could not find dataconnect.yaml in `c:\\Users\\DELL\\employee-manager\\dataconnect`\n"}}
[debug] [2025-05-07T16:55:40.724Z] E0507 22:25:40.724146   20416 load.go:23] Could not load config from "c:\\Users\\DELL\\employee-manager\\dataconnect": could not find dataconnect.yaml in `c:\Users\DELL\employee-manager\dataconnect`
 {"metadata":{"emulator":{"name":"dataconnect"},"message":"E0507 22:25:40.724146   20416 load.go:23] Could not load config from \"c:\\\\Users\\\\DELL\\\\employee-manager\\\\dataconnect\": could not find dataconnect.yaml in `c:\\Users\\DELL\\employee-manager\\dataconnect`\n"}}
[debug] [2025-05-07T16:55:50.734Z] E0507 22:25:50.734884   20416 load.go:23] Could not load config from "c:\\Users\\DELL\\employee-manager\\dataconnect": could not find dataconnect.yaml in `c:\Users\DELL\employee-manager\dataconnect`
 {"metadata":{"emulator":{"name":"dataconnect"},"message":"E0507 22:25:50.734884   20416 load.go:23] Could not load config from \"c:\\\\Users\\\\DELL\\\\employee-manager\\\\dataconnect\": could not find dataconnect.yaml in `c:\\Users\\DELL\\employee-manager\\dataconnect`\n"}}
[debug] [2025-05-07T16:56:00.732Z] E0507 22:26:00.732521   20416 load.go:23] Could not load config from "c:\\Users\\DELL\\employee-manager\\dataconnect": could not find dataconnect.yaml in `c:\Users\DELL\employee-manager\dataconnect`
 {"metadata":{"emulator":{"name":"dataconnect"},"message":"E0507 22:26:00.732521   20416 load.go:23] Could not load config from \"c:\\\\Users\\\\DELL\\\\employee-manager\\\\dataconnect\": could not find dataconnect.yaml in `c:\\Users\\DELL\\employee-manager\\dataconnect`\n"}}
[debug] [2025-05-07T16:56:10.730Z] E0507 22:26:10.730549   20416 load.go:23] Could not load config from "c:\\Users\\DELL\\employee-manager\\dataconnect": could not find dataconnect.yaml in `c:\Users\DELL\employee-manager\dataconnect`
 {"metadata":{"emulator":{"name":"dataconnect"},"message":"E0507 22:26:10.730549   20416 load.go:23] Could not load config from \"c:\\\\Users\\\\DELL\\\\employee-manager\\\\dataconnect\": could not find dataconnect.yaml in `c:\\Users\\DELL\\employee-manager\\dataconnect`\n"}}
[debug] [2025-05-07T16:56:20.725Z] E0507 22:26:20.725573   20416 load.go:23] Could not load config from "c:\\Users\\DELL\\employee-manager\\dataconnect": could not find dataconnect.yaml in `c:\Users\DELL\employee-manager\dataconnect`
 {"metadata":{"emulator":{"name":"dataconnect"},"message":"E0507 22:26:20.725573   20416 load.go:23] Could not load config from \"c:\\\\Users\\\\DELL\\\\employee-manager\\\\dataconnect\": could not find dataconnect.yaml in `c:\\Users\\DELL\\employee-manager\\dataconnect`\n"}}
[debug] [2025-05-07T16:56:30.727Z] E0507 22:26:30.727620   20416 load.go:23] Could not load config from "c:\\Users\\DELL\\employee-manager\\dataconnect": could not find dataconnect.yaml in `c:\Users\DELL\employee-manager\dataconnect`
 {"metadata":{"emulator":{"name":"dataconnect"},"message":"E0507 22:26:30.727620   20416 load.go:23] Could not load config from \"c:\\\\Users\\\\DELL\\\\employee-manager\\\\dataconnect\": could not find dataconnect.yaml in `c:\\Users\\DELL\\employee-manager\\dataconnect`\n"}}
[debug] [2025-05-07T16:56:40.730Z] E0507 22:26:40.730590   20416 load.go:23] Could not load config from "c:\\Users\\DELL\\employee-manager\\dataconnect": could not find dataconnect.yaml in `c:\Users\DELL\employee-manager\dataconnect`
 {"metadata":{"emulator":{"name":"dataconnect"},"message":"E0507 22:26:40.730590   20416 load.go:23] Could not load config from \"c:\\\\Users\\\\DELL\\\\employee-manager\\\\dataconnect\": could not find dataconnect.yaml in `c:\\Users\\DELL\\employee-manager\\dataconnect`\n"}}
[debug] [2025-05-07T16:56:40.732Z] E0507 22:26:40.731905   20416 watch.go:76] watchAllDir unable to walk dir `c:\Users\DELL\employee-manager\dataconnect`: on path "c:\\Users\\DELL\\employee-manager\\dataconnect" (DirEntry: <nil>): CreateFile c:\Users\DELL\employee-manager\dataconnect: The system cannot find the file specified.
 {"metadata":{"emulator":{"name":"dataconnect"},"message":"E0507 22:26:40.731905   20416 watch.go:76] watchAllDir unable to walk dir `c:\\Users\\DELL\\employee-manager\\dataconnect`: on path \"c:\\\\Users\\\\DELL\\\\employee-manager\\\\dataconnect\" (DirEntry: <nil>): CreateFile c:\\Users\\DELL\\employee-manager\\dataconnect: The system cannot find the file specified.\n"}}
[debug] [2025-05-07T16:56:50.730Z] E0507 22:26:50.730923   20416 load.go:23] Could not load config from "c:\\Users\\DELL\\employee-manager\\dataconnect": could not find dataconnect.yaml in `c:\Users\DELL\employee-manager\dataconnect`
 {"metadata":{"emulator":{"name":"dataconnect"},"message":"E0507 22:26:50.730923   20416 load.go:23] Could not load config from \"c:\\\\Users\\\\DELL\\\\employee-manager\\\\dataconnect\": could not find dataconnect.yaml in `c:\\Users\\DELL\\employee-manager\\dataconnect`\n"}}
[debug] [2025-05-07T16:57:00.726Z] E0507 22:27:00.726856   20416 load.go:23] Could not load config from "c:\\Users\\DELL\\employee-manager\\dataconnect": could not find dataconnect.yaml in `c:\Users\DELL\employee-manager\dataconnect`
 {"metadata":{"emulator":{"name":"dataconnect"},"message":"E0507 22:27:00.726856   20416 load.go:23] Could not load config from \"c:\\\\Users\\\\DELL\\\\employee-manager\\\\dataconnect\": could not find dataconnect.yaml in `c:\\Users\\DELL\\employee-manager\\dataconnect`\n"}}
[debug] [2025-05-07T16:57:10.722Z] E0507 22:27:10.721582   20416 load.go:23] Could not load config from "c:\\Users\\DELL\\employee-manager\\dataconnect": could not find dataconnect.yaml in `c:\Users\DELL\employee-manager\dataconnect`
 {"metadata":{"emulator":{"name":"dataconnect"},"message":"E0507 22:27:10.721582   20416 load.go:23] Could not load config from \"c:\\\\Users\\\\DELL\\\\employee-manager\\\\dataconnect\": could not find dataconnect.yaml in `c:\\Users\\DELL\\employee-manager\\dataconnect`\n"}}
[debug] [2025-05-07T16:57:20.736Z] E0507 22:27:20.735593   20416 load.go:23] Could not load config from "c:\\Users\\DELL\\employee-manager\\dataconnect": could not find dataconnect.yaml in `c:\Users\DELL\employee-manager\dataconnect`
 {"metadata":{"emulator":{"name":"dataconnect"},"message":"E0507 22:27:20.735593   20416 load.go:23] Could not load config from \"c:\\\\Users\\\\DELL\\\\employee-manager\\\\dataconnect\": could not find dataconnect.yaml in `c:\\Users\\DELL\\employee-manager\\dataconnect`\n"}}
[debug] [2025-05-07T16:57:30.727Z] E0507 22:27:30.726432   20416 load.go:23] Could not load config from "c:\\Users\\DELL\\employee-manager\\dataconnect": could not find dataconnect.yaml in `c:\Users\DELL\employee-manager\dataconnect`
 {"metadata":{"emulator":{"name":"dataconnect"},"message":"E0507 22:27:30.726432   20416 load.go:23] Could not load config from \"c:\\\\Users\\\\DELL\\\\employee-manager\\\\dataconnect\": could not find dataconnect.yaml in `c:\\Users\\DELL\\employee-manager\\dataconnect`\n"}}
[debug] [2025-05-07T16:57:40.724Z] E0507 22:27:40.724571   20416 load.go:23] Could not load config from "c:\\Users\\DELL\\employee-manager\\dataconnect": could not find dataconnect.yaml in `c:\Users\DELL\employee-manager\dataconnect`
 {"metadata":{"emulator":{"name":"dataconnect"},"message":"E0507 22:27:40.724571   20416 load.go:23] Could not load config from \"c:\\\\Users\\\\DELL\\\\employee-manager\\\\dataconnect\": could not find dataconnect.yaml in `c:\\Users\\DELL\\employee-manager\\dataconnect`\n"}}
[debug] [2025-05-07T16:57:50.723Z] E0507 22:27:50.722956   20416 load.go:23] Could not load config from "c:\\Users\\DELL\\employee-manager\\dataconnect": could not find dataconnect.yaml in `c:\Users\DELL\employee-manager\dataconnect`
 {"metadata":{"emulator":{"name":"dataconnect"},"message":"E0507 22:27:50.722956   20416 load.go:23] Could not load config from \"c:\\\\Users\\\\DELL\\\\employee-manager\\\\dataconnect\": could not find dataconnect.yaml in `c:\\Users\\DELL\\employee-manager\\dataconnect`\n"}}
[debug] [2025-05-07T16:58:00.732Z] E0507 22:28:00.732364   20416 load.go:23] Could not load config from "c:\\Users\\DELL\\employee-manager\\dataconnect": could not find dataconnect.yaml in `c:\Users\DELL\employee-manager\dataconnect`
 {"metadata":{"emulator":{"name":"dataconnect"},"message":"E0507 22:28:00.732364   20416 load.go:23] Could not load config from \"c:\\\\Users\\\\DELL\\\\employee-manager\\\\dataconnect\": could not find dataconnect.yaml in `c:\\Users\\DELL\\employee-manager\\dataconnect`\n"}}
[debug] [2025-05-07T16:58:10.723Z] E0507 22:28:10.723066   20416 load.go:23] Could not load config from "c:\\Users\\DELL\\employee-manager\\dataconnect": could not find dataconnect.yaml in `c:\Users\DELL\employee-manager\dataconnect`
 {"metadata":{"emulator":{"name":"dataconnect"},"message":"E0507 22:28:10.723066   20416 load.go:23] Could not load config from \"c:\\\\Users\\\\DELL\\\\employee-manager\\\\dataconnect\": could not find dataconnect.yaml in `c:\\Users\\DELL\\employee-manager\\dataconnect`\n"}}
[debug] [2025-05-07T16:58:20.731Z] E0507 22:28:20.731097   20416 load.go:23] Could not load config from "c:\\Users\\DELL\\employee-manager\\dataconnect": could not find dataconnect.yaml in `c:\Users\DELL\employee-manager\dataconnect`
 {"metadata":{"emulator":{"name":"dataconnect"},"message":"E0507 22:28:20.731097   20416 load.go:23] Could not load config from \"c:\\\\Users\\\\DELL\\\\employee-manager\\\\dataconnect\": could not find dataconnect.yaml in `c:\\Users\\DELL\\employee-manager\\dataconnect`\n"}}
[debug] [2025-05-07T16:58:30.731Z] E0507 22:28:30.731594   20416 load.go:23] Could not load config from "c:\\Users\\DELL\\employee-manager\\dataconnect": could not find dataconnect.yaml in `c:\Users\DELL\employee-manager\dataconnect`
 {"metadata":{"emulator":{"name":"dataconnect"},"message":"E0507 22:28:30.731594   20416 load.go:23] Could not load config from \"c:\\\\Users\\\\DELL\\\\employee-manager\\\\dataconnect\": could not find dataconnect.yaml in `c:\\Users\\DELL\\employee-manager\\dataconnect`\n"}}
[debug] [2025-05-07T16:58:40.732Z] E0507 22:28:40.732765   20416 load.go:23] Could not load config from "c:\\Users\\DELL\\employee-manager\\dataconnect": could not find dataconnect.yaml in `c:\Users\DELL\employee-manager\dataconnect`
 {"metadata":{"emulator":{"name":"dataconnect"},"message":"E0507 22:28:40.732765   20416 load.go:23] Could not load config from \"c:\\\\Users\\\\DELL\\\\employee-manager\\\\dataconnect\": could not find dataconnect.yaml in `c:\\Users\\DELL\\employee-manager\\dataconnect`\n"}}
[debug] [2025-05-07T16:58:40.733Z] E0507 22:28:40.732765   20416 watch.go:76] watchAllDir unable to walk dir `c:\Users\DELL\employee-manager\dataconnect`: on path "c:\\Users\\DELL\\employee-manager\\dataconnect" (DirEntry: <nil>): CreateFile c:\Users\DELL\employee-manager\dataconnect: The system cannot find the file specified.
 {"metadata":{"emulator":{"name":"dataconnect"},"message":"E0507 22:28:40.732765   20416 watch.go:76] watchAllDir unable to walk dir `c:\\Users\\DELL\\employee-manager\\dataconnect`: on path \"c:\\\\Users\\\\DELL\\\\employee-manager\\\\dataconnect\" (DirEntry: <nil>): CreateFile c:\\Users\\DELL\\employee-manager\\dataconnect: The system cannot find the file specified.\n"}}
[debug] [2025-05-07T16:58:50.723Z] E0507 22:28:50.722676   20416 load.go:23] Could not load config from "c:\\Users\\DELL\\employee-manager\\dataconnect": could not find dataconnect.yaml in `c:\Users\DELL\employee-manager\dataconnect`
 {"metadata":{"emulator":{"name":"dataconnect"},"message":"E0507 22:28:50.722676   20416 load.go:23] Could not load config from \"c:\\\\Users\\\\DELL\\\\employee-manager\\\\dataconnect\": could not find dataconnect.yaml in `c:\\Users\\DELL\\employee-manager\\dataconnect`\n"}}
[debug] [2025-05-07T16:59:00.722Z] E0507 22:29:00.722396   20416 load.go:23] Could not load config from "c:\\Users\\DELL\\employee-manager\\dataconnect": could not find dataconnect.yaml in `c:\Users\DELL\employee-manager\dataconnect`
 {"metadata":{"emulator":{"name":"dataconnect"},"message":"E0507 22:29:00.722396   20416 load.go:23] Could not load config from \"c:\\\\Users\\\\DELL\\\\employee-manager\\\\dataconnect\": could not find dataconnect.yaml in `c:\\Users\\DELL\\employee-manager\\dataconnect`\n"}}
[debug] [2025-05-07T16:59:10.724Z] E0507 22:29:10.724292   20416 load.go:23] Could not load config from "c:\\Users\\DELL\\employee-manager\\dataconnect": could not find dataconnect.yaml in `c:\Users\DELL\employee-manager\dataconnect`
 {"metadata":{"emulator":{"name":"dataconnect"},"message":"E0507 22:29:10.724292   20416 load.go:23] Could not load config from \"c:\\\\Users\\\\DELL\\\\employee-manager\\\\dataconnect\": could not find dataconnect.yaml in `c:\\Users\\DELL\\employee-manager\\dataconnect`\n"}}
[debug] [2025-05-07T16:59:20.730Z] E0507 22:29:20.731113   20416 load.go:23] Could not load config from "c:\\Users\\DELL\\employee-manager\\dataconnect": could not find dataconnect.yaml in `c:\Users\DELL\employee-manager\dataconnect`
 {"metadata":{"emulator":{"name":"dataconnect"},"message":"E0507 22:29:20.731113   20416 load.go:23] Could not load config from \"c:\\\\Users\\\\DELL\\\\employee-manager\\\\dataconnect\": could not find dataconnect.yaml in `c:\\Users\\DELL\\employee-manager\\dataconnect`\n"}}
[debug] [2025-05-07T16:59:30.730Z] E0507 22:29:30.730898   20416 load.go:23] Could not load config from "c:\\Users\\DELL\\employee-manager\\dataconnect": could not find dataconnect.yaml in `c:\Users\DELL\employee-manager\dataconnect`
 {"metadata":{"emulator":{"name":"dataconnect"},"message":"E0507 22:29:30.730898   20416 load.go:23] Could not load config from \"c:\\\\Users\\\\DELL\\\\employee-manager\\\\dataconnect\": could not find dataconnect.yaml in `c:\\Users\\DELL\\employee-manager\\dataconnect`\n"}}
[debug] [2025-05-07T16:59:40.723Z] E0507 22:29:40.723139   20416 load.go:23] Could not load config from "c:\\Users\\DELL\\employee-manager\\dataconnect": could not find dataconnect.yaml in `c:\Users\DELL\employee-manager\dataconnect`
 {"metadata":{"emulator":{"name":"dataconnect"},"message":"E0507 22:29:40.723139   20416 load.go:23] Could not load config from \"c:\\\\Users\\\\DELL\\\\employee-manager\\\\dataconnect\": could not find dataconnect.yaml in `c:\\Users\\DELL\\employee-manager\\dataconnect`\n"}}
[debug] [2025-05-07T16:59:50.727Z] E0507 22:29:50.727384   20416 load.go:23] Could not load config from "c:\\Users\\DELL\\employee-manager\\dataconnect": could not find dataconnect.yaml in `c:\Users\DELL\employee-manager\dataconnect`
 {"metadata":{"emulator":{"name":"dataconnect"},"message":"E0507 22:29:50.727384   20416 load.go:23] Could not load config from \"c:\\\\Users\\\\DELL\\\\employee-manager\\\\dataconnect\": could not find dataconnect.yaml in `c:\\Users\\DELL\\employee-manager\\dataconnect`\n"}}
[debug] [2025-05-07T17:00:00.724Z] E0507 22:30:00.725241   20416 load.go:23] Could not load config from "c:\\Users\\DELL\\employee-manager\\dataconnect": could not find dataconnect.yaml in `c:\Users\DELL\employee-manager\dataconnect`
 {"metadata":{"emulator":{"name":"dataconnect"},"message":"E0507 22:30:00.725241   20416 load.go:23] Could not load config from \"c:\\\\Users\\\\DELL\\\\employee-manager\\\\dataconnect\": could not find dataconnect.yaml in `c:\\Users\\DELL\\employee-manager\\dataconnect`\n"}}
[debug] [2025-05-07T17:00:10.728Z] E0507 22:30:10.728215   20416 load.go:23] Could not load config from "c:\\Users\\DELL\\employee-manager\\dataconnect": could not find dataconnect.yaml in `c:\Users\DELL\employee-manager\dataconnect`
 {"metadata":{"emulator":{"name":"dataconnect"},"message":"E0507 22:30:10.728215   20416 load.go:23] Could not load config from \"c:\\\\Users\\\\DELL\\\\employee-manager\\\\dataconnect\": could not find dataconnect.yaml in `c:\\Users\\DELL\\employee-manager\\dataconnect`\n"}}
[debug] [2025-05-07T17:00:20.730Z] E0507 22:30:20.729722   20416 load.go:23] Could not load config from "c:\\Users\\DELL\\employee-manager\\dataconnect": could not find dataconnect.yaml in `c:\Users\DELL\employee-manager\dataconnect`
 {"metadata":{"emulator":{"name":"dataconnect"},"message":"E0507 22:30:20.729722   20416 load.go:23] Could not load config from \"c:\\\\Users\\\\DELL\\\\employee-manager\\\\dataconnect\": could not find dataconnect.yaml in `c:\\Users\\DELL\\employee-manager\\dataconnect`\n"}}
[debug] [2025-05-07T17:00:30.723Z] E0507 22:30:30.724261   20416 load.go:23] Could not load config from "c:\\Users\\DELL\\employee-manager\\dataconnect": could not find dataconnect.yaml in `c:\Users\DELL\employee-manager\dataconnect`
 {"metadata":{"emulator":{"name":"dataconnect"},"message":"E0507 22:30:30.724261   20416 load.go:23] Could not load config from \"c:\\\\Users\\\\DELL\\\\employee-manager\\\\dataconnect\": could not find dataconnect.yaml in `c:\\Users\\DELL\\employee-manager\\dataconnect`\n"}}
[debug] [2025-05-07T17:00:40.729Z] E0507 22:30:40.730107   20416 load.go:23] Could not load config from "c:\\Users\\DELL\\employee-manager\\dataconnect": could not find dataconnect.yaml in `c:\Users\DELL\employee-manager\dataconnect`
E0507 22:30:40.730107   20416 watch.go:76] watchAllDir unable to walk dir `c:\Users\DELL\employee-manager\dataconnect`: on path "c:\\Users\\DELL\\employee-manager\\dataconnect" (DirEntry: <nil>): CreateFile c:\Users\DELL\employee-manager\dataconnect: The system cannot find the file specified.
 {"metadata":{"emulator":{"name":"dataconnect"},"message":"E0507 22:30:40.730107   20416 load.go:23] Could not load config from \"c:\\\\Users\\\\DELL\\\\employee-manager\\\\dataconnect\": could not find dataconnect.yaml in `c:\\Users\\DELL\\employee-manager\\dataconnect`\nE0507 22:30:40.730107   20416 watch.go:76] watchAllDir unable to walk dir `c:\\Users\\DELL\\employee-manager\\dataconnect`: on path \"c:\\\\Users\\\\DELL\\\\employee-manager\\\\dataconnect\" (DirEntry: <nil>): CreateFile c:\\Users\\DELL\\employee-manager\\dataconnect: The system cannot find the file specified.\n"}}
[debug] [2025-05-07T17:00:50.736Z] E0507 22:30:50.735769   20416 load.go:23] Could not load config from "c:\\Users\\DELL\\employee-manager\\dataconnect": could not find dataconnect.yaml in `c:\Users\DELL\employee-manager\dataconnect`
 {"metadata":{"emulator":{"name":"dataconnect"},"message":"E0507 22:30:50.735769   20416 load.go:23] Could not load config from \"c:\\\\Users\\\\DELL\\\\employee-manager\\\\dataconnect\": could not find dataconnect.yaml in `c:\\Users\\DELL\\employee-manager\\dataconnect`\n"}}
[debug] [2025-05-07T17:01:00.727Z] E0507 22:31:00.727014   20416 load.go:23] Could not load config from "c:\\Users\\DELL\\employee-manager\\dataconnect": could not find dataconnect.yaml in `c:\Users\DELL\employee-manager\dataconnect`
 {"metadata":{"emulator":{"name":"dataconnect"},"message":"E0507 22:31:00.727014   20416 load.go:23] Could not load config from \"c:\\\\Users\\\\DELL\\\\employee-manager\\\\dataconnect\": could not find dataconnect.yaml in `c:\\Users\\DELL\\employee-manager\\dataconnect`\n"}}
[debug] [2025-05-07T17:01:10.721Z] E0507 22:31:10.722167   20416 load.go:23] Could not load config from "c:\\Users\\DELL\\employee-manager\\dataconnect": could not find dataconnect.yaml in `c:\Users\DELL\employee-manager\dataconnect`
 {"metadata":{"emulator":{"name":"dataconnect"},"message":"E0507 22:31:10.722167   20416 load.go:23] Could not load config from \"c:\\\\Users\\\\DELL\\\\employee-manager\\\\dataconnect\": could not find dataconnect.yaml in `c:\\Users\\DELL\\employee-manager\\dataconnect`\n"}}
[debug] [2025-05-07T17:01:20.734Z] E0507 22:31:20.734276   20416 load.go:23] Could not load config from "c:\\Users\\DELL\\employee-manager\\dataconnect": could not find dataconnect.yaml in `c:\Users\DELL\employee-manager\dataconnect`
 {"metadata":{"emulator":{"name":"dataconnect"},"message":"E0507 22:31:20.734276   20416 load.go:23] Could not load config from \"c:\\\\Users\\\\DELL\\\\employee-manager\\\\dataconnect\": could not find dataconnect.yaml in `c:\\Users\\DELL\\employee-manager\\dataconnect`\n"}}
[debug] [2025-05-07T17:01:30.731Z] E0507 22:31:30.729812   20416 load.go:23] Could not load config from "c:\\Users\\DELL\\employee-manager\\dataconnect": could not find dataconnect.yaml in `c:\Users\DELL\employee-manager\dataconnect`
 {"metadata":{"emulator":{"name":"dataconnect"},"message":"E0507 22:31:30.729812   20416 load.go:23] Could not load config from \"c:\\\\Users\\\\DELL\\\\employee-manager\\\\dataconnect\": could not find dataconnect.yaml in `c:\\Users\\DELL\\employee-manager\\dataconnect`\n"}}
[debug] [2025-05-07T17:01:40.731Z] E0507 22:31:40.730537   20416 load.go:23] Could not load config from "c:\\Users\\DELL\\employee-manager\\dataconnect": could not find dataconnect.yaml in `c:\Users\DELL\employee-manager\dataconnect`
 {"metadata":{"emulator":{"name":"dataconnect"},"message":"E0507 22:31:40.730537   20416 load.go:23] Could not load config from \"c:\\\\Users\\\\DELL\\\\employee-manager\\\\dataconnect\": could not find dataconnect.yaml in `c:\\Users\\DELL\\employee-manager\\dataconnect`\n"}}
[debug] [2025-05-07T17:01:50.730Z] E0507 22:31:50.729876   20416 load.go:23] Could not load config from "c:\\Users\\DELL\\employee-manager\\dataconnect": could not find dataconnect.yaml in `c:\Users\DELL\employee-manager\dataconnect`
 {"metadata":{"emulator":{"name":"dataconnect"},"message":"E0507 22:31:50.729876   20416 load.go:23] Could not load config from \"c:\\\\Users\\\\DELL\\\\employee-manager\\\\dataconnect\": could not find dataconnect.yaml in `c:\\Users\\DELL\\employee-manager\\dataconnect`\n"}}
[debug] [2025-05-07T17:02:00.725Z] E0507 22:32:00.724455   20416 load.go:23] Could not load config from "c:\\Users\\DELL\\employee-manager\\dataconnect": could not find dataconnect.yaml in `c:\Users\DELL\employee-manager\dataconnect`
 {"metadata":{"emulator":{"name":"dataconnect"},"message":"E0507 22:32:00.724455   20416 load.go:23] Could not load config from \"c:\\\\Users\\\\DELL\\\\employee-manager\\\\dataconnect\": could not find dataconnect.yaml in `c:\\Users\\DELL\\employee-manager\\dataconnect`\n"}}
[debug] [2025-05-07T17:02:10.726Z] E0507 22:32:10.726666   20416 load.go:23] Could not load config from "c:\\Users\\DELL\\employee-manager\\dataconnect": could not find dataconnect.yaml in `c:\Users\DELL\employee-manager\dataconnect`
 {"metadata":{"emulator":{"name":"dataconnect"},"message":"E0507 22:32:10.726666   20416 load.go:23] Could not load config from \"c:\\\\Users\\\\DELL\\\\employee-manager\\\\dataconnect\": could not find dataconnect.yaml in `c:\\Users\\DELL\\employee-manager\\dataconnect`\n"}}
[debug] [2025-05-07T17:02:20.725Z] E0507 22:32:20.725582   20416 load.go:23] Could not load config from "c:\\Users\\DELL\\employee-manager\\dataconnect": could not find dataconnect.yaml in `c:\Users\DELL\employee-manager\dataconnect`
 {"metadata":{"emulator":{"name":"dataconnect"},"message":"E0507 22:32:20.725582   20416 load.go:23] Could not load config from \"c:\\\\Users\\\\DELL\\\\employee-manager\\\\dataconnect\": could not find dataconnect.yaml in `c:\\Users\\DELL\\employee-manager\\dataconnect`\n"}}
[debug] [2025-05-07T17:02:30.736Z] E0507 22:32:30.736777   20416 load.go:23] Could not load config from "c:\\Users\\DELL\\employee-manager\\dataconnect": could not find dataconnect.yaml in `c:\Users\DELL\employee-manager\dataconnect`
 {"metadata":{"emulator":{"name":"dataconnect"},"message":"E0507 22:32:30.736777   20416 load.go:23] Could not load config from \"c:\\\\Users\\\\DELL\\\\employee-manager\\\\dataconnect\": could not find dataconnect.yaml in `c:\\Users\\DELL\\employee-manager\\dataconnect`\n"}}
[debug] [2025-05-07T17:02:40.726Z] E0507 22:32:40.727809   20416 load.go:23] Could not load config from "c:\\Users\\DELL\\employee-manager\\dataconnect": could not find dataconnect.yaml in `c:\Users\DELL\employee-manager\dataconnect`
 {"metadata":{"emulator":{"name":"dataconnect"},"message":"E0507 22:32:40.727809   20416 load.go:23] Could not load config from \"c:\\\\Users\\\\DELL\\\\employee-manager\\\\dataconnect\": could not find dataconnect.yaml in `c:\\Users\\DELL\\employee-manager\\dataconnect`\n"}}
[debug] [2025-05-07T17:02:40.728Z] E0507 22:32:40.727809   20416 watch.go:76] watchAllDir unable to walk dir `c:\Users\DELL\employee-manager\dataconnect`: on path "c:\\Users\\DELL\\employee-manager\\dataconnect" (DirEntry: <nil>): CreateFile c:\Users\DELL\employee-manager\dataconnect: The system cannot find the file specified.
 {"metadata":{"emulator":{"name":"dataconnect"},"message":"E0507 22:32:40.727809   20416 watch.go:76] watchAllDir unable to walk dir `c:\\Users\\DELL\\employee-manager\\dataconnect`: on path \"c:\\\\Users\\\\DELL\\\\employee-manager\\\\dataconnect\" (DirEntry: <nil>): CreateFile c:\\Users\\DELL\\employee-manager\\dataconnect: The system cannot find the file specified.\n"}}
[debug] [2025-05-07T17:02:50.728Z] E0507 22:32:50.728647   20416 load.go:23] Could not load config from "c:\\Users\\DELL\\employee-manager\\dataconnect": could not find dataconnect.yaml in `c:\Users\DELL\employee-manager\dataconnect`
 {"metadata":{"emulator":{"name":"dataconnect"},"message":"E0507 22:32:50.728647   20416 load.go:23] Could not load config from \"c:\\\\Users\\\\DELL\\\\employee-manager\\\\dataconnect\": could not find dataconnect.yaml in `c:\\Users\\DELL\\employee-manager\\dataconnect`\n"}}
[debug] [2025-05-07T17:03:00.723Z] E0507 22:33:00.724616   20416 load.go:23] Could not load config from "c:\\Users\\DELL\\employee-manager\\dataconnect": could not find dataconnect.yaml in `c:\Users\DELL\employee-manager\dataconnect`
 {"metadata":{"emulator":{"name":"dataconnect"},"message":"E0507 22:33:00.724616   20416 load.go:23] Could not load config from \"c:\\\\Users\\\\DELL\\\\employee-manager\\\\dataconnect\": could not find dataconnect.yaml in `c:\\Users\\DELL\\employee-manager\\dataconnect`\n"}}
[debug] [2025-05-07T17:03:10.723Z] E0507 22:33:10.723813   20416 load.go:23] Could not load config from "c:\\Users\\DELL\\employee-manager\\dataconnect": could not find dataconnect.yaml in `c:\Users\DELL\employee-manager\dataconnect`
 {"metadata":{"emulator":{"name":"dataconnect"},"message":"E0507 22:33:10.723813   20416 load.go:23] Could not load config from \"c:\\\\Users\\\\DELL\\\\employee-manager\\\\dataconnect\": could not find dataconnect.yaml in `c:\\Users\\DELL\\employee-manager\\dataconnect`\n"}}
[debug] [2025-05-07T17:03:20.730Z] E0507 22:33:20.731053   20416 load.go:23] Could not load config from "c:\\Users\\DELL\\employee-manager\\dataconnect": could not find dataconnect.yaml in `c:\Users\DELL\employee-manager\dataconnect`
 {"metadata":{"emulator":{"name":"dataconnect"},"message":"E0507 22:33:20.731053   20416 load.go:23] Could not load config from \"c:\\\\Users\\\\DELL\\\\employee-manager\\\\dataconnect\": could not find dataconnect.yaml in `c:\\Users\\DELL\\employee-manager\\dataconnect`\n"}}
[debug] [2025-05-07T17:03:30.735Z] E0507 22:33:30.735854   20416 load.go:23] Could not load config from "c:\\Users\\DELL\\employee-manager\\dataconnect": could not find dataconnect.yaml in `c:\Users\DELL\employee-manager\dataconnect`
 {"metadata":{"emulator":{"name":"dataconnect"},"message":"E0507 22:33:30.735854   20416 load.go:23] Could not load config from \"c:\\\\Users\\\\DELL\\\\employee-manager\\\\dataconnect\": could not find dataconnect.yaml in `c:\\Users\\DELL\\employee-manager\\dataconnect`\n"}}
[debug] [2025-05-07T17:03:40.735Z] E0507 22:33:40.735443   20416 load.go:23] Could not load config from "c:\\Users\\DELL\\employee-manager\\dataconnect": could not find dataconnect.yaml in `c:\Users\DELL\employee-manager\dataconnect`
 {"metadata":{"emulator":{"name":"dataconnect"},"message":"E0507 22:33:40.735443   20416 load.go:23] Could not load config from \"c:\\\\Users\\\\DELL\\\\employee-manager\\\\dataconnect\": could not find dataconnect.yaml in `c:\\Users\\DELL\\employee-manager\\dataconnect`\n"}}
[debug] [2025-05-07T17:03:50.725Z] E0507 22:33:50.725198   20416 load.go:23] Could not load config from "c:\\Users\\DELL\\employee-manager\\dataconnect": could not find dataconnect.yaml in `c:\Users\DELL\employee-manager\dataconnect`
 {"metadata":{"emulator":{"name":"dataconnect"},"message":"E0507 22:33:50.725198   20416 load.go:23] Could not load config from \"c:\\\\Users\\\\DELL\\\\employee-manager\\\\dataconnect\": could not find dataconnect.yaml in `c:\\Users\\DELL\\employee-manager\\dataconnect`\n"}}
[debug] [2025-05-07T17:04:00.723Z] E0507 22:34:00.723244   20416 load.go:23] Could not load config from "c:\\Users\\DELL\\employee-manager\\dataconnect": could not find dataconnect.yaml in `c:\Users\DELL\employee-manager\dataconnect`
 {"metadata":{"emulator":{"name":"dataconnect"},"message":"E0507 22:34:00.723244   20416 load.go:23] Could not load config from \"c:\\\\Users\\\\DELL\\\\employee-manager\\\\dataconnect\": could not find dataconnect.yaml in `c:\\Users\\DELL\\employee-manager\\dataconnect`\n"}}
[debug] [2025-05-07T17:04:10.736Z] E0507 22:34:10.736063   20416 load.go:23] Could not load config from "c:\\Users\\DELL\\employee-manager\\dataconnect": could not find dataconnect.yaml in `c:\Users\DELL\employee-manager\dataconnect`
 {"metadata":{"emulator":{"name":"dataconnect"},"message":"E0507 22:34:10.736063   20416 load.go:23] Could not load config from \"c:\\\\Users\\\\DELL\\\\employee-manager\\\\dataconnect\": could not find dataconnect.yaml in `c:\\Users\\DELL\\employee-manager\\dataconnect`\n"}}
[debug] [2025-05-07T17:04:20.738Z] E0507 22:34:20.738319   20416 load.go:23] Could not load config from "c:\\Users\\DELL\\employee-manager\\dataconnect": could not find dataconnect.yaml in `c:\Users\DELL\employee-manager\dataconnect`
 {"metadata":{"emulator":{"name":"dataconnect"},"message":"E0507 22:34:20.738319   20416 load.go:23] Could not load config from \"c:\\\\Users\\\\DELL\\\\employee-manager\\\\dataconnect\": could not find dataconnect.yaml in `c:\\Users\\DELL\\employee-manager\\dataconnect`\n"}}
[debug] [2025-05-07T17:04:30.728Z] E0507 22:34:30.728257   20416 load.go:23] Could not load config from "c:\\Users\\DELL\\employee-manager\\dataconnect": could not find dataconnect.yaml in `c:\Users\DELL\employee-manager\dataconnect`
 {"metadata":{"emulator":{"name":"dataconnect"},"message":"E0507 22:34:30.728257   20416 load.go:23] Could not load config from \"c:\\\\Users\\\\DELL\\\\employee-manager\\\\dataconnect\": could not find dataconnect.yaml in `c:\\Users\\DELL\\employee-manager\\dataconnect`\n"}}
[debug] [2025-05-07T17:04:40.731Z] E0507 22:34:40.730832   20416 load.go:23] Could not load config from "c:\\Users\\DELL\\employee-manager\\dataconnect": could not find dataconnect.yaml in `c:\Users\DELL\employee-manager\dataconnect`
E0507 22:34:40.730832   20416 watch.go:76] watchAllDir unable to walk dir `c:\Users\DELL\employee-manager\dataconnect`: on path "c:\\Users\\DELL\\employee-manager\\dataconnect" (DirEntry: <nil>): CreateFile c:\Users\DELL\employee-manager\dataconnect: The system cannot find the file specified.
 {"metadata":{"emulator":{"name":"dataconnect"},"message":"E0507 22:34:40.730832   20416 load.go:23] Could not load config from \"c:\\\\Users\\\\DELL\\\\employee-manager\\\\dataconnect\": could not find dataconnect.yaml in `c:\\Users\\DELL\\employee-manager\\dataconnect`\nE0507 22:34:40.730832   20416 watch.go:76] watchAllDir unable to walk dir `c:\\Users\\DELL\\employee-manager\\dataconnect`: on path \"c:\\\\Users\\\\DELL\\\\employee-manager\\\\dataconnect\" (DirEntry: <nil>): CreateFile c:\\Users\\DELL\\employee-manager\\dataconnect: The system cannot find the file specified.\n"}}
[debug] [2025-05-07T17:04:50.730Z] E0507 22:34:50.730163   20416 load.go:23] Could not load config from "c:\\Users\\DELL\\employee-manager\\dataconnect": could not find dataconnect.yaml in `c:\Users\DELL\employee-manager\dataconnect`
 {"metadata":{"emulator":{"name":"dataconnect"},"message":"E0507 22:34:50.730163   20416 load.go:23] Could not load config from \"c:\\\\Users\\\\DELL\\\\employee-manager\\\\dataconnect\": could not find dataconnect.yaml in `c:\\Users\\DELL\\employee-manager\\dataconnect`\n"}}
[debug] [2025-05-07T17:05:00.730Z] E0507 22:35:00.730516   20416 load.go:23] Could not load config from "c:\\Users\\DELL\\employee-manager\\dataconnect": could not find dataconnect.yaml in `c:\Users\DELL\employee-manager\dataconnect`
 {"metadata":{"emulator":{"name":"dataconnect"},"message":"E0507 22:35:00.730516   20416 load.go:23] Could not load config from \"c:\\\\Users\\\\DELL\\\\employee-manager\\\\dataconnect\": could not find dataconnect.yaml in `c:\\Users\\DELL\\employee-manager\\dataconnect`\n"}}
[debug] [2025-05-07T17:05:10.731Z] E0507 22:35:10.731105   20416 load.go:23] Could not load config from "c:\\Users\\DELL\\employee-manager\\dataconnect": could not find dataconnect.yaml in `c:\Users\DELL\employee-manager\dataconnect`
 {"metadata":{"emulator":{"name":"dataconnect"},"message":"E0507 22:35:10.731105   20416 load.go:23] Could not load config from \"c:\\\\Users\\\\DELL\\\\employee-manager\\\\dataconnect\": could not find dataconnect.yaml in `c:\\Users\\DELL\\employee-manager\\dataconnect`\n"}}
[debug] [2025-05-07T17:05:20.729Z] E0507 22:35:20.728606   20416 load.go:23] Could not load config from "c:\\Users\\DELL\\employee-manager\\dataconnect": could not find dataconnect.yaml in `c:\Users\DELL\employee-manager\dataconnect`
 {"metadata":{"emulator":{"name":"dataconnect"},"message":"E0507 22:35:20.728606   20416 load.go:23] Could not load config from \"c:\\\\Users\\\\DELL\\\\employee-manager\\\\dataconnect\": could not find dataconnect.yaml in `c:\\Users\\DELL\\employee-manager\\dataconnect`\n"}}
[debug] [2025-05-07T17:05:30.729Z] E0507 22:35:30.729569   20416 load.go:23] Could not load config from "c:\\Users\\DELL\\employee-manager\\dataconnect": could not find dataconnect.yaml in `c:\Users\DELL\employee-manager\dataconnect`
 {"metadata":{"emulator":{"name":"dataconnect"},"message":"E0507 22:35:30.729569   20416 load.go:23] Could not load config from \"c:\\\\Users\\\\DELL\\\\employee-manager\\\\dataconnect\": could not find dataconnect.yaml in `c:\\Users\\DELL\\employee-manager\\dataconnect`\n"}}
[debug] [2025-05-07T17:05:40.723Z] E0507 22:35:40.723248   20416 load.go:23] Could not load config from "c:\\Users\\DELL\\employee-manager\\dataconnect": could not find dataconnect.yaml in `c:\Users\DELL\employee-manager\dataconnect`
 {"metadata":{"emulator":{"name":"dataconnect"},"message":"E0507 22:35:40.723248   20416 load.go:23] Could not load config from \"c:\\\\Users\\\\DELL\\\\employee-manager\\\\dataconnect\": could not find dataconnect.yaml in `c:\\Users\\DELL\\employee-manager\\dataconnect`\n"}}
[debug] [2025-05-07T17:05:50.732Z] E0507 22:35:50.732136   20416 load.go:23] Could not load config from "c:\\Users\\DELL\\employee-manager\\dataconnect": could not find dataconnect.yaml in `c:\Users\DELL\employee-manager\dataconnect`
 {"metadata":{"emulator":{"name":"dataconnect"},"message":"E0507 22:35:50.732136   20416 load.go:23] Could not load config from \"c:\\\\Users\\\\DELL\\\\employee-manager\\\\dataconnect\": could not find dataconnect.yaml in `c:\\Users\\DELL\\employee-manager\\dataconnect`\n"}}
[debug] [2025-05-07T17:06:00.732Z] E0507 22:36:00.732337   20416 load.go:23] Could not load config from "c:\\Users\\DELL\\employee-manager\\dataconnect": could not find dataconnect.yaml in `c:\Users\DELL\employee-manager\dataconnect`
 {"metadata":{"emulator":{"name":"dataconnect"},"message":"E0507 22:36:00.732337   20416 load.go:23] Could not load config from \"c:\\\\Users\\\\DELL\\\\employee-manager\\\\dataconnect\": could not find dataconnect.yaml in `c:\\Users\\DELL\\employee-manager\\dataconnect`\n"}}
[debug] [2025-05-07T17:06:10.727Z] E0507 22:36:10.726573   20416 load.go:23] Could not load config from "c:\\Users\\DELL\\employee-manager\\dataconnect": could not find dataconnect.yaml in `c:\Users\DELL\employee-manager\dataconnect`
 {"metadata":{"emulator":{"name":"dataconnect"},"message":"E0507 22:36:10.726573   20416 load.go:23] Could not load config from \"c:\\\\Users\\\\DELL\\\\employee-manager\\\\dataconnect\": could not find dataconnect.yaml in `c:\\Users\\DELL\\employee-manager\\dataconnect`\n"}}
[debug] [2025-05-07T17:06:20.730Z] E0507 22:36:20.730290   20416 load.go:23] Could not load config from "c:\\Users\\DELL\\employee-manager\\dataconnect": could not find dataconnect.yaml in `c:\Users\DELL\employee-manager\dataconnect`
 {"metadata":{"emulator":{"name":"dataconnect"},"message":"E0507 22:36:20.730290   20416 load.go:23] Could not load config from \"c:\\\\Users\\\\DELL\\\\employee-manager\\\\dataconnect\": could not find dataconnect.yaml in `c:\\Users\\DELL\\employee-manager\\dataconnect`\n"}}
[debug] [2025-05-07T17:06:30.737Z] E0507 22:36:30.737088   20416 load.go:23] Could not load config from "c:\\Users\\DELL\\employee-manager\\dataconnect": could not find dataconnect.yaml in `c:\Users\DELL\employee-manager\dataconnect`
 {"metadata":{"emulator":{"name":"dataconnect"},"message":"E0507 22:36:30.737088   20416 load.go:23] Could not load config from \"c:\\\\Users\\\\DELL\\\\employee-manager\\\\dataconnect\": could not find dataconnect.yaml in `c:\\Users\\DELL\\employee-manager\\dataconnect`\n"}}
[debug] [2025-05-07T17:06:40.733Z] E0507 22:36:40.733565   20416 load.go:23] Could not load config from "c:\\Users\\DELL\\employee-manager\\dataconnect": could not find dataconnect.yaml in `c:\Users\DELL\employee-manager\dataconnect`
 {"metadata":{"emulator":{"name":"dataconnect"},"message":"E0507 22:36:40.733565   20416 load.go:23] Could not load config from \"c:\\\\Users\\\\DELL\\\\employee-manager\\\\dataconnect\": could not find dataconnect.yaml in `c:\\Users\\DELL\\employee-manager\\dataconnect`\n"}}
[debug] [2025-05-07T17:06:40.736Z] E0507 22:36:40.733565   20416 watch.go:76] watchAllDir unable to walk dir `c:\Users\DELL\employee-manager\dataconnect`: on path "c:\\Users\\DELL\\employee-manager\\dataconnect" (DirEntry: <nil>): CreateFile c:\Users\DELL\employee-manager\dataconnect: The system cannot find the file specified.
 {"metadata":{"emulator":{"name":"dataconnect"},"message":"E0507 22:36:40.733565   20416 watch.go:76] watchAllDir unable to walk dir `c:\\Users\\DELL\\employee-manager\\dataconnect`: on path \"c:\\\\Users\\\\DELL\\\\employee-manager\\\\dataconnect\" (DirEntry: <nil>): CreateFile c:\\Users\\DELL\\employee-manager\\dataconnect: The system cannot find the file specified.\n"}}
[debug] [2025-05-07T17:06:50.727Z] E0507 22:36:50.726881   20416 load.go:23] Could not load config from "c:\\Users\\DELL\\employee-manager\\dataconnect": could not find dataconnect.yaml in `c:\Users\DELL\employee-manager\dataconnect`
 {"metadata":{"emulator":{"name":"dataconnect"},"message":"E0507 22:36:50.726881   20416 load.go:23] Could not load config from \"c:\\\\Users\\\\DELL\\\\employee-manager\\\\dataconnect\": could not find dataconnect.yaml in `c:\\Users\\DELL\\employee-manager\\dataconnect`\n"}}
[debug] [2025-05-07T17:07:00.726Z] E0507 22:37:00.725900   20416 load.go:23] Could not load config from "c:\\Users\\DELL\\employee-manager\\dataconnect": could not find dataconnect.yaml in `c:\Users\DELL\employee-manager\dataconnect`
 {"metadata":{"emulator":{"name":"dataconnect"},"message":"E0507 22:37:00.725900   20416 load.go:23] Could not load config from \"c:\\\\Users\\\\DELL\\\\employee-manager\\\\dataconnect\": could not find dataconnect.yaml in `c:\\Users\\DELL\\employee-manager\\dataconnect`\n"}}
[debug] [2025-05-07T17:07:10.728Z] E0507 22:37:10.728416   20416 load.go:23] Could not load config from "c:\\Users\\DELL\\employee-manager\\dataconnect": could not find dataconnect.yaml in `c:\Users\DELL\employee-manager\dataconnect`
 {"metadata":{"emulator":{"name":"dataconnect"},"message":"E0507 22:37:10.728416   20416 load.go:23] Could not load config from \"c:\\\\Users\\\\DELL\\\\employee-manager\\\\dataconnect\": could not find dataconnect.yaml in `c:\\Users\\DELL\\employee-manager\\dataconnect`\n"}}
[debug] [2025-05-07T17:07:20.737Z] E0507 22:37:20.736710   20416 load.go:23] Could not load config from "c:\\Users\\DELL\\employee-manager\\dataconnect": could not find dataconnect.yaml in `c:\Users\DELL\employee-manager\dataconnect`
 {"metadata":{"emulator":{"name":"dataconnect"},"message":"E0507 22:37:20.736710   20416 load.go:23] Could not load config from \"c:\\\\Users\\\\DELL\\\\employee-manager\\\\dataconnect\": could not find dataconnect.yaml in `c:\\Users\\DELL\\employee-manager\\dataconnect`\n"}}
[debug] [2025-05-07T17:07:30.731Z] E0507 22:37:30.731262   20416 load.go:23] Could not load config from "c:\\Users\\DELL\\employee-manager\\dataconnect": could not find dataconnect.yaml in `c:\Users\DELL\employee-manager\dataconnect`
 {"metadata":{"emulator":{"name":"dataconnect"},"message":"E0507 22:37:30.731262   20416 load.go:23] Could not load config from \"c:\\\\Users\\\\DELL\\\\employee-manager\\\\dataconnect\": could not find dataconnect.yaml in `c:\\Users\\DELL\\employee-manager\\dataconnect`\n"}}
[debug] [2025-05-07T17:07:40.719Z] E0507 22:37:40.726157   20416 load.go:23] Could not load config from "c:\\Users\\DELL\\employee-manager\\dataconnect": could not find dataconnect.yaml in `c:\Users\DELL\employee-manager\dataconnect`
 {"metadata":{"emulator":{"name":"dataconnect"},"message":"E0507 22:37:40.726157   20416 load.go:23] Could not load config from \"c:\\\\Users\\\\DELL\\\\employee-manager\\\\dataconnect\": could not find dataconnect.yaml in `c:\\Users\\DELL\\employee-manager\\dataconnect`\n"}}
[debug] [2025-05-07T17:07:50.722Z] E0507 22:37:50.728905   20416 load.go:23] Could not load config from "c:\\Users\\DELL\\employee-manager\\dataconnect": could not find dataconnect.yaml in `c:\Users\DELL\employee-manager\dataconnect`
 {"metadata":{"emulator":{"name":"dataconnect"},"message":"E0507 22:37:50.728905   20416 load.go:23] Could not load config from \"c:\\\\Users\\\\DELL\\\\employee-manager\\\\dataconnect\": could not find dataconnect.yaml in `c:\\Users\\DELL\\employee-manager\\dataconnect`\n"}}
[debug] [2025-05-07T17:08:00.723Z] E0507 22:38:00.729577   20416 load.go:23] Could not load config from "c:\\Users\\DELL\\employee-manager\\dataconnect": could not find dataconnect.yaml in `c:\Users\DELL\employee-manager\dataconnect`
 {"metadata":{"emulator":{"name":"dataconnect"},"message":"E0507 22:38:00.729577   20416 load.go:23] Could not load config from \"c:\\\\Users\\\\DELL\\\\employee-manager\\\\dataconnect\": could not find dataconnect.yaml in `c:\\Users\\DELL\\employee-manager\\dataconnect`\n"}}
[debug] [2025-05-07T17:08:10.721Z] E0507 22:38:10.727814   20416 load.go:23] Could not load config from "c:\\Users\\DELL\\employee-manager\\dataconnect": could not find dataconnect.yaml in `c:\Users\DELL\employee-manager\dataconnect`
 {"metadata":{"emulator":{"name":"dataconnect"},"message":"E0507 22:38:10.727814   20416 load.go:23] Could not load config from \"c:\\\\Users\\\\DELL\\\\employee-manager\\\\dataconnect\": could not find dataconnect.yaml in `c:\\Users\\DELL\\employee-manager\\dataconnect`\n"}}
[debug] [2025-05-07T17:08:20.717Z] E0507 22:38:20.723664   20416 load.go:23] Could not load config from "c:\\Users\\DELL\\employee-manager\\dataconnect": could not find dataconnect.yaml in `c:\Users\DELL\employee-manager\dataconnect`
 {"metadata":{"emulator":{"name":"dataconnect"},"message":"E0507 22:38:20.723664   20416 load.go:23] Could not load config from \"c:\\\\Users\\\\DELL\\\\employee-manager\\\\dataconnect\": could not find dataconnect.yaml in `c:\\Users\\DELL\\employee-manager\\dataconnect`\n"}}
[debug] [2025-05-07T17:08:30.715Z] E0507 22:38:30.722546   20416 load.go:23] Could not load config from "c:\\Users\\DELL\\employee-manager\\dataconnect": could not find dataconnect.yaml in `c:\Users\DELL\employee-manager\dataconnect`
 {"metadata":{"emulator":{"name":"dataconnect"},"message":"E0507 22:38:30.722546   20416 load.go:23] Could not load config from \"c:\\\\Users\\\\DELL\\\\employee-manager\\\\dataconnect\": could not find dataconnect.yaml in `c:\\Users\\DELL\\employee-manager\\dataconnect`\n"}}
[debug] [2025-05-07T17:08:40.726Z] E0507 22:38:40.725872   20416 load.go:23] Could not load config from "c:\\Users\\DELL\\employee-manager\\dataconnect": could not find dataconnect.yaml in `c:\Users\DELL\employee-manager\dataconnect`
E0507 22:38:40.725872   20416 watch.go:76] watchAllDir unable to walk dir `c:\Users\DELL\employee-manager\dataconnect`: on path "c:\\Users\\DELL\\employee-manager\\dataconnect" (DirEntry: <nil>): CreateFile c:\Users\DELL\employee-manager\dataconnect: The system cannot find the file specified.
 {"metadata":{"emulator":{"name":"dataconnect"},"message":"E0507 22:38:40.725872   20416 load.go:23] Could not load config from \"c:\\\\Users\\\\DELL\\\\employee-manager\\\\dataconnect\": could not find dataconnect.yaml in `c:\\Users\\DELL\\employee-manager\\dataconnect`\nE0507 22:38:40.725872   20416 watch.go:76] watchAllDir unable to walk dir `c:\\Users\\DELL\\employee-manager\\dataconnect`: on path \"c:\\\\Users\\\\DELL\\\\employee-manager\\\\dataconnect\" (DirEntry: <nil>): CreateFile c:\\Users\\DELL\\employee-manager\\dataconnect: The system cannot find the file specified.\n"}}
[debug] [2025-05-07T17:08:50.733Z] E0507 22:38:50.732903   20416 load.go:23] Could not load config from "c:\\Users\\DELL\\employee-manager\\dataconnect": could not find dataconnect.yaml in `c:\Users\DELL\employee-manager\dataconnect`
 {"metadata":{"emulator":{"name":"dataconnect"},"message":"E0507 22:38:50.732903   20416 load.go:23] Could not load config from \"c:\\\\Users\\\\DELL\\\\employee-manager\\\\dataconnect\": could not find dataconnect.yaml in `c:\\Users\\DELL\\employee-manager\\dataconnect`\n"}}
[debug] [2025-05-07T17:09:00.729Z] E0507 22:39:00.729063   20416 load.go:23] Could not load config from "c:\\Users\\DELL\\employee-manager\\dataconnect": could not find dataconnect.yaml in `c:\Users\DELL\employee-manager\dataconnect`
 {"metadata":{"emulator":{"name":"dataconnect"},"message":"E0507 22:39:00.729063   20416 load.go:23] Could not load config from \"c:\\\\Users\\\\DELL\\\\employee-manager\\\\dataconnect\": could not find dataconnect.yaml in `c:\\Users\\DELL\\employee-manager\\dataconnect`\n"}}
[debug] [2025-05-07T17:09:10.723Z] E0507 22:39:10.723263   20416 load.go:23] Could not load config from "c:\\Users\\DELL\\employee-manager\\dataconnect": could not find dataconnect.yaml in `c:\Users\DELL\employee-manager\dataconnect`
 {"metadata":{"emulator":{"name":"dataconnect"},"message":"E0507 22:39:10.723263   20416 load.go:23] Could not load config from \"c:\\\\Users\\\\DELL\\\\employee-manager\\\\dataconnect\": could not find dataconnect.yaml in `c:\\Users\\DELL\\employee-manager\\dataconnect`\n"}}
[debug] [2025-05-07T17:09:20.774Z] E0507 22:39:20.735566   20416 load.go:23] Could not load config from "c:\\Users\\DELL\\employee-manager\\dataconnect": could not find dataconnect.yaml in `c:\Users\DELL\employee-manager\dataconnect`
 {"metadata":{"emulator":{"name":"dataconnect"},"message":"E0507 22:39:20.735566   20416 load.go:23] Could not load config from \"c:\\\\Users\\\\DELL\\\\employee-manager\\\\dataconnect\": could not find dataconnect.yaml in `c:\\Users\\DELL\\employee-manager\\dataconnect`\n"}}
[debug] [2025-05-07T17:09:30.726Z] E0507 22:39:30.726160   20416 load.go:23] Could not load config from "c:\\Users\\DELL\\employee-manager\\dataconnect": could not find dataconnect.yaml in `c:\Users\DELL\employee-manager\dataconnect`
 {"metadata":{"emulator":{"name":"dataconnect"},"message":"E0507 22:39:30.726160   20416 load.go:23] Could not load config from \"c:\\\\Users\\\\DELL\\\\employee-manager\\\\dataconnect\": could not find dataconnect.yaml in `c:\\Users\\DELL\\employee-manager\\dataconnect`\n"}}
[debug] [2025-05-07T17:09:40.723Z] E0507 22:39:40.723517   20416 load.go:23] Could not load config from "c:\\Users\\DELL\\employee-manager\\dataconnect": could not find dataconnect.yaml in `c:\Users\DELL\employee-manager\dataconnect`
 {"metadata":{"emulator":{"name":"dataconnect"},"message":"E0507 22:39:40.723517   20416 load.go:23] Could not load config from \"c:\\\\Users\\\\DELL\\\\employee-manager\\\\dataconnect\": could not find dataconnect.yaml in `c:\\Users\\DELL\\employee-manager\\dataconnect`\n"}}
[debug] [2025-05-07T17:09:50.723Z] E0507 22:39:50.724118   20416 load.go:23] Could not load config from "c:\\Users\\DELL\\employee-manager\\dataconnect": could not find dataconnect.yaml in `c:\Users\DELL\employee-manager\dataconnect`
 {"metadata":{"emulator":{"name":"dataconnect"},"message":"E0507 22:39:50.724118   20416 load.go:23] Could not load config from \"c:\\\\Users\\\\DELL\\\\employee-manager\\\\dataconnect\": could not find dataconnect.yaml in `c:\\Users\\DELL\\employee-manager\\dataconnect`\n"}}
[debug] [2025-05-07T17:10:00.736Z] E0507 22:40:00.736018   20416 load.go:23] Could not load config from "c:\\Users\\DELL\\employee-manager\\dataconnect": could not find dataconnect.yaml in `c:\Users\DELL\employee-manager\dataconnect`
 {"metadata":{"emulator":{"name":"dataconnect"},"message":"E0507 22:40:00.736018   20416 load.go:23] Could not load config from \"c:\\\\Users\\\\DELL\\\\employee-manager\\\\dataconnect\": could not find dataconnect.yaml in `c:\\Users\\DELL\\employee-manager\\dataconnect`\n"}}
[debug] [2025-05-07T17:10:10.730Z] E0507 22:40:10.731465   20416 load.go:23] Could not load config from "c:\\Users\\DELL\\employee-manager\\dataconnect": could not find dataconnect.yaml in `c:\Users\DELL\employee-manager\dataconnect`
 {"metadata":{"emulator":{"name":"dataconnect"},"message":"E0507 22:40:10.731465   20416 load.go:23] Could not load config from \"c:\\\\Users\\\\DELL\\\\employee-manager\\\\dataconnect\": could not find dataconnect.yaml in `c:\\Users\\DELL\\employee-manager\\dataconnect`\n"}}
[debug] [2025-05-07T17:10:20.734Z] E0507 22:40:20.734189   20416 load.go:23] Could not load config from "c:\\Users\\DELL\\employee-manager\\dataconnect": could not find dataconnect.yaml in `c:\Users\DELL\employee-manager\dataconnect`
 {"metadata":{"emulator":{"name":"dataconnect"},"message":"E0507 22:40:20.734189   20416 load.go:23] Could not load config from \"c:\\\\Users\\\\DELL\\\\employee-manager\\\\dataconnect\": could not find dataconnect.yaml in `c:\\Users\\DELL\\employee-manager\\dataconnect`\n"}}
[debug] [2025-05-07T17:10:30.724Z] E0507 22:40:30.724717   20416 load.go:23] Could not load config from "c:\\Users\\DELL\\employee-manager\\dataconnect": could not find dataconnect.yaml in `c:\Users\DELL\employee-manager\dataconnect`
 {"metadata":{"emulator":{"name":"dataconnect"},"message":"E0507 22:40:30.724717   20416 load.go:23] Could not load config from \"c:\\\\Users\\\\DELL\\\\employee-manager\\\\dataconnect\": could not find dataconnect.yaml in `c:\\Users\\DELL\\employee-manager\\dataconnect`\n"}}
[debug] [2025-05-07T17:10:40.722Z] E0507 22:40:40.722570   20416 load.go:23] Could not load config from "c:\\Users\\DELL\\employee-manager\\dataconnect": could not find dataconnect.yaml in `c:\Users\DELL\employee-manager\dataconnect`
E0507 22:40:40.722570   20416 watch.go:76] watchAllDir unable to walk dir `c:\Users\DELL\employee-manager\dataconnect`: on path "c:\\Users\\DELL\\employee-manager\\dataconnect" (DirEntry: <nil>): CreateFile c:\Users\DELL\employee-manager\dataconnect: The system cannot find the file specified.
 {"metadata":{"emulator":{"name":"dataconnect"},"message":"E0507 22:40:40.722570   20416 load.go:23] Could not load config from \"c:\\\\Users\\\\DELL\\\\employee-manager\\\\dataconnect\": could not find dataconnect.yaml in `c:\\Users\\DELL\\employee-manager\\dataconnect`\nE0507 22:40:40.722570   20416 watch.go:76] watchAllDir unable to walk dir `c:\\Users\\DELL\\employee-manager\\dataconnect`: on path \"c:\\\\Users\\\\DELL\\\\employee-manager\\\\dataconnect\" (DirEntry: <nil>): CreateFile c:\\Users\\DELL\\employee-manager\\dataconnect: The system cannot find the file specified.\n"}}
[debug] [2025-05-07T17:10:50.733Z] E0507 22:40:50.736646   20416 load.go:23] Could not load config from "c:\\Users\\DELL\\employee-manager\\dataconnect": could not find dataconnect.yaml in `c:\Users\DELL\employee-manager\dataconnect`
 {"metadata":{"emulator":{"name":"dataconnect"},"message":"E0507 22:40:50.736646   20416 load.go:23] Could not load config from \"c:\\\\Users\\\\DELL\\\\employee-manager\\\\dataconnect\": could not find dataconnect.yaml in `c:\\Users\\DELL\\employee-manager\\dataconnect`\n"}}
[debug] [2025-05-07T17:11:00.729Z] E0507 22:41:00.732180   20416 load.go:23] Could not load config from "c:\\Users\\DELL\\employee-manager\\dataconnect": could not find dataconnect.yaml in `c:\Users\DELL\employee-manager\dataconnect`
 {"metadata":{"emulator":{"name":"dataconnect"},"message":"E0507 22:41:00.732180   20416 load.go:23] Could not load config from \"c:\\\\Users\\\\DELL\\\\employee-manager\\\\dataconnect\": could not find dataconnect.yaml in `c:\\Users\\DELL\\employee-manager\\dataconnect`\n"}}
[debug] [2025-05-07T17:11:10.730Z] E0507 22:41:10.733052   20416 load.go:23] Could not load config from "c:\\Users\\DELL\\employee-manager\\dataconnect": could not find dataconnect.yaml in `c:\Users\DELL\employee-manager\dataconnect`
 {"metadata":{"emulator":{"name":"dataconnect"},"message":"E0507 22:41:10.733052   20416 load.go:23] Could not load config from \"c:\\\\Users\\\\DELL\\\\employee-manager\\\\dataconnect\": could not find dataconnect.yaml in `c:\\Users\\DELL\\employee-manager\\dataconnect`\n"}}
[debug] [2025-05-07T17:11:20.725Z] E0507 22:41:20.728499   20416 load.go:23] Could not load config from "c:\\Users\\DELL\\employee-manager\\dataconnect": could not find dataconnect.yaml in `c:\Users\DELL\employee-manager\dataconnect`
 {"metadata":{"emulator":{"name":"dataconnect"},"message":"E0507 22:41:20.728499   20416 load.go:23] Could not load config from \"c:\\\\Users\\\\DELL\\\\employee-manager\\\\dataconnect\": could not find dataconnect.yaml in `c:\\Users\\DELL\\employee-manager\\dataconnect`\n"}}
[debug] [2025-05-07T17:11:30.722Z] E0507 22:41:30.725569   20416 load.go:23] Could not load config from "c:\\Users\\DELL\\employee-manager\\dataconnect": could not find dataconnect.yaml in `c:\Users\DELL\employee-manager\dataconnect`
 {"metadata":{"emulator":{"name":"dataconnect"},"message":"E0507 22:41:30.725569   20416 load.go:23] Could not load config from \"c:\\\\Users\\\\DELL\\\\employee-manager\\\\dataconnect\": could not find dataconnect.yaml in `c:\\Users\\DELL\\employee-manager\\dataconnect`\n"}}
[debug] [2025-05-07T17:11:40.720Z] E0507 22:41:40.723830   20416 load.go:23] Could not load config from "c:\\Users\\DELL\\employee-manager\\dataconnect": could not find dataconnect.yaml in `c:\Users\DELL\employee-manager\dataconnect`
 {"metadata":{"emulator":{"name":"dataconnect"},"message":"E0507 22:41:40.723830   20416 load.go:23] Could not load config from \"c:\\\\Users\\\\DELL\\\\employee-manager\\\\dataconnect\": could not find dataconnect.yaml in `c:\\Users\\DELL\\employee-manager\\dataconnect`\n"}}
[debug] [2025-05-07T17:11:50.723Z] E0507 22:41:50.723280   20416 load.go:23] Could not load config from "c:\\Users\\DELL\\employee-manager\\dataconnect": could not find dataconnect.yaml in `c:\Users\DELL\employee-manager\dataconnect`
 {"metadata":{"emulator":{"name":"dataconnect"},"message":"E0507 22:41:50.723280   20416 load.go:23] Could not load config from \"c:\\\\Users\\\\DELL\\\\employee-manager\\\\dataconnect\": could not find dataconnect.yaml in `c:\\Users\\DELL\\employee-manager\\dataconnect`\n"}}
[debug] [2025-05-07T17:12:00.727Z] E0507 22:42:00.727393   20416 load.go:23] Could not load config from "c:\\Users\\DELL\\employee-manager\\dataconnect": could not find dataconnect.yaml in `c:\Users\DELL\employee-manager\dataconnect`
 {"metadata":{"emulator":{"name":"dataconnect"},"message":"E0507 22:42:00.727393   20416 load.go:23] Could not load config from \"c:\\\\Users\\\\DELL\\\\employee-manager\\\\dataconnect\": could not find dataconnect.yaml in `c:\\Users\\DELL\\employee-manager\\dataconnect`\n"}}
[debug] [2025-05-07T17:12:10.727Z] E0507 22:42:10.726933   20416 load.go:23] Could not load config from "c:\\Users\\DELL\\employee-manager\\dataconnect": could not find dataconnect.yaml in `c:\Users\DELL\employee-manager\dataconnect`
 {"metadata":{"emulator":{"name":"dataconnect"},"message":"E0507 22:42:10.726933   20416 load.go:23] Could not load config from \"c:\\\\Users\\\\DELL\\\\employee-manager\\\\dataconnect\": could not find dataconnect.yaml in `c:\\Users\\DELL\\employee-manager\\dataconnect`\n"}}
[debug] [2025-05-07T17:12:20.735Z] E0507 22:42:20.729004   20416 load.go:23] Could not load config from "c:\\Users\\DELL\\employee-manager\\dataconnect": could not find dataconnect.yaml in `c:\Users\DELL\employee-manager\dataconnect`
 {"metadata":{"emulator":{"name":"dataconnect"},"message":"E0507 22:42:20.729004   20416 load.go:23] Could not load config from \"c:\\\\Users\\\\DELL\\\\employee-manager\\\\dataconnect\": could not find dataconnect.yaml in `c:\\Users\\DELL\\employee-manager\\dataconnect`\n"}}
[debug] [2025-05-07T17:12:30.727Z] E0507 22:42:30.727205   20416 load.go:23] Could not load config from "c:\\Users\\DELL\\employee-manager\\dataconnect": could not find dataconnect.yaml in `c:\Users\DELL\employee-manager\dataconnect`
 {"metadata":{"emulator":{"name":"dataconnect"},"message":"E0507 22:42:30.727205   20416 load.go:23] Could not load config from \"c:\\\\Users\\\\DELL\\\\employee-manager\\\\dataconnect\": could not find dataconnect.yaml in `c:\\Users\\DELL\\employee-manager\\dataconnect`\n"}}
[debug] [2025-05-07T17:12:40.743Z] E0507 22:42:40.742653   20416 load.go:23] Could not load config from "c:\\Users\\DELL\\employee-manager\\dataconnect": could not find dataconnect.yaml in `c:\Users\DELL\employee-manager\dataconnect`
E0507 22:42:40.743212   20416 watch.go:76] watchAllDir unable to walk dir `c:\Users\DELL\employee-manager\dataconnect`: on path "c:\\Users\\DELL\\employee-manager\\dataconnect" (DirEntry: <nil>): CreateFile c:\Users\DELL\employee-manager\dataconnect: The system cannot find the file specified.
 {"metadata":{"emulator":{"name":"dataconnect"},"message":"E0507 22:42:40.742653   20416 load.go:23] Could not load config from \"c:\\\\Users\\\\DELL\\\\employee-manager\\\\dataconnect\": could not find dataconnect.yaml in `c:\\Users\\DELL\\employee-manager\\dataconnect`\nE0507 22:42:40.743212   20416 watch.go:76] watchAllDir unable to walk dir `c:\\Users\\DELL\\employee-manager\\dataconnect`: on path \"c:\\\\Users\\\\DELL\\\\employee-manager\\\\dataconnect\" (DirEntry: <nil>): CreateFile c:\\Users\\DELL\\employee-manager\\dataconnect: The system cannot find the file specified.\n"}}
[debug] [2025-05-07T17:12:50.728Z] E0507 22:42:50.728284   20416 load.go:23] Could not load config from "c:\\Users\\DELL\\employee-manager\\dataconnect": could not find dataconnect.yaml in `c:\Users\DELL\employee-manager\dataconnect`
 {"metadata":{"emulator":{"name":"dataconnect"},"message":"E0507 22:42:50.728284   20416 load.go:23] Could not load config from \"c:\\\\Users\\\\DELL\\\\employee-manager\\\\dataconnect\": could not find dataconnect.yaml in `c:\\Users\\DELL\\employee-manager\\dataconnect`\n"}}
[debug] [2025-05-07T17:13:00.733Z] E0507 22:43:00.733451   20416 load.go:23] Could not load config from "c:\\Users\\DELL\\employee-manager\\dataconnect": could not find dataconnect.yaml in `c:\Users\DELL\employee-manager\dataconnect`
 {"metadata":{"emulator":{"name":"dataconnect"},"message":"E0507 22:43:00.733451   20416 load.go:23] Could not load config from \"c:\\\\Users\\\\DELL\\\\employee-manager\\\\dataconnect\": could not find dataconnect.yaml in `c:\\Users\\DELL\\employee-manager\\dataconnect`\n"}}
[debug] [2025-05-07T17:13:10.733Z] E0507 22:43:10.732840   20416 load.go:23] Could not load config from "c:\\Users\\DELL\\employee-manager\\dataconnect": could not find dataconnect.yaml in `c:\Users\DELL\employee-manager\dataconnect`
 {"metadata":{"emulator":{"name":"dataconnect"},"message":"E0507 22:43:10.732840   20416 load.go:23] Could not load config from \"c:\\\\Users\\\\DELL\\\\employee-manager\\\\dataconnect\": could not find dataconnect.yaml in `c:\\Users\\DELL\\employee-manager\\dataconnect`\n"}}
[debug] [2025-05-07T17:13:20.724Z] E0507 22:43:20.724154   20416 load.go:23] Could not load config from "c:\\Users\\DELL\\employee-manager\\dataconnect": could not find dataconnect.yaml in `c:\Users\DELL\employee-manager\dataconnect`
 {"metadata":{"emulator":{"name":"dataconnect"},"message":"E0507 22:43:20.724154   20416 load.go:23] Could not load config from \"c:\\\\Users\\\\DELL\\\\employee-manager\\\\dataconnect\": could not find dataconnect.yaml in `c:\\Users\\DELL\\employee-manager\\dataconnect`\n"}}
[debug] [2025-05-07T17:13:30.723Z] E0507 22:43:30.722678   20416 load.go:23] Could not load config from "c:\\Users\\DELL\\employee-manager\\dataconnect": could not find dataconnect.yaml in `c:\Users\DELL\employee-manager\dataconnect`
 {"metadata":{"emulator":{"name":"dataconnect"},"message":"E0507 22:43:30.722678   20416 load.go:23] Could not load config from \"c:\\\\Users\\\\DELL\\\\employee-manager\\\\dataconnect\": could not find dataconnect.yaml in `c:\\Users\\DELL\\employee-manager\\dataconnect`\n"}}
[debug] [2025-05-07T17:13:40.721Z] E0507 22:43:40.721596   20416 load.go:23] Could not load config from "c:\\Users\\DELL\\employee-manager\\dataconnect": could not find dataconnect.yaml in `c:\Users\DELL\employee-manager\dataconnect`
 {"metadata":{"emulator":{"name":"dataconnect"},"message":"E0507 22:43:40.721596   20416 load.go:23] Could not load config from \"c:\\\\Users\\\\DELL\\\\employee-manager\\\\dataconnect\": could not find dataconnect.yaml in `c:\\Users\\DELL\\employee-manager\\dataconnect`\n"}}
[debug] [2025-05-07T17:13:50.724Z] E0507 22:43:50.724374   20416 load.go:23] Could not load config from "c:\\Users\\DELL\\employee-manager\\dataconnect": could not find dataconnect.yaml in `c:\Users\DELL\employee-manager\dataconnect`
 {"metadata":{"emulator":{"name":"dataconnect"},"message":"E0507 22:43:50.724374   20416 load.go:23] Could not load config from \"c:\\\\Users\\\\DELL\\\\employee-manager\\\\dataconnect\": could not find dataconnect.yaml in `c:\\Users\\DELL\\employee-manager\\dataconnect`\n"}}
[debug] [2025-05-07T17:14:00.724Z] E0507 22:44:00.724582   20416 load.go:23] Could not load config from "c:\\Users\\DELL\\employee-manager\\dataconnect": could not find dataconnect.yaml in `c:\Users\DELL\employee-manager\dataconnect`
 {"metadata":{"emulator":{"name":"dataconnect"},"message":"E0507 22:44:00.724582   20416 load.go:23] Could not load config from \"c:\\\\Users\\\\DELL\\\\employee-manager\\\\dataconnect\": could not find dataconnect.yaml in `c:\\Users\\DELL\\employee-manager\\dataconnect`\n"}}
[debug] [2025-05-07T17:14:10.728Z] E0507 22:44:10.728888   20416 load.go:23] Could not load config from "c:\\Users\\DELL\\employee-manager\\dataconnect": could not find dataconnect.yaml in `c:\Users\DELL\employee-manager\dataconnect`
 {"metadata":{"emulator":{"name":"dataconnect"},"message":"E0507 22:44:10.728888   20416 load.go:23] Could not load config from \"c:\\\\Users\\\\DELL\\\\employee-manager\\\\dataconnect\": could not find dataconnect.yaml in `c:\\Users\\DELL\\employee-manager\\dataconnect`\n"}}
[debug] [2025-05-07T17:14:20.732Z] E0507 22:44:20.731944   20416 load.go:23] Could not load config from "c:\\Users\\DELL\\employee-manager\\dataconnect": could not find dataconnect.yaml in `c:\Users\DELL\employee-manager\dataconnect`
 {"metadata":{"emulator":{"name":"dataconnect"},"message":"E0507 22:44:20.731944   20416 load.go:23] Could not load config from \"c:\\\\Users\\\\DELL\\\\employee-manager\\\\dataconnect\": could not find dataconnect.yaml in `c:\\Users\\DELL\\employee-manager\\dataconnect`\n"}}
[debug] [2025-05-07T17:14:30.734Z] E0507 22:44:30.734549   20416 load.go:23] Could not load config from "c:\\Users\\DELL\\employee-manager\\dataconnect": could not find dataconnect.yaml in `c:\Users\DELL\employee-manager\dataconnect`
 {"metadata":{"emulator":{"name":"dataconnect"},"message":"E0507 22:44:30.734549   20416 load.go:23] Could not load config from \"c:\\\\Users\\\\DELL\\\\employee-manager\\\\dataconnect\": could not find dataconnect.yaml in `c:\\Users\\DELL\\employee-manager\\dataconnect`\n"}}
[debug] [2025-05-07T17:14:40.737Z] E0507 22:44:40.737504   20416 load.go:23] Could not load config from "c:\\Users\\DELL\\employee-manager\\dataconnect": could not find dataconnect.yaml in `c:\Users\DELL\employee-manager\dataconnect`
E0507 22:44:40.737504   20416 watch.go:76] watchAllDir unable to walk dir `c:\Users\DELL\employee-manager\dataconnect`: on path "c:\\Users\\DELL\\employee-manager\\dataconnect" (DirEntry: <nil>): CreateFile c:\Users\DELL\employee-manager\dataconnect: The system cannot find the file specified.
 {"metadata":{"emulator":{"name":"dataconnect"},"message":"E0507 22:44:40.737504   20416 load.go:23] Could not load config from \"c:\\\\Users\\\\DELL\\\\employee-manager\\\\dataconnect\": could not find dataconnect.yaml in `c:\\Users\\DELL\\employee-manager\\dataconnect`\nE0507 22:44:40.737504   20416 watch.go:76] watchAllDir unable to walk dir `c:\\Users\\DELL\\employee-manager\\dataconnect`: on path \"c:\\\\Users\\\\DELL\\\\employee-manager\\\\dataconnect\" (DirEntry: <nil>): CreateFile c:\\Users\\DELL\\employee-manager\\dataconnect: The system cannot find the file specified.\n"}}
[debug] [2025-05-07T17:14:50.733Z] E0507 22:44:50.734217   20416 load.go:23] Could not load config from "c:\\Users\\DELL\\employee-manager\\dataconnect": could not find dataconnect.yaml in `c:\Users\DELL\employee-manager\dataconnect`
 {"metadata":{"emulator":{"name":"dataconnect"},"message":"E0507 22:44:50.734217   20416 load.go:23] Could not load config from \"c:\\\\Users\\\\DELL\\\\employee-manager\\\\dataconnect\": could not find dataconnect.yaml in `c:\\Users\\DELL\\employee-manager\\dataconnect`\n"}}
[debug] [2025-05-07T17:15:00.726Z] E0507 22:45:00.727075   20416 load.go:23] Could not load config from "c:\\Users\\DELL\\employee-manager\\dataconnect": could not find dataconnect.yaml in `c:\Users\DELL\employee-manager\dataconnect`
 {"metadata":{"emulator":{"name":"dataconnect"},"message":"E0507 22:45:00.727075   20416 load.go:23] Could not load config from \"c:\\\\Users\\\\DELL\\\\employee-manager\\\\dataconnect\": could not find dataconnect.yaml in `c:\\Users\\DELL\\employee-manager\\dataconnect`\n"}}
[debug] [2025-05-07T17:15:10.734Z] E0507 22:45:10.734133   20416 load.go:23] Could not load config from "c:\\Users\\DELL\\employee-manager\\dataconnect": could not find dataconnect.yaml in `c:\Users\DELL\employee-manager\dataconnect`
 {"metadata":{"emulator":{"name":"dataconnect"},"message":"E0507 22:45:10.734133   20416 load.go:23] Could not load config from \"c:\\\\Users\\\\DELL\\\\employee-manager\\\\dataconnect\": could not find dataconnect.yaml in `c:\\Users\\DELL\\employee-manager\\dataconnect`\n"}}
[debug] [2025-05-07T17:15:20.732Z] E0507 22:45:20.732952   20416 load.go:23] Could not load config from "c:\\Users\\DELL\\employee-manager\\dataconnect": could not find dataconnect.yaml in `c:\Users\DELL\employee-manager\dataconnect`
 {"metadata":{"emulator":{"name":"dataconnect"},"message":"E0507 22:45:20.732952   20416 load.go:23] Could not load config from \"c:\\\\Users\\\\DELL\\\\employee-manager\\\\dataconnect\": could not find dataconnect.yaml in `c:\\Users\\DELL\\employee-manager\\dataconnect`\n"}}
[debug] [2025-05-07T17:15:30.727Z] E0507 22:45:30.727450   20416 load.go:23] Could not load config from "c:\\Users\\DELL\\employee-manager\\dataconnect": could not find dataconnect.yaml in `c:\Users\DELL\employee-manager\dataconnect`
 {"metadata":{"emulator":{"name":"dataconnect"},"message":"E0507 22:45:30.727450   20416 load.go:23] Could not load config from \"c:\\\\Users\\\\DELL\\\\employee-manager\\\\dataconnect\": could not find dataconnect.yaml in `c:\\Users\\DELL\\employee-manager\\dataconnect`\n"}}
[debug] [2025-05-07T17:15:40.730Z] E0507 22:45:40.730592   20416 load.go:23] Could not load config from "c:\\Users\\DELL\\employee-manager\\dataconnect": could not find dataconnect.yaml in `c:\Users\DELL\employee-manager\dataconnect`
 {"metadata":{"emulator":{"name":"dataconnect"},"message":"E0507 22:45:40.730592   20416 load.go:23] Could not load config from \"c:\\\\Users\\\\DELL\\\\employee-manager\\\\dataconnect\": could not find dataconnect.yaml in `c:\\Users\\DELL\\employee-manager\\dataconnect`\n"}}
[debug] [2025-05-07T17:15:50.718Z] E0507 22:45:50.722381   20416 load.go:23] Could not load config from "c:\\Users\\DELL\\employee-manager\\dataconnect": could not find dataconnect.yaml in `c:\Users\DELL\employee-manager\dataconnect`
 {"metadata":{"emulator":{"name":"dataconnect"},"message":"E0507 22:45:50.722381   20416 load.go:23] Could not load config from \"c:\\\\Users\\\\DELL\\\\employee-manager\\\\dataconnect\": could not find dataconnect.yaml in `c:\\Users\\DELL\\employee-manager\\dataconnect`\n"}}
[debug] [2025-05-07T17:16:00.719Z] E0507 22:46:00.723124   20416 load.go:23] Could not load config from "c:\\Users\\DELL\\employee-manager\\dataconnect": could not find dataconnect.yaml in `c:\Users\DELL\employee-manager\dataconnect`
 {"metadata":{"emulator":{"name":"dataconnect"},"message":"E0507 22:46:00.723124   20416 load.go:23] Could not load config from \"c:\\\\Users\\\\DELL\\\\employee-manager\\\\dataconnect\": could not find dataconnect.yaml in `c:\\Users\\DELL\\employee-manager\\dataconnect`\n"}}
[debug] [2025-05-07T17:16:10.720Z] E0507 22:46:10.724588   20416 load.go:23] Could not load config from "c:\\Users\\DELL\\employee-manager\\dataconnect": could not find dataconnect.yaml in `c:\Users\DELL\employee-manager\dataconnect`
 {"metadata":{"emulator":{"name":"dataconnect"},"message":"E0507 22:46:10.724588   20416 load.go:23] Could not load config from \"c:\\\\Users\\\\DELL\\\\employee-manager\\\\dataconnect\": could not find dataconnect.yaml in `c:\\Users\\DELL\\employee-manager\\dataconnect`\n"}}
[debug] [2025-05-07T17:16:20.732Z] E0507 22:46:20.736437   20416 load.go:23] Could not load config from "c:\\Users\\DELL\\employee-manager\\dataconnect": could not find dataconnect.yaml in `c:\Users\DELL\employee-manager\dataconnect`
 {"metadata":{"emulator":{"name":"dataconnect"},"message":"E0507 22:46:20.736437   20416 load.go:23] Could not load config from \"c:\\\\Users\\\\DELL\\\\employee-manager\\\\dataconnect\": could not find dataconnect.yaml in `c:\\Users\\DELL\\employee-manager\\dataconnect`\n"}}
[debug] [2025-05-07T17:16:30.725Z] E0507 22:46:30.727685   20416 load.go:23] Could not load config from "c:\\Users\\DELL\\employee-manager\\dataconnect": could not find dataconnect.yaml in `c:\Users\DELL\employee-manager\dataconnect`
 {"metadata":{"emulator":{"name":"dataconnect"},"message":"E0507 22:46:30.727685   20416 load.go:23] Could not load config from \"c:\\\\Users\\\\DELL\\\\employee-manager\\\\dataconnect\": could not find dataconnect.yaml in `c:\\Users\\DELL\\employee-manager\\dataconnect`\n"}}
[debug] [2025-05-07T17:16:40.731Z] E0507 22:46:40.734918   20416 load.go:23] Could not load config from "c:\\Users\\DELL\\employee-manager\\dataconnect": could not find dataconnect.yaml in `c:\Users\DELL\employee-manager\dataconnect`
 {"metadata":{"emulator":{"name":"dataconnect"},"message":"E0507 22:46:40.734918   20416 load.go:23] Could not load config from \"c:\\\\Users\\\\DELL\\\\employee-manager\\\\dataconnect\": could not find dataconnect.yaml in `c:\\Users\\DELL\\employee-manager\\dataconnect`\n"}}
[debug] [2025-05-07T17:16:40.735Z] E0507 22:46:40.735491   20416 watch.go:76] watchAllDir unable to walk dir `c:\Users\DELL\employee-manager\dataconnect`: on path "c:\\Users\\DELL\\employee-manager\\dataconnect" (DirEntry: <nil>): CreateFile c:\Users\DELL\employee-manager\dataconnect: The system cannot find the file specified.
 {"metadata":{"emulator":{"name":"dataconnect"},"message":"E0507 22:46:40.735491   20416 watch.go:76] watchAllDir unable to walk dir `c:\\Users\\DELL\\employee-manager\\dataconnect`: on path \"c:\\\\Users\\\\DELL\\\\employee-manager\\\\dataconnect\" (DirEntry: <nil>): CreateFile c:\\Users\\DELL\\employee-manager\\dataconnect: The system cannot find the file specified.\n"}}
[debug] [2025-05-07T17:16:50.720Z] E0507 22:46:50.727128   20416 load.go:23] Could not load config from "c:\\Users\\DELL\\employee-manager\\dataconnect": could not find dataconnect.yaml in `c:\Users\DELL\employee-manager\dataconnect`
 {"metadata":{"emulator":{"name":"dataconnect"},"message":"E0507 22:46:50.727128   20416 load.go:23] Could not load config from \"c:\\\\Users\\\\DELL\\\\employee-manager\\\\dataconnect\": could not find dataconnect.yaml in `c:\\Users\\DELL\\employee-manager\\dataconnect`\n"}}
[debug] [2025-05-07T17:17:00.727Z] E0507 22:47:00.734371   20416 load.go:23] Could not load config from "c:\\Users\\DELL\\employee-manager\\dataconnect": could not find dataconnect.yaml in `c:\Users\DELL\employee-manager\dataconnect`
 {"metadata":{"emulator":{"name":"dataconnect"},"message":"E0507 22:47:00.734371   20416 load.go:23] Could not load config from \"c:\\\\Users\\\\DELL\\\\employee-manager\\\\dataconnect\": could not find dataconnect.yaml in `c:\\Users\\DELL\\employee-manager\\dataconnect`\n"}}
[debug] [2025-05-07T17:17:10.722Z] E0507 22:47:10.729807   20416 load.go:23] Could not load config from "c:\\Users\\DELL\\employee-manager\\dataconnect": could not find dataconnect.yaml in `c:\Users\DELL\employee-manager\dataconnect`
 {"metadata":{"emulator":{"name":"dataconnect"},"message":"E0507 22:47:10.729807   20416 load.go:23] Could not load config from \"c:\\\\Users\\\\DELL\\\\employee-manager\\\\dataconnect\": could not find dataconnect.yaml in `c:\\Users\\DELL\\employee-manager\\dataconnect`\n"}}
[debug] [2025-05-07T17:17:20.729Z] E0507 22:47:20.736459   20416 load.go:23] Could not load config from "c:\\Users\\DELL\\employee-manager\\dataconnect": could not find dataconnect.yaml in `c:\Users\DELL\employee-manager\dataconnect`
 {"metadata":{"emulator":{"name":"dataconnect"},"message":"E0507 22:47:20.736459   20416 load.go:23] Could not load config from \"c:\\\\Users\\\\DELL\\\\employee-manager\\\\dataconnect\": could not find dataconnect.yaml in `c:\\Users\\DELL\\employee-manager\\dataconnect`\n"}}
[debug] [2025-05-07T17:17:30.726Z] E0507 22:47:30.732956   20416 load.go:23] Could not load config from "c:\\Users\\DELL\\employee-manager\\dataconnect": could not find dataconnect.yaml in `c:\Users\DELL\employee-manager\dataconnect`
 {"metadata":{"emulator":{"name":"dataconnect"},"message":"E0507 22:47:30.732956   20416 load.go:23] Could not load config from \"c:\\\\Users\\\\DELL\\\\employee-manager\\\\dataconnect\": could not find dataconnect.yaml in `c:\\Users\\DELL\\employee-manager\\dataconnect`\n"}}
[debug] [2025-05-07T17:17:40.718Z] E0507 22:47:40.725399   20416 load.go:23] Could not load config from "c:\\Users\\DELL\\employee-manager\\dataconnect": could not find dataconnect.yaml in `c:\Users\DELL\employee-manager\dataconnect`
 {"metadata":{"emulator":{"name":"dataconnect"},"message":"E0507 22:47:40.725399   20416 load.go:23] Could not load config from \"c:\\\\Users\\\\DELL\\\\employee-manager\\\\dataconnect\": could not find dataconnect.yaml in `c:\\Users\\DELL\\employee-manager\\dataconnect`\n"}}
[debug] [2025-05-07T17:17:50.728Z] E0507 22:47:50.728533   20416 load.go:23] Could not load config from "c:\\Users\\DELL\\employee-manager\\dataconnect": could not find dataconnect.yaml in `c:\Users\DELL\employee-manager\dataconnect`
 {"metadata":{"emulator":{"name":"dataconnect"},"message":"E0507 22:47:50.728533   20416 load.go:23] Could not load config from \"c:\\\\Users\\\\DELL\\\\employee-manager\\\\dataconnect\": could not find dataconnect.yaml in `c:\\Users\\DELL\\employee-manager\\dataconnect`\n"}}
[debug] [2025-05-07T17:18:00.726Z] E0507 22:48:00.726467   20416 load.go:23] Could not load config from "c:\\Users\\DELL\\employee-manager\\dataconnect": could not find dataconnect.yaml in `c:\Users\DELL\employee-manager\dataconnect`
 {"metadata":{"emulator":{"name":"dataconnect"},"message":"E0507 22:48:00.726467   20416 load.go:23] Could not load config from \"c:\\\\Users\\\\DELL\\\\employee-manager\\\\dataconnect\": could not find dataconnect.yaml in `c:\\Users\\DELL\\employee-manager\\dataconnect`\n"}}
[debug] [2025-05-07T17:18:10.724Z] E0507 22:48:10.725018   20416 load.go:23] Could not load config from "c:\\Users\\DELL\\employee-manager\\dataconnect": could not find dataconnect.yaml in `c:\Users\DELL\employee-manager\dataconnect`
 {"metadata":{"emulator":{"name":"dataconnect"},"message":"E0507 22:48:10.725018   20416 load.go:23] Could not load config from \"c:\\\\Users\\\\DELL\\\\employee-manager\\\\dataconnect\": could not find dataconnect.yaml in `c:\\Users\\DELL\\employee-manager\\dataconnect`\n"}}
[debug] [2025-05-07T17:18:20.728Z] E0507 22:48:20.728615   20416 load.go:23] Could not load config from "c:\\Users\\DELL\\employee-manager\\dataconnect": could not find dataconnect.yaml in `c:\Users\DELL\employee-manager\dataconnect`
 {"metadata":{"emulator":{"name":"dataconnect"},"message":"E0507 22:48:20.728615   20416 load.go:23] Could not load config from \"c:\\\\Users\\\\DELL\\\\employee-manager\\\\dataconnect\": could not find dataconnect.yaml in `c:\\Users\\DELL\\employee-manager\\dataconnect`\n"}}
[debug] [2025-05-07T17:18:30.735Z] E0507 22:48:30.736267   20416 load.go:23] Could not load config from "c:\\Users\\DELL\\employee-manager\\dataconnect": could not find dataconnect.yaml in `c:\Users\DELL\employee-manager\dataconnect`
 {"metadata":{"emulator":{"name":"dataconnect"},"message":"E0507 22:48:30.736267   20416 load.go:23] Could not load config from \"c:\\\\Users\\\\DELL\\\\employee-manager\\\\dataconnect\": could not find dataconnect.yaml in `c:\\Users\\DELL\\employee-manager\\dataconnect`\n"}}
[debug] [2025-05-07T17:18:40.725Z] E0507 22:48:40.725680   20416 load.go:23] Could not load config from "c:\\Users\\DELL\\employee-manager\\dataconnect": could not find dataconnect.yaml in `c:\Users\DELL\employee-manager\dataconnect`
 {"metadata":{"emulator":{"name":"dataconnect"},"message":"E0507 22:48:40.725680   20416 load.go:23] Could not load config from \"c:\\\\Users\\\\DELL\\\\employee-manager\\\\dataconnect\": could not find dataconnect.yaml in `c:\\Users\\DELL\\employee-manager\\dataconnect`\n"}}
[debug] [2025-05-07T17:18:40.727Z] E0507 22:48:40.726257   20416 watch.go:76] watchAllDir unable to walk dir `c:\Users\DELL\employee-manager\dataconnect`: on path "c:\\Users\\DELL\\employee-manager\\dataconnect" (DirEntry: <nil>): CreateFile c:\Users\DELL\employee-manager\dataconnect: The system cannot find the file specified.
 {"metadata":{"emulator":{"name":"dataconnect"},"message":"E0507 22:48:40.726257   20416 watch.go:76] watchAllDir unable to walk dir `c:\\Users\\DELL\\employee-manager\\dataconnect`: on path \"c:\\\\Users\\\\DELL\\\\employee-manager\\\\dataconnect\" (DirEntry: <nil>): CreateFile c:\\Users\\DELL\\employee-manager\\dataconnect: The system cannot find the file specified.\n"}}
[debug] [2025-05-07T17:18:50.723Z] E0507 22:48:50.725052   20416 load.go:23] Could not load config from "c:\\Users\\DELL\\employee-manager\\dataconnect": could not find dataconnect.yaml in `c:\Users\DELL\employee-manager\dataconnect`
 {"metadata":{"emulator":{"name":"dataconnect"},"message":"E0507 22:48:50.725052   20416 load.go:23] Could not load config from \"c:\\\\Users\\\\DELL\\\\employee-manager\\\\dataconnect\": could not find dataconnect.yaml in `c:\\Users\\DELL\\employee-manager\\dataconnect`\n"}}
[debug] [2025-05-07T17:19:00.732Z] E0507 22:49:00.733950   20416 load.go:23] Could not load config from "c:\\Users\\DELL\\employee-manager\\dataconnect": could not find dataconnect.yaml in `c:\Users\DELL\employee-manager\dataconnect`
 {"metadata":{"emulator":{"name":"dataconnect"},"message":"E0507 22:49:00.733950   20416 load.go:23] Could not load config from \"c:\\\\Users\\\\DELL\\\\employee-manager\\\\dataconnect\": could not find dataconnect.yaml in `c:\\Users\\DELL\\employee-manager\\dataconnect`\n"}}
[debug] [2025-05-07T17:19:10.726Z] E0507 22:49:10.727648   20416 load.go:23] Could not load config from "c:\\Users\\DELL\\employee-manager\\dataconnect": could not find dataconnect.yaml in `c:\Users\DELL\employee-manager\dataconnect`
 {"metadata":{"emulator":{"name":"dataconnect"},"message":"E0507 22:49:10.727648   20416 load.go:23] Could not load config from \"c:\\\\Users\\\\DELL\\\\employee-manager\\\\dataconnect\": could not find dataconnect.yaml in `c:\\Users\\DELL\\employee-manager\\dataconnect`\n"}}
[debug] [2025-05-07T17:19:20.722Z] E0507 22:49:20.724141   20416 load.go:23] Could not load config from "c:\\Users\\DELL\\employee-manager\\dataconnect": could not find dataconnect.yaml in `c:\Users\DELL\employee-manager\dataconnect`
 {"metadata":{"emulator":{"name":"dataconnect"},"message":"E0507 22:49:20.724141   20416 load.go:23] Could not load config from \"c:\\\\Users\\\\DELL\\\\employee-manager\\\\dataconnect\": could not find dataconnect.yaml in `c:\\Users\\DELL\\employee-manager\\dataconnect`\n"}}
[debug] [2025-05-07T17:19:30.731Z] E0507 22:49:30.731812   20416 load.go:23] Could not load config from "c:\\Users\\DELL\\employee-manager\\dataconnect": could not find dataconnect.yaml in `c:\Users\DELL\employee-manager\dataconnect`
 {"metadata":{"emulator":{"name":"dataconnect"},"message":"E0507 22:49:30.731812   20416 load.go:23] Could not load config from \"c:\\\\Users\\\\DELL\\\\employee-manager\\\\dataconnect\": could not find dataconnect.yaml in `c:\\Users\\DELL\\employee-manager\\dataconnect`\n"}}
[debug] [2025-05-07T17:19:40.730Z] E0507 22:49:40.732509   20416 load.go:23] Could not load config from "c:\\Users\\DELL\\employee-manager\\dataconnect": could not find dataconnect.yaml in `c:\Users\DELL\employee-manager\dataconnect`
 {"metadata":{"emulator":{"name":"dataconnect"},"message":"E0507 22:49:40.732509   20416 load.go:23] Could not load config from \"c:\\\\Users\\\\DELL\\\\employee-manager\\\\dataconnect\": could not find dataconnect.yaml in `c:\\Users\\DELL\\employee-manager\\dataconnect`\n"}}
[debug] [2025-05-07T17:19:50.736Z] E0507 22:49:50.736037   20416 load.go:23] Could not load config from "c:\\Users\\DELL\\employee-manager\\dataconnect": could not find dataconnect.yaml in `c:\Users\DELL\employee-manager\dataconnect`
 {"metadata":{"emulator":{"name":"dataconnect"},"message":"E0507 22:49:50.736037   20416 load.go:23] Could not load config from \"c:\\\\Users\\\\DELL\\\\employee-manager\\\\dataconnect\": could not find dataconnect.yaml in `c:\\Users\\DELL\\employee-manager\\dataconnect`\n"}}
[debug] [2025-05-07T17:20:00.729Z] E0507 22:50:00.728752   20416 load.go:23] Could not load config from "c:\\Users\\DELL\\employee-manager\\dataconnect": could not find dataconnect.yaml in `c:\Users\DELL\employee-manager\dataconnect`
 {"metadata":{"emulator":{"name":"dataconnect"},"message":"E0507 22:50:00.728752   20416 load.go:23] Could not load config from \"c:\\\\Users\\\\DELL\\\\employee-manager\\\\dataconnect\": could not find dataconnect.yaml in `c:\\Users\\DELL\\employee-manager\\dataconnect`\n"}}
[debug] [2025-05-07T17:20:10.725Z] E0507 22:50:10.725025   20416 load.go:23] Could not load config from "c:\\Users\\DELL\\employee-manager\\dataconnect": could not find dataconnect.yaml in `c:\Users\DELL\employee-manager\dataconnect`
 {"metadata":{"emulator":{"name":"dataconnect"},"message":"E0507 22:50:10.725025   20416 load.go:23] Could not load config from \"c:\\\\Users\\\\DELL\\\\employee-manager\\\\dataconnect\": could not find dataconnect.yaml in `c:\\Users\\DELL\\employee-manager\\dataconnect`\n"}}
[debug] [2025-05-07T17:20:20.723Z] E0507 22:50:20.722663   20416 load.go:23] Could not load config from "c:\\Users\\DELL\\employee-manager\\dataconnect": could not find dataconnect.yaml in `c:\Users\DELL\employee-manager\dataconnect`
 {"metadata":{"emulator":{"name":"dataconnect"},"message":"E0507 22:50:20.722663   20416 load.go:23] Could not load config from \"c:\\\\Users\\\\DELL\\\\employee-manager\\\\dataconnect\": could not find dataconnect.yaml in `c:\\Users\\DELL\\employee-manager\\dataconnect`\n"}}
[debug] [2025-05-07T17:20:30.733Z] E0507 22:50:30.732591   20416 load.go:23] Could not load config from "c:\\Users\\DELL\\employee-manager\\dataconnect": could not find dataconnect.yaml in `c:\Users\DELL\employee-manager\dataconnect`
 {"metadata":{"emulator":{"name":"dataconnect"},"message":"E0507 22:50:30.732591   20416 load.go:23] Could not load config from \"c:\\\\Users\\\\DELL\\\\employee-manager\\\\dataconnect\": could not find dataconnect.yaml in `c:\\Users\\DELL\\employee-manager\\dataconnect`\n"}}
[debug] [2025-05-07T17:20:40.729Z] E0507 22:50:40.728311   20416 load.go:23] Could not load config from "c:\\Users\\DELL\\employee-manager\\dataconnect": could not find dataconnect.yaml in `c:\Users\DELL\employee-manager\dataconnect`
E0507 22:50:40.728311   20416 watch.go:76] watchAllDir unable to walk dir `c:\Users\DELL\employee-manager\dataconnect`: on path "c:\\Users\\DELL\\employee-manager\\dataconnect" (DirEntry: <nil>): CreateFile c:\Users\DELL\employee-manager\dataconnect: The system cannot find the file specified.
 {"metadata":{"emulator":{"name":"dataconnect"},"message":"E0507 22:50:40.728311   20416 load.go:23] Could not load config from \"c:\\\\Users\\\\DELL\\\\employee-manager\\\\dataconnect\": could not find dataconnect.yaml in `c:\\Users\\DELL\\employee-manager\\dataconnect`\nE0507 22:50:40.728311   20416 watch.go:76] watchAllDir unable to walk dir `c:\\Users\\DELL\\employee-manager\\dataconnect`: on path \"c:\\\\Users\\\\DELL\\\\employee-manager\\\\dataconnect\" (DirEntry: <nil>): CreateFile c:\\Users\\DELL\\employee-manager\\dataconnect: The system cannot find the file specified.\n"}}
[debug] [2025-05-07T17:20:50.732Z] E0507 22:50:50.731819   20416 load.go:23] Could not load config from "c:\\Users\\DELL\\employee-manager\\dataconnect": could not find dataconnect.yaml in `c:\Users\DELL\employee-manager\dataconnect`
 {"metadata":{"emulator":{"name":"dataconnect"},"message":"E0507 22:50:50.731819   20416 load.go:23] Could not load config from \"c:\\\\Users\\\\DELL\\\\employee-manager\\\\dataconnect\": could not find dataconnect.yaml in `c:\\Users\\DELL\\employee-manager\\dataconnect`\n"}}
[debug] [2025-05-07T17:21:00.729Z] E0507 22:51:00.728226   20416 load.go:23] Could not load config from "c:\\Users\\DELL\\employee-manager\\dataconnect": could not find dataconnect.yaml in `c:\Users\DELL\employee-manager\dataconnect`
 {"metadata":{"emulator":{"name":"dataconnect"},"message":"E0507 22:51:00.728226   20416 load.go:23] Could not load config from \"c:\\\\Users\\\\DELL\\\\employee-manager\\\\dataconnect\": could not find dataconnect.yaml in `c:\\Users\\DELL\\employee-manager\\dataconnect`\n"}}
[debug] [2025-05-07T17:21:10.724Z] E0507 22:51:10.723687   20416 load.go:23] Could not load config from "c:\\Users\\DELL\\employee-manager\\dataconnect": could not find dataconnect.yaml in `c:\Users\DELL\employee-manager\dataconnect`
 {"metadata":{"emulator":{"name":"dataconnect"},"message":"E0507 22:51:10.723687   20416 load.go:23] Could not load config from \"c:\\\\Users\\\\DELL\\\\employee-manager\\\\dataconnect\": could not find dataconnect.yaml in `c:\\Users\\DELL\\employee-manager\\dataconnect`\n"}}
[debug] [2025-05-07T17:21:20.723Z] E0507 22:51:20.722142   20416 load.go:23] Could not load config from "c:\\Users\\DELL\\employee-manager\\dataconnect": could not find dataconnect.yaml in `c:\Users\DELL\employee-manager\dataconnect`
 {"metadata":{"emulator":{"name":"dataconnect"},"message":"E0507 22:51:20.722142   20416 load.go:23] Could not load config from \"c:\\\\Users\\\\DELL\\\\employee-manager\\\\dataconnect\": could not find dataconnect.yaml in `c:\\Users\\DELL\\employee-manager\\dataconnect`\n"}}
[debug] [2025-05-07T17:21:30.727Z] E0507 22:51:30.726930   20416 load.go:23] Could not load config from "c:\\Users\\DELL\\employee-manager\\dataconnect": could not find dataconnect.yaml in `c:\Users\DELL\employee-manager\dataconnect`
 {"metadata":{"emulator":{"name":"dataconnect"},"message":"E0507 22:51:30.726930   20416 load.go:23] Could not load config from \"c:\\\\Users\\\\DELL\\\\employee-manager\\\\dataconnect\": could not find dataconnect.yaml in `c:\\Users\\DELL\\employee-manager\\dataconnect`\n"}}
[debug] [2025-05-07T17:21:40.735Z] E0507 22:51:40.734883   20416 load.go:23] Could not load config from "c:\\Users\\DELL\\employee-manager\\dataconnect": could not find dataconnect.yaml in `c:\Users\DELL\employee-manager\dataconnect`
 {"metadata":{"emulator":{"name":"dataconnect"},"message":"E0507 22:51:40.734883   20416 load.go:23] Could not load config from \"c:\\\\Users\\\\DELL\\\\employee-manager\\\\dataconnect\": could not find dataconnect.yaml in `c:\\Users\\DELL\\employee-manager\\dataconnect`\n"}}
[debug] [2025-05-07T17:21:50.738Z] E0507 22:51:50.737750   20416 load.go:23] Could not load config from "c:\\Users\\DELL\\employee-manager\\dataconnect": could not find dataconnect.yaml in `c:\Users\DELL\employee-manager\dataconnect`
 {"metadata":{"emulator":{"name":"dataconnect"},"message":"E0507 22:51:50.737750   20416 load.go:23] Could not load config from \"c:\\\\Users\\\\DELL\\\\employee-manager\\\\dataconnect\": could not find dataconnect.yaml in `c:\\Users\\DELL\\employee-manager\\dataconnect`\n"}}
[debug] [2025-05-07T17:22:00.733Z] E0507 22:52:00.732639   20416 load.go:23] Could not load config from "c:\\Users\\DELL\\employee-manager\\dataconnect": could not find dataconnect.yaml in `c:\Users\DELL\employee-manager\dataconnect`
 {"metadata":{"emulator":{"name":"dataconnect"},"message":"E0507 22:52:00.732639   20416 load.go:23] Could not load config from \"c:\\\\Users\\\\DELL\\\\employee-manager\\\\dataconnect\": could not find dataconnect.yaml in `c:\\Users\\DELL\\employee-manager\\dataconnect`\n"}}
[debug] [2025-05-07T17:22:10.735Z] E0507 22:52:10.734490   20416 load.go:23] Could not load config from "c:\\Users\\DELL\\employee-manager\\dataconnect": could not find dataconnect.yaml in `c:\Users\DELL\employee-manager\dataconnect`
 {"metadata":{"emulator":{"name":"dataconnect"},"message":"E0507 22:52:10.734490   20416 load.go:23] Could not load config from \"c:\\\\Users\\\\DELL\\\\employee-manager\\\\dataconnect\": could not find dataconnect.yaml in `c:\\Users\\DELL\\employee-manager\\dataconnect`\n"}}
[debug] [2025-05-07T17:22:20.729Z] E0507 22:52:20.729167   20416 load.go:23] Could not load config from "c:\\Users\\DELL\\employee-manager\\dataconnect": could not find dataconnect.yaml in `c:\Users\DELL\employee-manager\dataconnect`
 {"metadata":{"emulator":{"name":"dataconnect"},"message":"E0507 22:52:20.729167   20416 load.go:23] Could not load config from \"c:\\\\Users\\\\DELL\\\\employee-manager\\\\dataconnect\": could not find dataconnect.yaml in `c:\\Users\\DELL\\employee-manager\\dataconnect`\n"}}
[debug] [2025-05-07T17:22:30.734Z] E0507 22:52:30.733637   20416 load.go:23] Could not load config from "c:\\Users\\DELL\\employee-manager\\dataconnect": could not find dataconnect.yaml in `c:\Users\DELL\employee-manager\dataconnect`
 {"metadata":{"emulator":{"name":"dataconnect"},"message":"E0507 22:52:30.733637   20416 load.go:23] Could not load config from \"c:\\\\Users\\\\DELL\\\\employee-manager\\\\dataconnect\": could not find dataconnect.yaml in `c:\\Users\\DELL\\employee-manager\\dataconnect`\n"}}
[debug] [2025-05-07T17:22:40.820Z] E0507 22:52:40.820432   20416 load.go:23] Could not load config from "c:\\Users\\DELL\\employee-manager\\dataconnect": could not find dataconnect.yaml in `c:\Users\DELL\employee-manager\dataconnect`
 {"metadata":{"emulator":{"name":"dataconnect"},"message":"E0507 22:52:40.820432   20416 load.go:23] Could not load config from \"c:\\\\Users\\\\DELL\\\\employee-manager\\\\dataconnect\": could not find dataconnect.yaml in `c:\\Users\\DELL\\employee-manager\\dataconnect`\n"}}
[debug] [2025-05-07T17:22:40.821Z] E0507 22:52:40.820432   20416 watch.go:76] watchAllDir unable to walk dir `c:\Users\DELL\employee-manager\dataconnect`: on path "c:\\Users\\DELL\\employee-manager\\dataconnect" (DirEntry: <nil>): CreateFile c:\Users\DELL\employee-manager\dataconnect: The system cannot find the file specified.
 {"metadata":{"emulator":{"name":"dataconnect"},"message":"E0507 22:52:40.820432   20416 watch.go:76] watchAllDir unable to walk dir `c:\\Users\\DELL\\employee-manager\\dataconnect`: on path \"c:\\\\Users\\\\DELL\\\\employee-manager\\\\dataconnect\" (DirEntry: <nil>): CreateFile c:\\Users\\DELL\\employee-manager\\dataconnect: The system cannot find the file specified.\n"}}
[debug] [2025-05-07T17:22:50.728Z] E0507 22:52:50.727841   20416 load.go:23] Could not load config from "c:\\Users\\DELL\\employee-manager\\dataconnect": could not find dataconnect.yaml in `c:\Users\DELL\employee-manager\dataconnect`
 {"metadata":{"emulator":{"name":"dataconnect"},"message":"E0507 22:52:50.727841   20416 load.go:23] Could not load config from \"c:\\\\Users\\\\DELL\\\\employee-manager\\\\dataconnect\": could not find dataconnect.yaml in `c:\\Users\\DELL\\employee-manager\\dataconnect`\n"}}
[debug] [2025-05-07T17:23:00.730Z] E0507 22:53:00.731148   20416 load.go:23] Could not load config from "c:\\Users\\DELL\\employee-manager\\dataconnect": could not find dataconnect.yaml in `c:\Users\DELL\employee-manager\dataconnect`
 {"metadata":{"emulator":{"name":"dataconnect"},"message":"E0507 22:53:00.731148   20416 load.go:23] Could not load config from \"c:\\\\Users\\\\DELL\\\\employee-manager\\\\dataconnect\": could not find dataconnect.yaml in `c:\\Users\\DELL\\employee-manager\\dataconnect`\n"}}
[debug] [2025-05-07T17:23:10.728Z] E0507 22:53:10.729505   20416 load.go:23] Could not load config from "c:\\Users\\DELL\\employee-manager\\dataconnect": could not find dataconnect.yaml in `c:\Users\DELL\employee-manager\dataconnect`
 {"metadata":{"emulator":{"name":"dataconnect"},"message":"E0507 22:53:10.729505   20416 load.go:23] Could not load config from \"c:\\\\Users\\\\DELL\\\\employee-manager\\\\dataconnect\": could not find dataconnect.yaml in `c:\\Users\\DELL\\employee-manager\\dataconnect`\n"}}
[debug] [2025-05-07T17:23:20.738Z] E0507 22:53:20.738516   20416 load.go:23] Could not load config from "c:\\Users\\DELL\\employee-manager\\dataconnect": could not find dataconnect.yaml in `c:\Users\DELL\employee-manager\dataconnect`
 {"metadata":{"emulator":{"name":"dataconnect"},"message":"E0507 22:53:20.738516   20416 load.go:23] Could not load config from \"c:\\\\Users\\\\DELL\\\\employee-manager\\\\dataconnect\": could not find dataconnect.yaml in `c:\\Users\\DELL\\employee-manager\\dataconnect`\n"}}
[debug] [2025-05-07T17:23:30.729Z] E0507 22:53:30.730792   20416 load.go:23] Could not load config from "c:\\Users\\DELL\\employee-manager\\dataconnect": could not find dataconnect.yaml in `c:\Users\DELL\employee-manager\dataconnect`
 {"metadata":{"emulator":{"name":"dataconnect"},"message":"E0507 22:53:30.730792   20416 load.go:23] Could not load config from \"c:\\\\Users\\\\DELL\\\\employee-manager\\\\dataconnect\": could not find dataconnect.yaml in `c:\\Users\\DELL\\employee-manager\\dataconnect`\n"}}
[debug] [2025-05-07T17:23:40.729Z] E0507 22:53:40.730577   20416 load.go:23] Could not load config from "c:\\Users\\DELL\\employee-manager\\dataconnect": could not find dataconnect.yaml in `c:\Users\DELL\employee-manager\dataconnect`
 {"metadata":{"emulator":{"name":"dataconnect"},"message":"E0507 22:53:40.730577   20416 load.go:23] Could not load config from \"c:\\\\Users\\\\DELL\\\\employee-manager\\\\dataconnect\": could not find dataconnect.yaml in `c:\\Users\\DELL\\employee-manager\\dataconnect`\n"}}
[debug] [2025-05-07T17:23:50.724Z] E0507 22:53:50.725480   20416 load.go:23] Could not load config from "c:\\Users\\DELL\\employee-manager\\dataconnect": could not find dataconnect.yaml in `c:\Users\DELL\employee-manager\dataconnect`
 {"metadata":{"emulator":{"name":"dataconnect"},"message":"E0507 22:53:50.725480   20416 load.go:23] Could not load config from \"c:\\\\Users\\\\DELL\\\\employee-manager\\\\dataconnect\": could not find dataconnect.yaml in `c:\\Users\\DELL\\employee-manager\\dataconnect`\n"}}
[debug] [2025-05-07T17:24:00.733Z] E0507 22:54:00.733584   20416 load.go:23] Could not load config from "c:\\Users\\DELL\\employee-manager\\dataconnect": could not find dataconnect.yaml in `c:\Users\DELL\employee-manager\dataconnect`
 {"metadata":{"emulator":{"name":"dataconnect"},"message":"E0507 22:54:00.733584   20416 load.go:23] Could not load config from \"c:\\\\Users\\\\DELL\\\\employee-manager\\\\dataconnect\": could not find dataconnect.yaml in `c:\\Users\\DELL\\employee-manager\\dataconnect`\n"}}
[debug] [2025-05-07T17:24:10.732Z] E0507 22:54:10.732380   20416 load.go:23] Could not load config from "c:\\Users\\DELL\\employee-manager\\dataconnect": could not find dataconnect.yaml in `c:\Users\DELL\employee-manager\dataconnect`
 {"metadata":{"emulator":{"name":"dataconnect"},"message":"E0507 22:54:10.732380   20416 load.go:23] Could not load config from \"c:\\\\Users\\\\DELL\\\\employee-manager\\\\dataconnect\": could not find dataconnect.yaml in `c:\\Users\\DELL\\employee-manager\\dataconnect`\n"}}
[debug] [2025-05-07T17:24:20.725Z] E0507 22:54:20.725712   20416 load.go:23] Could not load config from "c:\\Users\\DELL\\employee-manager\\dataconnect": could not find dataconnect.yaml in `c:\Users\DELL\employee-manager\dataconnect`
 {"metadata":{"emulator":{"name":"dataconnect"},"message":"E0507 22:54:20.725712   20416 load.go:23] Could not load config from \"c:\\\\Users\\\\DELL\\\\employee-manager\\\\dataconnect\": could not find dataconnect.yaml in `c:\\Users\\DELL\\employee-manager\\dataconnect`\n"}}
[debug] [2025-05-07T17:24:30.729Z] E0507 22:54:30.729543   20416 load.go:23] Could not load config from "c:\\Users\\DELL\\employee-manager\\dataconnect": could not find dataconnect.yaml in `c:\Users\DELL\employee-manager\dataconnect`
 {"metadata":{"emulator":{"name":"dataconnect"},"message":"E0507 22:54:30.729543   20416 load.go:23] Could not load config from \"c:\\\\Users\\\\DELL\\\\employee-manager\\\\dataconnect\": could not find dataconnect.yaml in `c:\\Users\\DELL\\employee-manager\\dataconnect`\n"}}
[debug] [2025-05-07T17:24:40.729Z] E0507 22:54:40.729813   20416 load.go:23] Could not load config from "c:\\Users\\DELL\\employee-manager\\dataconnect": could not find dataconnect.yaml in `c:\Users\DELL\employee-manager\dataconnect`
 {"metadata":{"emulator":{"name":"dataconnect"},"message":"E0507 22:54:40.729813   20416 load.go:23] Could not load config from \"c:\\\\Users\\\\DELL\\\\employee-manager\\\\dataconnect\": could not find dataconnect.yaml in `c:\\Users\\DELL\\employee-manager\\dataconnect`\n"}}
[debug] [2025-05-07T17:24:40.731Z] E0507 22:54:40.730406   20416 watch.go:76] watchAllDir unable to walk dir `c:\Users\DELL\employee-manager\dataconnect`: on path "c:\\Users\\DELL\\employee-manager\\dataconnect" (DirEntry: <nil>): CreateFile c:\Users\DELL\employee-manager\dataconnect: The system cannot find the file specified.
 {"metadata":{"emulator":{"name":"dataconnect"},"message":"E0507 22:54:40.730406   20416 watch.go:76] watchAllDir unable to walk dir `c:\\Users\\DELL\\employee-manager\\dataconnect`: on path \"c:\\\\Users\\\\DELL\\\\employee-manager\\\\dataconnect\" (DirEntry: <nil>): CreateFile c:\\Users\\DELL\\employee-manager\\dataconnect: The system cannot find the file specified.\n"}}
[debug] [2025-05-07T17:24:50.730Z] E0507 22:54:50.730858   20416 load.go:23] Could not load config from "c:\\Users\\DELL\\employee-manager\\dataconnect": could not find dataconnect.yaml in `c:\Users\DELL\employee-manager\dataconnect`
 {"metadata":{"emulator":{"name":"dataconnect"},"message":"E0507 22:54:50.730858   20416 load.go:23] Could not load config from \"c:\\\\Users\\\\DELL\\\\employee-manager\\\\dataconnect\": could not find dataconnect.yaml in `c:\\Users\\DELL\\employee-manager\\dataconnect`\n"}}
[debug] [2025-05-07T17:25:00.725Z] E0507 22:55:00.725470   20416 load.go:23] Could not load config from "c:\\Users\\DELL\\employee-manager\\dataconnect": could not find dataconnect.yaml in `c:\Users\DELL\employee-manager\dataconnect`
 {"metadata":{"emulator":{"name":"dataconnect"},"message":"E0507 22:55:00.725470   20416 load.go:23] Could not load config from \"c:\\\\Users\\\\DELL\\\\employee-manager\\\\dataconnect\": could not find dataconnect.yaml in `c:\\Users\\DELL\\employee-manager\\dataconnect`\n"}}
[debug] [2025-05-07T17:25:10.723Z] E0507 22:55:10.723763   20416 load.go:23] Could not load config from "c:\\Users\\DELL\\employee-manager\\dataconnect": could not find dataconnect.yaml in `c:\Users\DELL\employee-manager\dataconnect`
 {"metadata":{"emulator":{"name":"dataconnect"},"message":"E0507 22:55:10.723763   20416 load.go:23] Could not load config from \"c:\\\\Users\\\\DELL\\\\employee-manager\\\\dataconnect\": could not find dataconnect.yaml in `c:\\Users\\DELL\\employee-manager\\dataconnect`\n"}}
[debug] [2025-05-07T17:25:20.728Z] E0507 22:55:20.728565   20416 load.go:23] Could not load config from "c:\\Users\\DELL\\employee-manager\\dataconnect": could not find dataconnect.yaml in `c:\Users\DELL\employee-manager\dataconnect`
 {"metadata":{"emulator":{"name":"dataconnect"},"message":"E0507 22:55:20.728565   20416 load.go:23] Could not load config from \"c:\\\\Users\\\\DELL\\\\employee-manager\\\\dataconnect\": could not find dataconnect.yaml in `c:\\Users\\DELL\\employee-manager\\dataconnect`\n"}}
[debug] [2025-05-07T17:25:30.733Z] E0507 22:55:30.732956   20416 load.go:23] Could not load config from "c:\\Users\\DELL\\employee-manager\\dataconnect": could not find dataconnect.yaml in `c:\Users\DELL\employee-manager\dataconnect`
 {"metadata":{"emulator":{"name":"dataconnect"},"message":"E0507 22:55:30.732956   20416 load.go:23] Could not load config from \"c:\\\\Users\\\\DELL\\\\employee-manager\\\\dataconnect\": could not find dataconnect.yaml in `c:\\Users\\DELL\\employee-manager\\dataconnect`\n"}}
[debug] [2025-05-07T17:25:40.734Z] E0507 22:55:40.733799   20416 load.go:23] Could not load config from "c:\\Users\\DELL\\employee-manager\\dataconnect": could not find dataconnect.yaml in `c:\Users\DELL\employee-manager\dataconnect`
 {"metadata":{"emulator":{"name":"dataconnect"},"message":"E0507 22:55:40.733799   20416 load.go:23] Could not load config from \"c:\\\\Users\\\\DELL\\\\employee-manager\\\\dataconnect\": could not find dataconnect.yaml in `c:\\Users\\DELL\\employee-manager\\dataconnect`\n"}}
[debug] [2025-05-07T17:25:50.728Z] E0507 22:55:50.728179   20416 load.go:23] Could not load config from "c:\\Users\\DELL\\employee-manager\\dataconnect": could not find dataconnect.yaml in `c:\Users\DELL\employee-manager\dataconnect`
 {"metadata":{"emulator":{"name":"dataconnect"},"message":"E0507 22:55:50.728179   20416 load.go:23] Could not load config from \"c:\\\\Users\\\\DELL\\\\employee-manager\\\\dataconnect\": could not find dataconnect.yaml in `c:\\Users\\DELL\\employee-manager\\dataconnect`\n"}}
[debug] [2025-05-07T17:26:00.730Z] E0507 22:56:00.730263   20416 load.go:23] Could not load config from "c:\\Users\\DELL\\employee-manager\\dataconnect": could not find dataconnect.yaml in `c:\Users\DELL\employee-manager\dataconnect`
 {"metadata":{"emulator":{"name":"dataconnect"},"message":"E0507 22:56:00.730263   20416 load.go:23] Could not load config from \"c:\\\\Users\\\\DELL\\\\employee-manager\\\\dataconnect\": could not find dataconnect.yaml in `c:\\Users\\DELL\\employee-manager\\dataconnect`\n"}}
[debug] [2025-05-07T17:26:10.732Z] E0507 22:56:10.727078   20416 load.go:23] Could not load config from "c:\\Users\\DELL\\employee-manager\\dataconnect": could not find dataconnect.yaml in `c:\Users\DELL\employee-manager\dataconnect`
 {"metadata":{"emulator":{"name":"dataconnect"},"message":"E0507 22:56:10.727078   20416 load.go:23] Could not load config from \"c:\\\\Users\\\\DELL\\\\employee-manager\\\\dataconnect\": could not find dataconnect.yaml in `c:\\Users\\DELL\\employee-manager\\dataconnect`\n"}}
[debug] [2025-05-07T17:26:20.735Z] E0507 22:56:20.734668   20416 load.go:23] Could not load config from "c:\\Users\\DELL\\employee-manager\\dataconnect": could not find dataconnect.yaml in `c:\Users\DELL\employee-manager\dataconnect`
 {"metadata":{"emulator":{"name":"dataconnect"},"message":"E0507 22:56:20.734668   20416 load.go:23] Could not load config from \"c:\\\\Users\\\\DELL\\\\employee-manager\\\\dataconnect\": could not find dataconnect.yaml in `c:\\Users\\DELL\\employee-manager\\dataconnect`\n"}}
[debug] [2025-05-07T17:26:30.724Z] E0507 22:56:30.724137   20416 load.go:23] Could not load config from "c:\\Users\\DELL\\employee-manager\\dataconnect": could not find dataconnect.yaml in `c:\Users\DELL\employee-manager\dataconnect`
 {"metadata":{"emulator":{"name":"dataconnect"},"message":"E0507 22:56:30.724137   20416 load.go:23] Could not load config from \"c:\\\\Users\\\\DELL\\\\employee-manager\\\\dataconnect\": could not find dataconnect.yaml in `c:\\Users\\DELL\\employee-manager\\dataconnect`\n"}}
[debug] [2025-05-07T17:26:40.741Z] E0507 22:56:40.740857   20416 load.go:23] Could not load config from "c:\\Users\\DELL\\employee-manager\\dataconnect": could not find dataconnect.yaml in `c:\Users\DELL\employee-manager\dataconnect`
E0507 22:56:40.740857   20416 watch.go:76] watchAllDir unable to walk dir `c:\Users\DELL\employee-manager\dataconnect`: on path "c:\\Users\\DELL\\employee-manager\\dataconnect" (DirEntry: <nil>): CreateFile c:\Users\DELL\employee-manager\dataconnect: The system cannot find the file specified.
 {"metadata":{"emulator":{"name":"dataconnect"},"message":"E0507 22:56:40.740857   20416 load.go:23] Could not load config from \"c:\\\\Users\\\\DELL\\\\employee-manager\\\\dataconnect\": could not find dataconnect.yaml in `c:\\Users\\DELL\\employee-manager\\dataconnect`\nE0507 22:56:40.740857   20416 watch.go:76] watchAllDir unable to walk dir `c:\\Users\\DELL\\employee-manager\\dataconnect`: on path \"c:\\\\Users\\\\DELL\\\\employee-manager\\\\dataconnect\" (DirEntry: <nil>): CreateFile c:\\Users\\DELL\\employee-manager\\dataconnect: The system cannot find the file specified.\n"}}
[debug] [2025-05-07T17:26:50.735Z] E0507 22:56:50.735681   20416 load.go:23] Could not load config from "c:\\Users\\DELL\\employee-manager\\dataconnect": could not find dataconnect.yaml in `c:\Users\DELL\employee-manager\dataconnect`
 {"metadata":{"emulator":{"name":"dataconnect"},"message":"E0507 22:56:50.735681   20416 load.go:23] Could not load config from \"c:\\\\Users\\\\DELL\\\\employee-manager\\\\dataconnect\": could not find dataconnect.yaml in `c:\\Users\\DELL\\employee-manager\\dataconnect`\n"}}
[debug] [2025-05-07T17:27:00.738Z] E0507 22:57:00.737723   20416 load.go:23] Could not load config from "c:\\Users\\DELL\\employee-manager\\dataconnect": could not find dataconnect.yaml in `c:\Users\DELL\employee-manager\dataconnect`
 {"metadata":{"emulator":{"name":"dataconnect"},"message":"E0507 22:57:00.737723   20416 load.go:23] Could not load config from \"c:\\\\Users\\\\DELL\\\\employee-manager\\\\dataconnect\": could not find dataconnect.yaml in `c:\\Users\\DELL\\employee-manager\\dataconnect`\n"}}
[debug] [2025-05-07T17:27:10.732Z] E0507 22:57:10.731203   20416 load.go:23] Could not load config from "c:\\Users\\DELL\\employee-manager\\dataconnect": could not find dataconnect.yaml in `c:\Users\DELL\employee-manager\dataconnect`
 {"metadata":{"emulator":{"name":"dataconnect"},"message":"E0507 22:57:10.731203   20416 load.go:23] Could not load config from \"c:\\\\Users\\\\DELL\\\\employee-manager\\\\dataconnect\": could not find dataconnect.yaml in `c:\\Users\\DELL\\employee-manager\\dataconnect`\n"}}
[debug] [2025-05-07T17:27:20.723Z] E0507 22:57:20.723341   20416 load.go:23] Could not load config from "c:\\Users\\DELL\\employee-manager\\dataconnect": could not find dataconnect.yaml in `c:\Users\DELL\employee-manager\dataconnect`
 {"metadata":{"emulator":{"name":"dataconnect"},"message":"E0507 22:57:20.723341   20416 load.go:23] Could not load config from \"c:\\\\Users\\\\DELL\\\\employee-manager\\\\dataconnect\": could not find dataconnect.yaml in `c:\\Users\\DELL\\employee-manager\\dataconnect`\n"}}
[debug] [2025-05-07T17:27:30.733Z] E0507 22:57:30.733536   20416 load.go:23] Could not load config from "c:\\Users\\DELL\\employee-manager\\dataconnect": could not find dataconnect.yaml in `c:\Users\DELL\employee-manager\dataconnect`
 {"metadata":{"emulator":{"name":"dataconnect"},"message":"E0507 22:57:30.733536   20416 load.go:23] Could not load config from \"c:\\\\Users\\\\DELL\\\\employee-manager\\\\dataconnect\": could not find dataconnect.yaml in `c:\\Users\\DELL\\employee-manager\\dataconnect`\n"}}
[debug] [2025-05-07T17:27:40.731Z] E0507 22:57:40.730725   20416 load.go:23] Could not load config from "c:\\Users\\DELL\\employee-manager\\dataconnect": could not find dataconnect.yaml in `c:\Users\DELL\employee-manager\dataconnect`
 {"metadata":{"emulator":{"name":"dataconnect"},"message":"E0507 22:57:40.730725   20416 load.go:23] Could not load config from \"c:\\\\Users\\\\DELL\\\\employee-manager\\\\dataconnect\": could not find dataconnect.yaml in `c:\\Users\\DELL\\employee-manager\\dataconnect`\n"}}
[debug] [2025-05-07T17:27:50.734Z] E0507 22:57:50.733909   20416 load.go:23] Could not load config from "c:\\Users\\DELL\\employee-manager\\dataconnect": could not find dataconnect.yaml in `c:\Users\DELL\employee-manager\dataconnect`
 {"metadata":{"emulator":{"name":"dataconnect"},"message":"E0507 22:57:50.733909   20416 load.go:23] Could not load config from \"c:\\\\Users\\\\DELL\\\\employee-manager\\\\dataconnect\": could not find dataconnect.yaml in `c:\\Users\\DELL\\employee-manager\\dataconnect`\n"}}
[debug] [2025-05-07T17:28:00.745Z] E0507 22:58:00.745773   20416 load.go:23] Could not load config from "c:\\Users\\DELL\\employee-manager\\dataconnect": could not find dataconnect.yaml in `c:\Users\DELL\employee-manager\dataconnect`
 {"metadata":{"emulator":{"name":"dataconnect"},"message":"E0507 22:58:00.745773   20416 load.go:23] Could not load config from \"c:\\\\Users\\\\DELL\\\\employee-manager\\\\dataconnect\": could not find dataconnect.yaml in `c:\\Users\\DELL\\employee-manager\\dataconnect`\n"}}
[debug] [2025-05-07T17:28:10.726Z] E0507 22:58:10.728069   20416 load.go:23] Could not load config from "c:\\Users\\DELL\\employee-manager\\dataconnect": could not find dataconnect.yaml in `c:\Users\DELL\employee-manager\dataconnect`
 {"metadata":{"emulator":{"name":"dataconnect"},"message":"E0507 22:58:10.728069   20416 load.go:23] Could not load config from \"c:\\\\Users\\\\DELL\\\\employee-manager\\\\dataconnect\": could not find dataconnect.yaml in `c:\\Users\\DELL\\employee-manager\\dataconnect`\n"}}
[debug] [2025-05-07T17:28:20.722Z] E0507 22:58:20.723164   20416 load.go:23] Could not load config from "c:\\Users\\DELL\\employee-manager\\dataconnect": could not find dataconnect.yaml in `c:\Users\DELL\employee-manager\dataconnect`
 {"metadata":{"emulator":{"name":"dataconnect"},"message":"E0507 22:58:20.723164   20416 load.go:23] Could not load config from \"c:\\\\Users\\\\DELL\\\\employee-manager\\\\dataconnect\": could not find dataconnect.yaml in `c:\\Users\\DELL\\employee-manager\\dataconnect`\n"}}
[debug] [2025-05-07T17:28:30.723Z] E0507 22:58:30.725129   20416 load.go:23] Could not load config from "c:\\Users\\DELL\\employee-manager\\dataconnect": could not find dataconnect.yaml in `c:\Users\DELL\employee-manager\dataconnect`
 {"metadata":{"emulator":{"name":"dataconnect"},"message":"E0507 22:58:30.725129   20416 load.go:23] Could not load config from \"c:\\\\Users\\\\DELL\\\\employee-manager\\\\dataconnect\": could not find dataconnect.yaml in `c:\\Users\\DELL\\employee-manager\\dataconnect`\n"}}
[debug] [2025-05-07T17:28:40.730Z] E0507 22:58:40.731338   20416 load.go:23] Could not load config from "c:\\Users\\DELL\\employee-manager\\dataconnect": could not find dataconnect.yaml in `c:\Users\DELL\employee-manager\dataconnect`
E0507 22:58:40.731338   20416 watch.go:76] watchAllDir unable to walk dir `c:\Users\DELL\employee-manager\dataconnect`: on path "c:\\Users\\DELL\\employee-manager\\dataconnect" (DirEntry: <nil>): CreateFile c:\Users\DELL\employee-manager\dataconnect: The system cannot find the file specified.
 {"metadata":{"emulator":{"name":"dataconnect"},"message":"E0507 22:58:40.731338   20416 load.go:23] Could not load config from \"c:\\\\Users\\\\DELL\\\\employee-manager\\\\dataconnect\": could not find dataconnect.yaml in `c:\\Users\\DELL\\employee-manager\\dataconnect`\nE0507 22:58:40.731338   20416 watch.go:76] watchAllDir unable to walk dir `c:\\Users\\DELL\\employee-manager\\dataconnect`: on path \"c:\\\\Users\\\\DELL\\\\employee-manager\\\\dataconnect\" (DirEntry: <nil>): CreateFile c:\\Users\\DELL\\employee-manager\\dataconnect: The system cannot find the file specified.\n"}}
[debug] [2025-05-07T17:28:50.726Z] E0507 22:58:50.727047   20416 load.go:23] Could not load config from "c:\\Users\\DELL\\employee-manager\\dataconnect": could not find dataconnect.yaml in `c:\Users\DELL\employee-manager\dataconnect`
 {"metadata":{"emulator":{"name":"dataconnect"},"message":"E0507 22:58:50.727047   20416 load.go:23] Could not load config from \"c:\\\\Users\\\\DELL\\\\employee-manager\\\\dataconnect\": could not find dataconnect.yaml in `c:\\Users\\DELL\\employee-manager\\dataconnect`\n"}}
[debug] [2025-05-07T17:29:00.726Z] E0507 22:59:00.727723   20416 load.go:23] Could not load config from "c:\\Users\\DELL\\employee-manager\\dataconnect": could not find dataconnect.yaml in `c:\Users\DELL\employee-manager\dataconnect`
 {"metadata":{"emulator":{"name":"dataconnect"},"message":"E0507 22:59:00.727723   20416 load.go:23] Could not load config from \"c:\\\\Users\\\\DELL\\\\employee-manager\\\\dataconnect\": could not find dataconnect.yaml in `c:\\Users\\DELL\\employee-manager\\dataconnect`\n"}}
[debug] [2025-05-07T17:29:10.727Z] E0507 22:59:10.727368   20416 load.go:23] Could not load config from "c:\\Users\\DELL\\employee-manager\\dataconnect": could not find dataconnect.yaml in `c:\Users\DELL\employee-manager\dataconnect`
 {"metadata":{"emulator":{"name":"dataconnect"},"message":"E0507 22:59:10.727368   20416 load.go:23] Could not load config from \"c:\\\\Users\\\\DELL\\\\employee-manager\\\\dataconnect\": could not find dataconnect.yaml in `c:\\Users\\DELL\\employee-manager\\dataconnect`\n"}}
[debug] [2025-05-07T17:29:20.729Z] E0507 22:59:20.728866   20416 load.go:23] Could not load config from "c:\\Users\\DELL\\employee-manager\\dataconnect": could not find dataconnect.yaml in `c:\Users\DELL\employee-manager\dataconnect`
 {"metadata":{"emulator":{"name":"dataconnect"},"message":"E0507 22:59:20.728866   20416 load.go:23] Could not load config from \"c:\\\\Users\\\\DELL\\\\employee-manager\\\\dataconnect\": could not find dataconnect.yaml in `c:\\Users\\DELL\\employee-manager\\dataconnect`\n"}}
[debug] [2025-05-07T17:29:30.725Z] E0507 22:59:30.724898   20416 load.go:23] Could not load config from "c:\\Users\\DELL\\employee-manager\\dataconnect": could not find dataconnect.yaml in `c:\Users\DELL\employee-manager\dataconnect`
 {"metadata":{"emulator":{"name":"dataconnect"},"message":"E0507 22:59:30.724898   20416 load.go:23] Could not load config from \"c:\\\\Users\\\\DELL\\\\employee-manager\\\\dataconnect\": could not find dataconnect.yaml in `c:\\Users\\DELL\\employee-manager\\dataconnect`\n"}}
[debug] [2025-05-07T17:29:40.729Z] E0507 22:59:40.728893   20416 load.go:23] Could not load config from "c:\\Users\\DELL\\employee-manager\\dataconnect": could not find dataconnect.yaml in `c:\Users\DELL\employee-manager\dataconnect`
 {"metadata":{"emulator":{"name":"dataconnect"},"message":"E0507 22:59:40.728893   20416 load.go:23] Could not load config from \"c:\\\\Users\\\\DELL\\\\employee-manager\\\\dataconnect\": could not find dataconnect.yaml in `c:\\Users\\DELL\\employee-manager\\dataconnect`\n"}}
[debug] [2025-05-07T17:29:50.738Z] E0507 22:59:50.737960   20416 load.go:23] Could not load config from "c:\\Users\\DELL\\employee-manager\\dataconnect": could not find dataconnect.yaml in `c:\Users\DELL\employee-manager\dataconnect`
 {"metadata":{"emulator":{"name":"dataconnect"},"message":"E0507 22:59:50.737960   20416 load.go:23] Could not load config from \"c:\\\\Users\\\\DELL\\\\employee-manager\\\\dataconnect\": could not find dataconnect.yaml in `c:\\Users\\DELL\\employee-manager\\dataconnect`\n"}}
[debug] [2025-05-07T17:30:00.731Z] E0507 23:00:00.731584   20416 load.go:23] Could not load config from "c:\\Users\\DELL\\employee-manager\\dataconnect": could not find dataconnect.yaml in `c:\Users\DELL\employee-manager\dataconnect`
 {"metadata":{"emulator":{"name":"dataconnect"},"message":"E0507 23:00:00.731584   20416 load.go:23] Could not load config from \"c:\\\\Users\\\\DELL\\\\employee-manager\\\\dataconnect\": could not find dataconnect.yaml in `c:\\Users\\DELL\\employee-manager\\dataconnect`\n"}}
[debug] [2025-05-07T17:30:10.726Z] E0507 23:00:10.724505   20416 load.go:23] Could not load config from "c:\\Users\\DELL\\employee-manager\\dataconnect": could not find dataconnect.yaml in `c:\Users\DELL\employee-manager\dataconnect`
 {"metadata":{"emulator":{"name":"dataconnect"},"message":"E0507 23:00:10.724505   20416 load.go:23] Could not load config from \"c:\\\\Users\\\\DELL\\\\employee-manager\\\\dataconnect\": could not find dataconnect.yaml in `c:\\Users\\DELL\\employee-manager\\dataconnect`\n"}}
[debug] [2025-05-07T17:30:20.733Z] E0507 23:00:20.732829   20416 load.go:23] Could not load config from "c:\\Users\\DELL\\employee-manager\\dataconnect": could not find dataconnect.yaml in `c:\Users\DELL\employee-manager\dataconnect`
 {"metadata":{"emulator":{"name":"dataconnect"},"message":"E0507 23:00:20.732829   20416 load.go:23] Could not load config from \"c:\\\\Users\\\\DELL\\\\employee-manager\\\\dataconnect\": could not find dataconnect.yaml in `c:\\Users\\DELL\\employee-manager\\dataconnect`\n"}}
[debug] [2025-05-07T17:30:30.726Z] E0507 23:00:30.725770   20416 load.go:23] Could not load config from "c:\\Users\\DELL\\employee-manager\\dataconnect": could not find dataconnect.yaml in `c:\Users\DELL\employee-manager\dataconnect`
 {"metadata":{"emulator":{"name":"dataconnect"},"message":"E0507 23:00:30.725770   20416 load.go:23] Could not load config from \"c:\\\\Users\\\\DELL\\\\employee-manager\\\\dataconnect\": could not find dataconnect.yaml in `c:\\Users\\DELL\\employee-manager\\dataconnect`\n"}}
[debug] [2025-05-07T17:30:40.730Z] E0507 23:00:40.729982   20416 load.go:23] Could not load config from "c:\\Users\\DELL\\employee-manager\\dataconnect": could not find dataconnect.yaml in `c:\Users\DELL\employee-manager\dataconnect`
 {"metadata":{"emulator":{"name":"dataconnect"},"message":"E0507 23:00:40.729982   20416 load.go:23] Could not load config from \"c:\\\\Users\\\\DELL\\\\employee-manager\\\\dataconnect\": could not find dataconnect.yaml in `c:\\Users\\DELL\\employee-manager\\dataconnect`\n"}}
[debug] [2025-05-07T17:30:40.731Z] E0507 23:00:40.729982   20416 watch.go:76] watchAllDir unable to walk dir `c:\Users\DELL\employee-manager\dataconnect`: on path "c:\\Users\\DELL\\employee-manager\\dataconnect" (DirEntry: <nil>): CreateFile c:\Users\DELL\employee-manager\dataconnect: The system cannot find the file specified.
 {"metadata":{"emulator":{"name":"dataconnect"},"message":"E0507 23:00:40.729982   20416 watch.go:76] watchAllDir unable to walk dir `c:\\Users\\DELL\\employee-manager\\dataconnect`: on path \"c:\\\\Users\\\\DELL\\\\employee-manager\\\\dataconnect\" (DirEntry: <nil>): CreateFile c:\\Users\\DELL\\employee-manager\\dataconnect: The system cannot find the file specified.\n"}}
[debug] [2025-05-07T17:30:50.725Z] E0507 23:00:50.725286   20416 load.go:23] Could not load config from "c:\\Users\\DELL\\employee-manager\\dataconnect": could not find dataconnect.yaml in `c:\Users\DELL\employee-manager\dataconnect`
 {"metadata":{"emulator":{"name":"dataconnect"},"message":"E0507 23:00:50.725286   20416 load.go:23] Could not load config from \"c:\\\\Users\\\\DELL\\\\employee-manager\\\\dataconnect\": could not find dataconnect.yaml in `c:\\Users\\DELL\\employee-manager\\dataconnect`\n"}}
[debug] [2025-05-07T17:31:00.729Z] E0507 23:01:00.729231   20416 load.go:23] Could not load config from "c:\\Users\\DELL\\employee-manager\\dataconnect": could not find dataconnect.yaml in `c:\Users\DELL\employee-manager\dataconnect`
 {"metadata":{"emulator":{"name":"dataconnect"},"message":"E0507 23:01:00.729231   20416 load.go:23] Could not load config from \"c:\\\\Users\\\\DELL\\\\employee-manager\\\\dataconnect\": could not find dataconnect.yaml in `c:\\Users\\DELL\\employee-manager\\dataconnect`\n"}}
[debug] [2025-05-07T17:31:10.723Z] E0507 23:01:10.723192   20416 load.go:23] Could not load config from "c:\\Users\\DELL\\employee-manager\\dataconnect": could not find dataconnect.yaml in `c:\Users\DELL\employee-manager\dataconnect`
 {"metadata":{"emulator":{"name":"dataconnect"},"message":"E0507 23:01:10.723192   20416 load.go:23] Could not load config from \"c:\\\\Users\\\\DELL\\\\employee-manager\\\\dataconnect\": could not find dataconnect.yaml in `c:\\Users\\DELL\\employee-manager\\dataconnect`\n"}}
[debug] [2025-05-07T17:31:20.728Z] E0507 23:01:20.729032   20416 load.go:23] Could not load config from "c:\\Users\\DELL\\employee-manager\\dataconnect": could not find dataconnect.yaml in `c:\Users\DELL\employee-manager\dataconnect`
 {"metadata":{"emulator":{"name":"dataconnect"},"message":"E0507 23:01:20.729032   20416 load.go:23] Could not load config from \"c:\\\\Users\\\\DELL\\\\employee-manager\\\\dataconnect\": could not find dataconnect.yaml in `c:\\Users\\DELL\\employee-manager\\dataconnect`\n"}}
[debug] [2025-05-07T17:31:30.727Z] E0507 23:01:30.728455   20416 load.go:23] Could not load config from "c:\\Users\\DELL\\employee-manager\\dataconnect": could not find dataconnect.yaml in `c:\Users\DELL\employee-manager\dataconnect`
 {"metadata":{"emulator":{"name":"dataconnect"},"message":"E0507 23:01:30.728455   20416 load.go:23] Could not load config from \"c:\\\\Users\\\\DELL\\\\employee-manager\\\\dataconnect\": could not find dataconnect.yaml in `c:\\Users\\DELL\\employee-manager\\dataconnect`\n"}}
[debug] [2025-05-07T17:31:40.726Z] E0507 23:01:40.727779   20416 load.go:23] Could not load config from "c:\\Users\\DELL\\employee-manager\\dataconnect": could not find dataconnect.yaml in `c:\Users\DELL\employee-manager\dataconnect`
 {"metadata":{"emulator":{"name":"dataconnect"},"message":"E0507 23:01:40.727779   20416 load.go:23] Could not load config from \"c:\\\\Users\\\\DELL\\\\employee-manager\\\\dataconnect\": could not find dataconnect.yaml in `c:\\Users\\DELL\\employee-manager\\dataconnect`\n"}}
[debug] [2025-05-07T17:31:50.839Z] E0507 23:01:50.807159   20416 load.go:23] Could not load config from "c:\\Users\\DELL\\employee-manager\\dataconnect": could not find dataconnect.yaml in `c:\Users\DELL\employee-manager\dataconnect`
 {"metadata":{"emulator":{"name":"dataconnect"},"message":"E0507 23:01:50.807159   20416 load.go:23] Could not load config from \"c:\\\\Users\\\\DELL\\\\employee-manager\\\\dataconnect\": could not find dataconnect.yaml in `c:\\Users\\DELL\\employee-manager\\dataconnect`\n"}}
[debug] [2025-05-07T17:32:00.721Z] E0507 23:02:00.722296   20416 load.go:23] Could not load config from "c:\\Users\\DELL\\employee-manager\\dataconnect": could not find dataconnect.yaml in `c:\Users\DELL\employee-manager\dataconnect`
 {"metadata":{"emulator":{"name":"dataconnect"},"message":"E0507 23:02:00.722296   20416 load.go:23] Could not load config from \"c:\\\\Users\\\\DELL\\\\employee-manager\\\\dataconnect\": could not find dataconnect.yaml in `c:\\Users\\DELL\\employee-manager\\dataconnect`\n"}}
[debug] [2025-05-07T17:32:10.735Z] E0507 23:02:10.736554   20416 load.go:23] Could not load config from "c:\\Users\\DELL\\employee-manager\\dataconnect": could not find dataconnect.yaml in `c:\Users\DELL\employee-manager\dataconnect`
 {"metadata":{"emulator":{"name":"dataconnect"},"message":"E0507 23:02:10.736554   20416 load.go:23] Could not load config from \"c:\\\\Users\\\\DELL\\\\employee-manager\\\\dataconnect\": could not find dataconnect.yaml in `c:\\Users\\DELL\\employee-manager\\dataconnect`\n"}}
[debug] [2025-05-07T17:32:20.723Z] E0507 23:02:20.723079   20416 load.go:23] Could not load config from "c:\\Users\\DELL\\employee-manager\\dataconnect": could not find dataconnect.yaml in `c:\Users\DELL\employee-manager\dataconnect`
 {"metadata":{"emulator":{"name":"dataconnect"},"message":"E0507 23:02:20.723079   20416 load.go:23] Could not load config from \"c:\\\\Users\\\\DELL\\\\employee-manager\\\\dataconnect\": could not find dataconnect.yaml in `c:\\Users\\DELL\\employee-manager\\dataconnect`\n"}}
[debug] [2025-05-07T17:32:30.727Z] E0507 23:02:30.726974   20416 load.go:23] Could not load config from "c:\\Users\\DELL\\employee-manager\\dataconnect": could not find dataconnect.yaml in `c:\Users\DELL\employee-manager\dataconnect`
 {"metadata":{"emulator":{"name":"dataconnect"},"message":"E0507 23:02:30.726974   20416 load.go:23] Could not load config from \"c:\\\\Users\\\\DELL\\\\employee-manager\\\\dataconnect\": could not find dataconnect.yaml in `c:\\Users\\DELL\\employee-manager\\dataconnect`\n"}}
[debug] [2025-05-07T17:32:40.735Z] E0507 23:02:40.734701   20416 load.go:23] Could not load config from "c:\\Users\\DELL\\employee-manager\\dataconnect": could not find dataconnect.yaml in `c:\Users\DELL\employee-manager\dataconnect`
 {"metadata":{"emulator":{"name":"dataconnect"},"message":"E0507 23:02:40.734701   20416 load.go:23] Could not load config from \"c:\\\\Users\\\\DELL\\\\employee-manager\\\\dataconnect\": could not find dataconnect.yaml in `c:\\Users\\DELL\\employee-manager\\dataconnect`\n"}}
[debug] [2025-05-07T17:32:40.737Z] E0507 23:02:40.735294   20416 watch.go:76] watchAllDir unable to walk dir `c:\Users\DELL\employee-manager\dataconnect`: on path "c:\\Users\\DELL\\employee-manager\\dataconnect" (DirEntry: <nil>): CreateFile c:\Users\DELL\employee-manager\dataconnect: The system cannot find the file specified.
 {"metadata":{"emulator":{"name":"dataconnect"},"message":"E0507 23:02:40.735294   20416 watch.go:76] watchAllDir unable to walk dir `c:\\Users\\DELL\\employee-manager\\dataconnect`: on path \"c:\\\\Users\\\\DELL\\\\employee-manager\\\\dataconnect\" (DirEntry: <nil>): CreateFile c:\\Users\\DELL\\employee-manager\\dataconnect: The system cannot find the file specified.\n"}}
[debug] [2025-05-07T17:32:50.737Z] E0507 23:02:50.737093   20416 load.go:23] Could not load config from "c:\\Users\\DELL\\employee-manager\\dataconnect": could not find dataconnect.yaml in `c:\Users\DELL\employee-manager\dataconnect`
 {"metadata":{"emulator":{"name":"dataconnect"},"message":"E0507 23:02:50.737093   20416 load.go:23] Could not load config from \"c:\\\\Users\\\\DELL\\\\employee-manager\\\\dataconnect\": could not find dataconnect.yaml in `c:\\Users\\DELL\\employee-manager\\dataconnect`\n"}}
[debug] [2025-05-07T17:33:00.739Z] E0507 23:03:00.738486   20416 load.go:23] Could not load config from "c:\\Users\\DELL\\employee-manager\\dataconnect": could not find dataconnect.yaml in `c:\Users\DELL\employee-manager\dataconnect`
 {"metadata":{"emulator":{"name":"dataconnect"},"message":"E0507 23:03:00.738486   20416 load.go:23] Could not load config from \"c:\\\\Users\\\\DELL\\\\employee-manager\\\\dataconnect\": could not find dataconnect.yaml in `c:\\Users\\DELL\\employee-manager\\dataconnect`\n"}}
[debug] [2025-05-07T17:33:10.731Z] E0507 23:03:10.731155   20416 load.go:23] Could not load config from "c:\\Users\\DELL\\employee-manager\\dataconnect": could not find dataconnect.yaml in `c:\Users\DELL\employee-manager\dataconnect`
 {"metadata":{"emulator":{"name":"dataconnect"},"message":"E0507 23:03:10.731155   20416 load.go:23] Could not load config from \"c:\\\\Users\\\\DELL\\\\employee-manager\\\\dataconnect\": could not find dataconnect.yaml in `c:\\Users\\DELL\\employee-manager\\dataconnect`\n"}}
[debug] [2025-05-07T17:33:20.734Z] E0507 23:03:20.734066   20416 load.go:23] Could not load config from "c:\\Users\\DELL\\employee-manager\\dataconnect": could not find dataconnect.yaml in `c:\Users\DELL\employee-manager\dataconnect`
 {"metadata":{"emulator":{"name":"dataconnect"},"message":"E0507 23:03:20.734066   20416 load.go:23] Could not load config from \"c:\\\\Users\\\\DELL\\\\employee-manager\\\\dataconnect\": could not find dataconnect.yaml in `c:\\Users\\DELL\\employee-manager\\dataconnect`\n"}}
[debug] [2025-05-07T17:33:30.726Z] E0507 23:03:30.726127   20416 load.go:23] Could not load config from "c:\\Users\\DELL\\employee-manager\\dataconnect": could not find dataconnect.yaml in `c:\Users\DELL\employee-manager\dataconnect`
 {"metadata":{"emulator":{"name":"dataconnect"},"message":"E0507 23:03:30.726127   20416 load.go:23] Could not load config from \"c:\\\\Users\\\\DELL\\\\employee-manager\\\\dataconnect\": could not find dataconnect.yaml in `c:\\Users\\DELL\\employee-manager\\dataconnect`\n"}}
[debug] [2025-05-07T17:33:40.734Z] E0507 23:03:40.734253   20416 load.go:23] Could not load config from "c:\\Users\\DELL\\employee-manager\\dataconnect": could not find dataconnect.yaml in `c:\Users\DELL\employee-manager\dataconnect`
 {"metadata":{"emulator":{"name":"dataconnect"},"message":"E0507 23:03:40.734253   20416 load.go:23] Could not load config from \"c:\\\\Users\\\\DELL\\\\employee-manager\\\\dataconnect\": could not find dataconnect.yaml in `c:\\Users\\DELL\\employee-manager\\dataconnect`\n"}}
[info] [Firebase Plugin] Stopping Data Connect toolkit
[warn] !  Data Connect Emulator has exited upon receiving signal: SIGKILL 
[debug] [2025-05-08T05:55:48.668Z] [Firebase Plugin] Activating Firebase extension.
[debug] [2025-05-08T05:56:01.553Z] [Firebase Plugin] requireAuthWrapper
[debug] [2025-05-08T05:56:01.579Z] > command requires scopes: ["email","openid","https://www.googleapis.com/auth/cloudplatformprojects.readonly","https://www.googleapis.com/auth/firebase","https://www.googleapis.com/auth/cloud-platform"]
[debug] [2025-05-08T05:56:01.580Z] > authorizing via signed-in user (rishiraj34453@gmail.com)
[debug] [2025-05-08T05:56:01.596Z] Checked if tokens are valid: false, expires at: 1746639626873
[debug] [2025-05-08T05:56:01.597Z] Checked if tokens are valid: false, expires at: 1746639626873
[debug] [2025-05-08T05:56:01.598Z] > refreshing access token with scopes: []
[debug] [2025-05-08T05:56:01.603Z] >>> [apiv2][query] POST https://www.googleapis.com/oauth2/v3/token [none]
[debug] [2025-05-08T05:56:01.605Z] >>> [apiv2][body] POST https://www.googleapis.com/oauth2/v3/token [omitted]
[debug] [2025-05-08T05:56:01.633Z] [Firebase Plugin] VSCode notification server listening on port 40001
[info] [Firebase Plugin] Starting Data Connect toolkit (version 2.3.1) on port 50001
[debug] [2025-05-08T05:56:08.271Z] 'fdc build' failed with error: Unable to build your Data Connect schema and connectors (exit code 1): E0508 11:26:05.413227   16812 cmd.go:43] Error loading data connect config: could not find dataconnect.yaml in `c:\Users\DELL\employee-manager\dataconnect`
 {"metadata":{"emulator":{"name":"dataconnect"},"message":"'fdc build' failed with error: Unable to build your Data Connect schema and connectors (exit code 1): E0508 11:26:05.413227   16812 cmd.go:43] Error loading data connect config: could not find dataconnect.yaml in `c:\\Users\\DELL\\employee-manager\\dataconnect`\n"}}
[debug] [2025-05-08T05:56:08.274Z] Ignoring unsupported arg: auto_download {"metadata":{"emulator":{"name":"dataconnect"},"message":"Ignoring unsupported arg: auto_download"}}
[debug] [2025-05-08T05:56:08.275Z] Ignoring unsupported arg: port {"metadata":{"emulator":{"name":"dataconnect"},"message":"Ignoring unsupported arg: port"}}
[debug] [2025-05-08T05:56:08.276Z] Starting Data Connect Emulator with command {"binary":"C:\\Users\\DELL\\.cache\\firebase\\emulators\\dataconnect-emulator-2.3.1.exe","args":["--logtostderr","-v=2","dev","--listen=localhost:50001","--config_dir=c:\\Users\\DELL\\employee-manager\\dataconnect","--enable_output_schema_extensions=true","--enable_output_generated_sdk=true"],"optionalArgs":["listen","config_dir","enable_output_schema_extensions","enable_output_generated_sdk"],"joinArgs":true,"shell":false,"port":9399} {"metadata":{"emulator":{"name":"dataconnect"},"message":"Starting Data Connect Emulator with command {\"binary\":\"C:\\\\Users\\\\DELL\\\\.cache\\\\firebase\\\\emulators\\\\dataconnect-emulator-2.3.1.exe\",\"args\":[\"--logtostderr\",\"-v=2\",\"dev\",\"--listen=localhost:50001\",\"--config_dir=c:\\\\Users\\\\DELL\\\\employee-manager\\\\dataconnect\",\"--enable_output_schema_extensions=true\",\"--enable_output_generated_sdk=true\"],\"optionalArgs\":[\"listen\",\"config_dir\",\"enable_output_schema_extensions\",\"enable_output_generated_sdk\"],\"joinArgs\":true,\"shell\":false,\"port\":9399}"}}
[info] i  dataconnect: Data Connect Emulator logging to dataconnect-debug.log {"metadata":{"emulator":{"name":"dataconnect"},"message":"Data Connect Emulator logging to \u001b[1mdataconnect-debug.log\u001b[22m"}}
[debug] [2025-05-08T05:56:08.424Z] E0508 11:26:05.550825   22852 load.go:23] Could not load config from "c:\\Users\\DELL\\employee-manager\\dataconnect": could not find dataconnect.yaml in `c:\Users\DELL\employee-manager\dataconnect`
E0508 11:26:05.555188   22852 watch.go:76] watchAllDir unable to walk dir `c:\Users\DELL\employee-manager\dataconnect`: on path "c:\\Users\\DELL\\employee-manager\\dataconnect" (DirEntry: <nil>): CreateFile c:\Users\DELL\employee-manager\dataconnect: The system cannot find the file specified.
 {"metadata":{"emulator":{"name":"dataconnect"},"message":"E0508 11:26:05.550825   22852 load.go:23] Could not load config from \"c:\\\\Users\\\\DELL\\\\employee-manager\\\\dataconnect\": could not find dataconnect.yaml in `c:\\Users\\DELL\\employee-manager\\dataconnect`\nE0508 11:26:05.555188   22852 watch.go:76] watchAllDir unable to walk dir `c:\\Users\\DELL\\employee-manager\\dataconnect`: on path \"c:\\\\Users\\\\DELL\\\\employee-manager\\\\dataconnect\" (DirEntry: <nil>): CreateFile c:\\Users\\DELL\\employee-manager\\dataconnect: The system cannot find the file specified.\n"}}
[debug] [2025-05-08T05:56:08.430Z] <<< [apiv2][status] POST https://www.googleapis.com/oauth2/v3/token 200
[debug] [2025-05-08T05:56:08.431Z] <<< [apiv2][body] POST https://www.googleapis.com/oauth2/v3/token [omitted]
[debug] [2025-05-08T05:56:08.485Z] [Firebase Plugin] User found:  rishiraj34453@gmail.com
[info] [Firebase Plugin] (Core:Project) New user detected, fetching projects
[debug] [2025-05-08T05:56:08.488Z] Checked if tokens are valid: true, expires at: 1746687367432
[debug] [2025-05-08T05:56:08.490Z] >>> [apiv2][query] GET https://firebase.googleapis.com/v1beta1/projects pageSize=1000
[debug] [2025-05-08T05:56:08.501Z] I0508 11:26:05.592782   22852 dev.go:95] Listening on address (HTTP + gRPC): 127.0.0.1:50001
 {"metadata":{"emulator":{"name":"dataconnect"},"message":"I0508 11:26:05.592782   22852 dev.go:95] Listening on address (HTTP + gRPC): 127.0.0.1:50001\n"}}
[error] [Firebase Plugin] error:  {}
[debug] [2025-05-08T05:56:09.784Z] <<< [apiv2][status] GET https://firebase.googleapis.com/v1beta1/projects 200
[debug] [2025-05-08T05:56:09.784Z] <<< [apiv2][body] GET https://firebase.googleapis.com/v1beta1/projects [omitted]
[debug] [2025-05-08T05:56:15.570Z] E0508 11:26:15.570359   22852 load.go:23] Could not load config from "c:\\Users\\DELL\\employee-manager\\dataconnect": could not find dataconnect.yaml in `c:\Users\DELL\employee-manager\dataconnect`
 {"metadata":{"emulator":{"name":"dataconnect"},"message":"E0508 11:26:15.570359   22852 load.go:23] Could not load config from \"c:\\\\Users\\\\DELL\\\\employee-manager\\\\dataconnect\": could not find dataconnect.yaml in `c:\\Users\\DELL\\employee-manager\\dataconnect`\n"}}
[debug] [2025-05-08T05:56:25.568Z] E0508 11:26:25.568203   22852 load.go:23] Could not load config from "c:\\Users\\DELL\\employee-manager\\dataconnect": could not find dataconnect.yaml in `c:\Users\DELL\employee-manager\dataconnect`
 {"metadata":{"emulator":{"name":"dataconnect"},"message":"E0508 11:26:25.568203   22852 load.go:23] Could not load config from \"c:\\\\Users\\\\DELL\\\\employee-manager\\\\dataconnect\": could not find dataconnect.yaml in `c:\\Users\\DELL\\employee-manager\\dataconnect`\n"}}
[debug] [2025-05-08T05:56:35.567Z] E0508 11:26:35.566284   22852 load.go:23] Could not load config from "c:\\Users\\DELL\\employee-manager\\dataconnect": could not find dataconnect.yaml in `c:\Users\DELL\employee-manager\dataconnect`
 {"metadata":{"emulator":{"name":"dataconnect"},"message":"E0508 11:26:35.566284   22852 load.go:23] Could not load config from \"c:\\\\Users\\\\DELL\\\\employee-manager\\\\dataconnect\": could not find dataconnect.yaml in `c:\\Users\\DELL\\employee-manager\\dataconnect`\n"}}
[debug] [2025-05-08T05:56:45.563Z] E0508 11:26:45.563480   22852 load.go:23] Could not load config from "c:\\Users\\DELL\\employee-manager\\dataconnect": could not find dataconnect.yaml in `c:\Users\DELL\employee-manager\dataconnect`
 {"metadata":{"emulator":{"name":"dataconnect"},"message":"E0508 11:26:45.563480   22852 load.go:23] Could not load config from \"c:\\\\Users\\\\DELL\\\\employee-manager\\\\dataconnect\": could not find dataconnect.yaml in `c:\\Users\\DELL\\employee-manager\\dataconnect`\n"}}
[debug] [2025-05-08T05:56:55.557Z] E0508 11:26:55.557192   22852 load.go:23] Could not load config from "c:\\Users\\DELL\\employee-manager\\dataconnect": could not find dataconnect.yaml in `c:\Users\DELL\employee-manager\dataconnect`
 {"metadata":{"emulator":{"name":"dataconnect"},"message":"E0508 11:26:55.557192   22852 load.go:23] Could not load config from \"c:\\\\Users\\\\DELL\\\\employee-manager\\\\dataconnect\": could not find dataconnect.yaml in `c:\\Users\\DELL\\employee-manager\\dataconnect`\n"}}
[debug] [2025-05-08T05:57:05.567Z] E0508 11:27:05.566736   22852 load.go:23] Could not load config from "c:\\Users\\DELL\\employee-manager\\dataconnect": could not find dataconnect.yaml in `c:\Users\DELL\employee-manager\dataconnect`
 {"metadata":{"emulator":{"name":"dataconnect"},"message":"E0508 11:27:05.566736   22852 load.go:23] Could not load config from \"c:\\\\Users\\\\DELL\\\\employee-manager\\\\dataconnect\": could not find dataconnect.yaml in `c:\\Users\\DELL\\employee-manager\\dataconnect`\n"}}
[debug] [2025-05-08T05:57:15.565Z] E0508 11:27:15.565834   22852 load.go:23] Could not load config from "c:\\Users\\DELL\\employee-manager\\dataconnect": could not find dataconnect.yaml in `c:\Users\DELL\employee-manager\dataconnect`
 {"metadata":{"emulator":{"name":"dataconnect"},"message":"E0508 11:27:15.565834   22852 load.go:23] Could not load config from \"c:\\\\Users\\\\DELL\\\\employee-manager\\\\dataconnect\": could not find dataconnect.yaml in `c:\\Users\\DELL\\employee-manager\\dataconnect`\n"}}
[debug] [2025-05-08T05:57:25.568Z] E0508 11:27:25.565541   22852 load.go:23] Could not load config from "c:\\Users\\DELL\\employee-manager\\dataconnect": could not find dataconnect.yaml in `c:\Users\DELL\employee-manager\dataconnect`
 {"metadata":{"emulator":{"name":"dataconnect"},"message":"E0508 11:27:25.565541   22852 load.go:23] Could not load config from \"c:\\\\Users\\\\DELL\\\\employee-manager\\\\dataconnect\": could not find dataconnect.yaml in `c:\\Users\\DELL\\employee-manager\\dataconnect`\n"}}
[debug] [2025-05-08T05:57:35.557Z] E0508 11:27:35.556993   22852 load.go:23] Could not load config from "c:\\Users\\DELL\\employee-manager\\dataconnect": could not find dataconnect.yaml in `c:\Users\DELL\employee-manager\dataconnect`
 {"metadata":{"emulator":{"name":"dataconnect"},"message":"E0508 11:27:35.556993   22852 load.go:23] Could not load config from \"c:\\\\Users\\\\DELL\\\\employee-manager\\\\dataconnect\": could not find dataconnect.yaml in `c:\\Users\\DELL\\employee-manager\\dataconnect`\n"}}
[debug] [2025-05-08T05:57:45.569Z] E0508 11:27:45.569979   22852 load.go:23] Could not load config from "c:\\Users\\DELL\\employee-manager\\dataconnect": could not find dataconnect.yaml in `c:\Users\DELL\employee-manager\dataconnect`
 {"metadata":{"emulator":{"name":"dataconnect"},"message":"E0508 11:27:45.569979   22852 load.go:23] Could not load config from \"c:\\\\Users\\\\DELL\\\\employee-manager\\\\dataconnect\": could not find dataconnect.yaml in `c:\\Users\\DELL\\employee-manager\\dataconnect`\n"}}
[debug] [2025-05-08T05:57:55.563Z] E0508 11:27:55.563420   22852 load.go:23] Could not load config from "c:\\Users\\DELL\\employee-manager\\dataconnect": could not find dataconnect.yaml in `c:\Users\DELL\employee-manager\dataconnect`
 {"metadata":{"emulator":{"name":"dataconnect"},"message":"E0508 11:27:55.563420   22852 load.go:23] Could not load config from \"c:\\\\Users\\\\DELL\\\\employee-manager\\\\dataconnect\": could not find dataconnect.yaml in `c:\\Users\\DELL\\employee-manager\\dataconnect`\n"}}
[debug] [2025-05-08T05:58:05.569Z] E0508 11:28:05.569753   22852 load.go:23] Could not load config from "c:\\Users\\DELL\\employee-manager\\dataconnect": could not find dataconnect.yaml in `c:\Users\DELL\employee-manager\dataconnect`
 {"metadata":{"emulator":{"name":"dataconnect"},"message":"E0508 11:28:05.569753   22852 load.go:23] Could not load config from \"c:\\\\Users\\\\DELL\\\\employee-manager\\\\dataconnect\": could not find dataconnect.yaml in `c:\\Users\\DELL\\employee-manager\\dataconnect`\n"}}
[debug] [2025-05-08T05:58:05.570Z] E0508 11:28:05.569753   22852 watch.go:76] watchAllDir unable to walk dir `c:\Users\DELL\employee-manager\dataconnect`: on path "c:\\Users\\DELL\\employee-manager\\dataconnect" (DirEntry: <nil>): CreateFile c:\Users\DELL\employee-manager\dataconnect: The system cannot find the file specified.
 {"metadata":{"emulator":{"name":"dataconnect"},"message":"E0508 11:28:05.569753   22852 watch.go:76] watchAllDir unable to walk dir `c:\\Users\\DELL\\employee-manager\\dataconnect`: on path \"c:\\\\Users\\\\DELL\\\\employee-manager\\\\dataconnect\" (DirEntry: <nil>): CreateFile c:\\Users\\DELL\\employee-manager\\dataconnect: The system cannot find the file specified.\n"}}
[debug] [2025-05-08T05:58:15.572Z] E0508 11:28:15.571925   22852 load.go:23] Could not load config from "c:\\Users\\DELL\\employee-manager\\dataconnect": could not find dataconnect.yaml in `c:\Users\DELL\employee-manager\dataconnect`
 {"metadata":{"emulator":{"name":"dataconnect"},"message":"E0508 11:28:15.571925   22852 load.go:23] Could not load config from \"c:\\\\Users\\\\DELL\\\\employee-manager\\\\dataconnect\": could not find dataconnect.yaml in `c:\\Users\\DELL\\employee-manager\\dataconnect`\n"}}
[debug] [2025-05-08T05:58:25.560Z] E0508 11:28:25.560239   22852 load.go:23] Could not load config from "c:\\Users\\DELL\\employee-manager\\dataconnect": could not find dataconnect.yaml in `c:\Users\DELL\employee-manager\dataconnect`
 {"metadata":{"emulator":{"name":"dataconnect"},"message":"E0508 11:28:25.560239   22852 load.go:23] Could not load config from \"c:\\\\Users\\\\DELL\\\\employee-manager\\\\dataconnect\": could not find dataconnect.yaml in `c:\\Users\\DELL\\employee-manager\\dataconnect`\n"}}
[debug] [2025-05-08T05:58:35.557Z] E0508 11:28:35.556669   22852 load.go:23] Could not load config from "c:\\Users\\DELL\\employee-manager\\dataconnect": could not find dataconnect.yaml in `c:\Users\DELL\employee-manager\dataconnect`
 {"metadata":{"emulator":{"name":"dataconnect"},"message":"E0508 11:28:35.556669   22852 load.go:23] Could not load config from \"c:\\\\Users\\\\DELL\\\\employee-manager\\\\dataconnect\": could not find dataconnect.yaml in `c:\\Users\\DELL\\employee-manager\\dataconnect`\n"}}
[debug] [2025-05-08T05:58:45.561Z] E0508 11:28:45.561776   22852 load.go:23] Could not load config from "c:\\Users\\DELL\\employee-manager\\dataconnect": could not find dataconnect.yaml in `c:\Users\DELL\employee-manager\dataconnect`
 {"metadata":{"emulator":{"name":"dataconnect"},"message":"E0508 11:28:45.561776   22852 load.go:23] Could not load config from \"c:\\\\Users\\\\DELL\\\\employee-manager\\\\dataconnect\": could not find dataconnect.yaml in `c:\\Users\\DELL\\employee-manager\\dataconnect`\n"}}
[debug] [2025-05-08T05:58:55.571Z] E0508 11:28:55.570806   22852 load.go:23] Could not load config from "c:\\Users\\DELL\\employee-manager\\dataconnect": could not find dataconnect.yaml in `c:\Users\DELL\employee-manager\dataconnect`
 {"metadata":{"emulator":{"name":"dataconnect"},"message":"E0508 11:28:55.570806   22852 load.go:23] Could not load config from \"c:\\\\Users\\\\DELL\\\\employee-manager\\\\dataconnect\": could not find dataconnect.yaml in `c:\\Users\\DELL\\employee-manager\\dataconnect`\n"}}
[debug] [2025-05-08T05:59:05.570Z] E0508 11:29:05.570061   22852 load.go:23] Could not load config from "c:\\Users\\DELL\\employee-manager\\dataconnect": could not find dataconnect.yaml in `c:\Users\DELL\employee-manager\dataconnect`
 {"metadata":{"emulator":{"name":"dataconnect"},"message":"E0508 11:29:05.570061   22852 load.go:23] Could not load config from \"c:\\\\Users\\\\DELL\\\\employee-manager\\\\dataconnect\": could not find dataconnect.yaml in `c:\\Users\\DELL\\employee-manager\\dataconnect`\n"}}
[debug] [2025-05-08T05:59:15.562Z] E0508 11:29:15.562313   22852 load.go:23] Could not load config from "c:\\Users\\DELL\\employee-manager\\dataconnect": could not find dataconnect.yaml in `c:\Users\DELL\employee-manager\dataconnect`
 {"metadata":{"emulator":{"name":"dataconnect"},"message":"E0508 11:29:15.562313   22852 load.go:23] Could not load config from \"c:\\\\Users\\\\DELL\\\\employee-manager\\\\dataconnect\": could not find dataconnect.yaml in `c:\\Users\\DELL\\employee-manager\\dataconnect`\n"}}
[debug] [2025-05-08T05:59:25.557Z] E0508 11:29:25.558331   22852 load.go:23] Could not load config from "c:\\Users\\DELL\\employee-manager\\dataconnect": could not find dataconnect.yaml in `c:\Users\DELL\employee-manager\dataconnect`
 {"metadata":{"emulator":{"name":"dataconnect"},"message":"E0508 11:29:25.558331   22852 load.go:23] Could not load config from \"c:\\\\Users\\\\DELL\\\\employee-manager\\\\dataconnect\": could not find dataconnect.yaml in `c:\\Users\\DELL\\employee-manager\\dataconnect`\n"}}
[debug] [2025-05-08T05:59:35.563Z] E0508 11:29:35.562965   22852 load.go:23] Could not load config from "c:\\Users\\DELL\\employee-manager\\dataconnect": could not find dataconnect.yaml in `c:\Users\DELL\employee-manager\dataconnect`
 {"metadata":{"emulator":{"name":"dataconnect"},"message":"E0508 11:29:35.562965   22852 load.go:23] Could not load config from \"c:\\\\Users\\\\DELL\\\\employee-manager\\\\dataconnect\": could not find dataconnect.yaml in `c:\\Users\\DELL\\employee-manager\\dataconnect`\n"}}
[debug] [2025-05-08T05:59:45.565Z] E0508 11:29:45.565826   22852 load.go:23] Could not load config from "c:\\Users\\DELL\\employee-manager\\dataconnect": could not find dataconnect.yaml in `c:\Users\DELL\employee-manager\dataconnect`
 {"metadata":{"emulator":{"name":"dataconnect"},"message":"E0508 11:29:45.565826   22852 load.go:23] Could not load config from \"c:\\\\Users\\\\DELL\\\\employee-manager\\\\dataconnect\": could not find dataconnect.yaml in `c:\\Users\\DELL\\employee-manager\\dataconnect`\n"}}
[debug] [2025-05-08T05:59:55.558Z] E0508 11:29:55.558297   22852 load.go:23] Could not load config from "c:\\Users\\DELL\\employee-manager\\dataconnect": could not find dataconnect.yaml in `c:\Users\DELL\employee-manager\dataconnect`
 {"metadata":{"emulator":{"name":"dataconnect"},"message":"E0508 11:29:55.558297   22852 load.go:23] Could not load config from \"c:\\\\Users\\\\DELL\\\\employee-manager\\\\dataconnect\": could not find dataconnect.yaml in `c:\\Users\\DELL\\employee-manager\\dataconnect`\n"}}
[debug] [2025-05-08T06:00:05.558Z] E0508 11:30:05.558142   22852 load.go:23] Could not load config from "c:\\Users\\DELL\\employee-manager\\dataconnect": could not find dataconnect.yaml in `c:\Users\DELL\employee-manager\dataconnect`
E0508 11:30:05.558142   22852 watch.go:76] watchAllDir unable to walk dir `c:\Users\DELL\employee-manager\dataconnect`: on path "c:\\Users\\DELL\\employee-manager\\dataconnect" (DirEntry: <nil>): CreateFile c:\Users\DELL\employee-manager\dataconnect: The system cannot find the file specified.
 {"metadata":{"emulator":{"name":"dataconnect"},"message":"E0508 11:30:05.558142   22852 load.go:23] Could not load config from \"c:\\\\Users\\\\DELL\\\\employee-manager\\\\dataconnect\": could not find dataconnect.yaml in `c:\\Users\\DELL\\employee-manager\\dataconnect`\nE0508 11:30:05.558142   22852 watch.go:76] watchAllDir unable to walk dir `c:\\Users\\DELL\\employee-manager\\dataconnect`: on path \"c:\\\\Users\\\\DELL\\\\employee-manager\\\\dataconnect\" (DirEntry: <nil>): CreateFile c:\\Users\\DELL\\employee-manager\\dataconnect: The system cannot find the file specified.\n"}}
[debug] [2025-05-08T06:00:15.559Z] E0508 11:30:15.558996   22852 load.go:23] Could not load config from "c:\\Users\\DELL\\employee-manager\\dataconnect": could not find dataconnect.yaml in `c:\Users\DELL\employee-manager\dataconnect`
 {"metadata":{"emulator":{"name":"dataconnect"},"message":"E0508 11:30:15.558996   22852 load.go:23] Could not load config from \"c:\\\\Users\\\\DELL\\\\employee-manager\\\\dataconnect\": could not find dataconnect.yaml in `c:\\Users\\DELL\\employee-manager\\dataconnect`\n"}}
[debug] [2025-05-08T06:00:26.000Z] E0508 11:30:25.572430   22852 load.go:23] Could not load config from "c:\\Users\\DELL\\employee-manager\\dataconnect": could not find dataconnect.yaml in `c:\Users\DELL\employee-manager\dataconnect`
 {"metadata":{"emulator":{"name":"dataconnect"},"message":"E0508 11:30:25.572430   22852 load.go:23] Could not load config from \"c:\\\\Users\\\\DELL\\\\employee-manager\\\\dataconnect\": could not find dataconnect.yaml in `c:\\Users\\DELL\\employee-manager\\dataconnect`\n"}}
[debug] [2025-05-08T06:00:35.571Z] E0508 11:30:35.569673   22852 load.go:23] Could not load config from "c:\\Users\\DELL\\employee-manager\\dataconnect": could not find dataconnect.yaml in `c:\Users\DELL\employee-manager\dataconnect`
 {"metadata":{"emulator":{"name":"dataconnect"},"message":"E0508 11:30:35.569673   22852 load.go:23] Could not load config from \"c:\\\\Users\\\\DELL\\\\employee-manager\\\\dataconnect\": could not find dataconnect.yaml in `c:\\Users\\DELL\\employee-manager\\dataconnect`\n"}}
[debug] [2025-05-08T06:00:45.571Z] E0508 11:30:45.570907   22852 load.go:23] Could not load config from "c:\\Users\\DELL\\employee-manager\\dataconnect": could not find dataconnect.yaml in `c:\Users\DELL\employee-manager\dataconnect`
 {"metadata":{"emulator":{"name":"dataconnect"},"message":"E0508 11:30:45.570907   22852 load.go:23] Could not load config from \"c:\\\\Users\\\\DELL\\\\employee-manager\\\\dataconnect\": could not find dataconnect.yaml in `c:\\Users\\DELL\\employee-manager\\dataconnect`\n"}}
[debug] [2025-05-08T06:00:55.565Z] E0508 11:30:55.564899   22852 load.go:23] Could not load config from "c:\\Users\\DELL\\employee-manager\\dataconnect": could not find dataconnect.yaml in `c:\Users\DELL\employee-manager\dataconnect`
 {"metadata":{"emulator":{"name":"dataconnect"},"message":"E0508 11:30:55.564899   22852 load.go:23] Could not load config from \"c:\\\\Users\\\\DELL\\\\employee-manager\\\\dataconnect\": could not find dataconnect.yaml in `c:\\Users\\DELL\\employee-manager\\dataconnect`\n"}}
[debug] [2025-05-08T06:01:05.557Z] E0508 11:31:05.556483   22852 load.go:23] Could not load config from "c:\\Users\\DELL\\employee-manager\\dataconnect": could not find dataconnect.yaml in `c:\Users\DELL\employee-manager\dataconnect`
 {"metadata":{"emulator":{"name":"dataconnect"},"message":"E0508 11:31:05.556483   22852 load.go:23] Could not load config from \"c:\\\\Users\\\\DELL\\\\employee-manager\\\\dataconnect\": could not find dataconnect.yaml in `c:\\Users\\DELL\\employee-manager\\dataconnect`\n"}}
[debug] [2025-05-08T06:01:15.560Z] E0508 11:31:15.556219   22852 load.go:23] Could not load config from "c:\\Users\\DELL\\employee-manager\\dataconnect": could not find dataconnect.yaml in `c:\Users\DELL\employee-manager\dataconnect`
 {"metadata":{"emulator":{"name":"dataconnect"},"message":"E0508 11:31:15.556219   22852 load.go:23] Could not load config from \"c:\\\\Users\\\\DELL\\\\employee-manager\\\\dataconnect\": could not find dataconnect.yaml in `c:\\Users\\DELL\\employee-manager\\dataconnect`\n"}}
[debug] [2025-05-08T06:01:25.569Z] E0508 11:31:25.570264   22852 load.go:23] Could not load config from "c:\\Users\\DELL\\employee-manager\\dataconnect": could not find dataconnect.yaml in `c:\Users\DELL\employee-manager\dataconnect`
 {"metadata":{"emulator":{"name":"dataconnect"},"message":"E0508 11:31:25.570264   22852 load.go:23] Could not load config from \"c:\\\\Users\\\\DELL\\\\employee-manager\\\\dataconnect\": could not find dataconnect.yaml in `c:\\Users\\DELL\\employee-manager\\dataconnect`\n"}}
[debug] [2025-05-08T06:01:35.561Z] E0508 11:31:35.562251   22852 load.go:23] Could not load config from "c:\\Users\\DELL\\employee-manager\\dataconnect": could not find dataconnect.yaml in `c:\Users\DELL\employee-manager\dataconnect`
 {"metadata":{"emulator":{"name":"dataconnect"},"message":"E0508 11:31:35.562251   22852 load.go:23] Could not load config from \"c:\\\\Users\\\\DELL\\\\employee-manager\\\\dataconnect\": could not find dataconnect.yaml in `c:\\Users\\DELL\\employee-manager\\dataconnect`\n"}}
[debug] [2025-05-08T06:01:45.569Z] E0508 11:31:45.569959   22852 load.go:23] Could not load config from "c:\\Users\\DELL\\employee-manager\\dataconnect": could not find dataconnect.yaml in `c:\Users\DELL\employee-manager\dataconnect`
 {"metadata":{"emulator":{"name":"dataconnect"},"message":"E0508 11:31:45.569959   22852 load.go:23] Could not load config from \"c:\\\\Users\\\\DELL\\\\employee-manager\\\\dataconnect\": could not find dataconnect.yaml in `c:\\Users\\DELL\\employee-manager\\dataconnect`\n"}}
[debug] [2025-05-08T06:01:55.575Z] E0508 11:31:55.575451   22852 load.go:23] Could not load config from "c:\\Users\\DELL\\employee-manager\\dataconnect": could not find dataconnect.yaml in `c:\Users\DELL\employee-manager\dataconnect`
 {"metadata":{"emulator":{"name":"dataconnect"},"message":"E0508 11:31:55.575451   22852 load.go:23] Could not load config from \"c:\\\\Users\\\\DELL\\\\employee-manager\\\\dataconnect\": could not find dataconnect.yaml in `c:\\Users\\DELL\\employee-manager\\dataconnect`\n"}}
[debug] [2025-05-08T06:02:05.558Z] E0508 11:32:05.559240   22852 load.go:23] Could not load config from "c:\\Users\\DELL\\employee-manager\\dataconnect": could not find dataconnect.yaml in `c:\Users\DELL\employee-manager\dataconnect`
 {"metadata":{"emulator":{"name":"dataconnect"},"message":"E0508 11:32:05.559240   22852 load.go:23] Could not load config from \"c:\\\\Users\\\\DELL\\\\employee-manager\\\\dataconnect\": could not find dataconnect.yaml in `c:\\Users\\DELL\\employee-manager\\dataconnect`\n"}}
[debug] [2025-05-08T06:02:05.561Z] E0508 11:32:05.559240   22852 watch.go:76] watchAllDir unable to walk dir `c:\Users\DELL\employee-manager\dataconnect`: on path "c:\\Users\\DELL\\employee-manager\\dataconnect" (DirEntry: <nil>): CreateFile c:\Users\DELL\employee-manager\dataconnect: The system cannot find the file specified.
 {"metadata":{"emulator":{"name":"dataconnect"},"message":"E0508 11:32:05.559240   22852 watch.go:76] watchAllDir unable to walk dir `c:\\Users\\DELL\\employee-manager\\dataconnect`: on path \"c:\\\\Users\\\\DELL\\\\employee-manager\\\\dataconnect\" (DirEntry: <nil>): CreateFile c:\\Users\\DELL\\employee-manager\\dataconnect: The system cannot find the file specified.\n"}}
[debug] [2025-05-08T06:02:15.558Z] E0508 11:32:15.559591   22852 load.go:23] Could not load config from "c:\\Users\\DELL\\employee-manager\\dataconnect": could not find dataconnect.yaml in `c:\Users\DELL\employee-manager\dataconnect`
 {"metadata":{"emulator":{"name":"dataconnect"},"message":"E0508 11:32:15.559591   22852 load.go:23] Could not load config from \"c:\\\\Users\\\\DELL\\\\employee-manager\\\\dataconnect\": could not find dataconnect.yaml in `c:\\Users\\DELL\\employee-manager\\dataconnect`\n"}}
[debug] [2025-05-08T06:02:25.564Z] E0508 11:32:25.562996   22852 load.go:23] Could not load config from "c:\\Users\\DELL\\employee-manager\\dataconnect": could not find dataconnect.yaml in `c:\Users\DELL\employee-manager\dataconnect`
 {"metadata":{"emulator":{"name":"dataconnect"},"message":"E0508 11:32:25.562996   22852 load.go:23] Could not load config from \"c:\\\\Users\\\\DELL\\\\employee-manager\\\\dataconnect\": could not find dataconnect.yaml in `c:\\Users\\DELL\\employee-manager\\dataconnect`\n"}}
[debug] [2025-05-08T06:02:35.694Z] E0508 11:32:35.667855   22852 load.go:23] Could not load config from "c:\\Users\\DELL\\employee-manager\\dataconnect": could not find dataconnect.yaml in `c:\Users\DELL\employee-manager\dataconnect`
 {"metadata":{"emulator":{"name":"dataconnect"},"message":"E0508 11:32:35.667855   22852 load.go:23] Could not load config from \"c:\\\\Users\\\\DELL\\\\employee-manager\\\\dataconnect\": could not find dataconnect.yaml in `c:\\Users\\DELL\\employee-manager\\dataconnect`\n"}}
[debug] [2025-05-08T06:02:45.564Z] E0508 11:32:45.563906   22852 load.go:23] Could not load config from "c:\\Users\\DELL\\employee-manager\\dataconnect": could not find dataconnect.yaml in `c:\Users\DELL\employee-manager\dataconnect`
 {"metadata":{"emulator":{"name":"dataconnect"},"message":"E0508 11:32:45.563906   22852 load.go:23] Could not load config from \"c:\\\\Users\\\\DELL\\\\employee-manager\\\\dataconnect\": could not find dataconnect.yaml in `c:\\Users\\DELL\\employee-manager\\dataconnect`\n"}}
[debug] [2025-05-08T06:02:55.570Z] E0508 11:32:55.569885   22852 load.go:23] Could not load config from "c:\\Users\\DELL\\employee-manager\\dataconnect": could not find dataconnect.yaml in `c:\Users\DELL\employee-manager\dataconnect`
 {"metadata":{"emulator":{"name":"dataconnect"},"message":"E0508 11:32:55.569885   22852 load.go:23] Could not load config from \"c:\\\\Users\\\\DELL\\\\employee-manager\\\\dataconnect\": could not find dataconnect.yaml in `c:\\Users\\DELL\\employee-manager\\dataconnect`\n"}}
[debug] [2025-05-08T06:03:05.559Z] E0508 11:33:05.559204   22852 load.go:23] Could not load config from "c:\\Users\\DELL\\employee-manager\\dataconnect": could not find dataconnect.yaml in `c:\Users\DELL\employee-manager\dataconnect`
 {"metadata":{"emulator":{"name":"dataconnect"},"message":"E0508 11:33:05.559204   22852 load.go:23] Could not load config from \"c:\\\\Users\\\\DELL\\\\employee-manager\\\\dataconnect\": could not find dataconnect.yaml in `c:\\Users\\DELL\\employee-manager\\dataconnect`\n"}}
[debug] [2025-05-08T06:03:15.556Z] E0508 11:33:15.555802   22852 load.go:23] Could not load config from "c:\\Users\\DELL\\employee-manager\\dataconnect": could not find dataconnect.yaml in `c:\Users\DELL\employee-manager\dataconnect`
 {"metadata":{"emulator":{"name":"dataconnect"},"message":"E0508 11:33:15.555802   22852 load.go:23] Could not load config from \"c:\\\\Users\\\\DELL\\\\employee-manager\\\\dataconnect\": could not find dataconnect.yaml in `c:\\Users\\DELL\\employee-manager\\dataconnect`\n"}}
[debug] [2025-05-08T06:03:25.560Z] E0508 11:33:25.559386   22852 load.go:23] Could not load config from "c:\\Users\\DELL\\employee-manager\\dataconnect": could not find dataconnect.yaml in `c:\Users\DELL\employee-manager\dataconnect`
 {"metadata":{"emulator":{"name":"dataconnect"},"message":"E0508 11:33:25.559386   22852 load.go:23] Could not load config from \"c:\\\\Users\\\\DELL\\\\employee-manager\\\\dataconnect\": could not find dataconnect.yaml in `c:\\Users\\DELL\\employee-manager\\dataconnect`\n"}}
[debug] [2025-05-08T06:03:35.556Z] E0508 11:33:35.555655   22852 load.go:23] Could not load config from "c:\\Users\\DELL\\employee-manager\\dataconnect": could not find dataconnect.yaml in `c:\Users\DELL\employee-manager\dataconnect`
 {"metadata":{"emulator":{"name":"dataconnect"},"message":"E0508 11:33:35.555655   22852 load.go:23] Could not load config from \"c:\\\\Users\\\\DELL\\\\employee-manager\\\\dataconnect\": could not find dataconnect.yaml in `c:\\Users\\DELL\\employee-manager\\dataconnect`\n"}}
[debug] [2025-05-08T06:03:45.555Z] E0508 11:33:45.555249   22852 load.go:23] Could not load config from "c:\\Users\\DELL\\employee-manager\\dataconnect": could not find dataconnect.yaml in `c:\Users\DELL\employee-manager\dataconnect`
 {"metadata":{"emulator":{"name":"dataconnect"},"message":"E0508 11:33:45.555249   22852 load.go:23] Could not load config from \"c:\\\\Users\\\\DELL\\\\employee-manager\\\\dataconnect\": could not find dataconnect.yaml in `c:\\Users\\DELL\\employee-manager\\dataconnect`\n"}}
[debug] [2025-05-08T06:03:55.560Z] E0508 11:33:55.560207   22852 load.go:23] Could not load config from "c:\\Users\\DELL\\employee-manager\\dataconnect": could not find dataconnect.yaml in `c:\Users\DELL\employee-manager\dataconnect`
 {"metadata":{"emulator":{"name":"dataconnect"},"message":"E0508 11:33:55.560207   22852 load.go:23] Could not load config from \"c:\\\\Users\\\\DELL\\\\employee-manager\\\\dataconnect\": could not find dataconnect.yaml in `c:\\Users\\DELL\\employee-manager\\dataconnect`\n"}}
[debug] [2025-05-08T06:04:05.568Z] E0508 11:34:05.567870   22852 load.go:23] Could not load config from "c:\\Users\\DELL\\employee-manager\\dataconnect": could not find dataconnect.yaml in `c:\Users\DELL\employee-manager\dataconnect`
 {"metadata":{"emulator":{"name":"dataconnect"},"message":"E0508 11:34:05.567870   22852 load.go:23] Could not load config from \"c:\\\\Users\\\\DELL\\\\employee-manager\\\\dataconnect\": could not find dataconnect.yaml in `c:\\Users\\DELL\\employee-manager\\dataconnect`\n"}}
[debug] [2025-05-08T06:04:05.570Z] E0508 11:34:05.567870   22852 watch.go:76] watchAllDir unable to walk dir `c:\Users\DELL\employee-manager\dataconnect`: on path "c:\\Users\\DELL\\employee-manager\\dataconnect" (DirEntry: <nil>): CreateFile c:\Users\DELL\employee-manager\dataconnect: The system cannot find the file specified.
 {"metadata":{"emulator":{"name":"dataconnect"},"message":"E0508 11:34:05.567870   22852 watch.go:76] watchAllDir unable to walk dir `c:\\Users\\DELL\\employee-manager\\dataconnect`: on path \"c:\\\\Users\\\\DELL\\\\employee-manager\\\\dataconnect\" (DirEntry: <nil>): CreateFile c:\\Users\\DELL\\employee-manager\\dataconnect: The system cannot find the file specified.\n"}}
[debug] [2025-05-08T06:04:15.557Z] E0508 11:34:15.555977   22852 load.go:23] Could not load config from "c:\\Users\\DELL\\employee-manager\\dataconnect": could not find dataconnect.yaml in `c:\Users\DELL\employee-manager\dataconnect`
 {"metadata":{"emulator":{"name":"dataconnect"},"message":"E0508 11:34:15.555977   22852 load.go:23] Could not load config from \"c:\\\\Users\\\\DELL\\\\employee-manager\\\\dataconnect\": could not find dataconnect.yaml in `c:\\Users\\DELL\\employee-manager\\dataconnect`\n"}}
[debug] [2025-05-08T06:04:25.559Z] E0508 11:34:25.557814   22852 load.go:23] Could not load config from "c:\\Users\\DELL\\employee-manager\\dataconnect": could not find dataconnect.yaml in `c:\Users\DELL\employee-manager\dataconnect`
 {"metadata":{"emulator":{"name":"dataconnect"},"message":"E0508 11:34:25.557814   22852 load.go:23] Could not load config from \"c:\\\\Users\\\\DELL\\\\employee-manager\\\\dataconnect\": could not find dataconnect.yaml in `c:\\Users\\DELL\\employee-manager\\dataconnect`\n"}}
[debug] [2025-05-08T06:04:35.562Z] E0508 11:34:35.562873   22852 load.go:23] Could not load config from "c:\\Users\\DELL\\employee-manager\\dataconnect": could not find dataconnect.yaml in `c:\Users\DELL\employee-manager\dataconnect`
 {"metadata":{"emulator":{"name":"dataconnect"},"message":"E0508 11:34:35.562873   22852 load.go:23] Could not load config from \"c:\\\\Users\\\\DELL\\\\employee-manager\\\\dataconnect\": could not find dataconnect.yaml in `c:\\Users\\DELL\\employee-manager\\dataconnect`\n"}}
[debug] [2025-05-08T06:04:45.562Z] E0508 11:34:45.560762   22852 load.go:23] Could not load config from "c:\\Users\\DELL\\employee-manager\\dataconnect": could not find dataconnect.yaml in `c:\Users\DELL\employee-manager\dataconnect`
 {"metadata":{"emulator":{"name":"dataconnect"},"message":"E0508 11:34:45.560762   22852 load.go:23] Could not load config from \"c:\\\\Users\\\\DELL\\\\employee-manager\\\\dataconnect\": could not find dataconnect.yaml in `c:\\Users\\DELL\\employee-manager\\dataconnect`\n"}}
[debug] [2025-05-08T06:04:55.561Z] E0508 11:34:55.562020   22852 load.go:23] Could not load config from "c:\\Users\\DELL\\employee-manager\\dataconnect": could not find dataconnect.yaml in `c:\Users\DELL\employee-manager\dataconnect`
 {"metadata":{"emulator":{"name":"dataconnect"},"message":"E0508 11:34:55.562020   22852 load.go:23] Could not load config from \"c:\\\\Users\\\\DELL\\\\employee-manager\\\\dataconnect\": could not find dataconnect.yaml in `c:\\Users\\DELL\\employee-manager\\dataconnect`\n"}}
[debug] [2025-05-08T06:05:05.560Z] E0508 11:35:05.561434   22852 load.go:23] Could not load config from "c:\\Users\\DELL\\employee-manager\\dataconnect": could not find dataconnect.yaml in `c:\Users\DELL\employee-manager\dataconnect`
 {"metadata":{"emulator":{"name":"dataconnect"},"message":"E0508 11:35:05.561434   22852 load.go:23] Could not load config from \"c:\\\\Users\\\\DELL\\\\employee-manager\\\\dataconnect\": could not find dataconnect.yaml in `c:\\Users\\DELL\\employee-manager\\dataconnect`\n"}}
[debug] [2025-05-08T06:05:15.556Z] E0508 11:35:15.556749   22852 load.go:23] Could not load config from "c:\\Users\\DELL\\employee-manager\\dataconnect": could not find dataconnect.yaml in `c:\Users\DELL\employee-manager\dataconnect`
 {"metadata":{"emulator":{"name":"dataconnect"},"message":"E0508 11:35:15.556749   22852 load.go:23] Could not load config from \"c:\\\\Users\\\\DELL\\\\employee-manager\\\\dataconnect\": could not find dataconnect.yaml in `c:\\Users\\DELL\\employee-manager\\dataconnect`\n"}}
[debug] [2025-05-08T06:05:25.571Z] E0508 11:35:25.571183   22852 load.go:23] Could not load config from "c:\\Users\\DELL\\employee-manager\\dataconnect": could not find dataconnect.yaml in `c:\Users\DELL\employee-manager\dataconnect`
 {"metadata":{"emulator":{"name":"dataconnect"},"message":"E0508 11:35:25.571183   22852 load.go:23] Could not load config from \"c:\\\\Users\\\\DELL\\\\employee-manager\\\\dataconnect\": could not find dataconnect.yaml in `c:\\Users\\DELL\\employee-manager\\dataconnect`\n"}}
[debug] [2025-05-08T06:05:35.558Z] E0508 11:35:35.558943   22852 load.go:23] Could not load config from "c:\\Users\\DELL\\employee-manager\\dataconnect": could not find dataconnect.yaml in `c:\Users\DELL\employee-manager\dataconnect`
 {"metadata":{"emulator":{"name":"dataconnect"},"message":"E0508 11:35:35.558943   22852 load.go:23] Could not load config from \"c:\\\\Users\\\\DELL\\\\employee-manager\\\\dataconnect\": could not find dataconnect.yaml in `c:\\Users\\DELL\\employee-manager\\dataconnect`\n"}}
[debug] [2025-05-08T06:05:45.568Z] E0508 11:35:45.567701   22852 load.go:23] Could not load config from "c:\\Users\\DELL\\employee-manager\\dataconnect": could not find dataconnect.yaml in `c:\Users\DELL\employee-manager\dataconnect`
 {"metadata":{"emulator":{"name":"dataconnect"},"message":"E0508 11:35:45.567701   22852 load.go:23] Could not load config from \"c:\\\\Users\\\\DELL\\\\employee-manager\\\\dataconnect\": could not find dataconnect.yaml in `c:\\Users\\DELL\\employee-manager\\dataconnect`\n"}}
[debug] [2025-05-08T06:05:55.560Z] E0508 11:35:55.559683   22852 load.go:23] Could not load config from "c:\\Users\\DELL\\employee-manager\\dataconnect": could not find dataconnect.yaml in `c:\Users\DELL\employee-manager\dataconnect`
 {"metadata":{"emulator":{"name":"dataconnect"},"message":"E0508 11:35:55.559683   22852 load.go:23] Could not load config from \"c:\\\\Users\\\\DELL\\\\employee-manager\\\\dataconnect\": could not find dataconnect.yaml in `c:\\Users\\DELL\\employee-manager\\dataconnect`\n"}}
[debug] [2025-05-08T06:06:05.566Z] E0508 11:36:05.565357   22852 load.go:23] Could not load config from "c:\\Users\\DELL\\employee-manager\\dataconnect": could not find dataconnect.yaml in `c:\Users\DELL\employee-manager\dataconnect`
E0508 11:36:05.565357   22852 watch.go:76] watchAllDir unable to walk dir `c:\Users\DELL\employee-manager\dataconnect`: on path "c:\\Users\\DELL\\employee-manager\\dataconnect" (DirEntry: <nil>): CreateFile c:\Users\DELL\employee-manager\dataconnect: The system cannot find the file specified.
 {"metadata":{"emulator":{"name":"dataconnect"},"message":"E0508 11:36:05.565357   22852 load.go:23] Could not load config from \"c:\\\\Users\\\\DELL\\\\employee-manager\\\\dataconnect\": could not find dataconnect.yaml in `c:\\Users\\DELL\\employee-manager\\dataconnect`\nE0508 11:36:05.565357   22852 watch.go:76] watchAllDir unable to walk dir `c:\\Users\\DELL\\employee-manager\\dataconnect`: on path \"c:\\\\Users\\\\DELL\\\\employee-manager\\\\dataconnect\" (DirEntry: <nil>): CreateFile c:\\Users\\DELL\\employee-manager\\dataconnect: The system cannot find the file specified.\n"}}
[debug] [2025-05-08T06:06:15.562Z] E0508 11:36:15.561053   22852 load.go:23] Could not load config from "c:\\Users\\DELL\\employee-manager\\dataconnect": could not find dataconnect.yaml in `c:\Users\DELL\employee-manager\dataconnect`
 {"metadata":{"emulator":{"name":"dataconnect"},"message":"E0508 11:36:15.561053   22852 load.go:23] Could not load config from \"c:\\\\Users\\\\DELL\\\\employee-manager\\\\dataconnect\": could not find dataconnect.yaml in `c:\\Users\\DELL\\employee-manager\\dataconnect`\n"}}
[debug] [2025-05-08T06:06:25.568Z] E0508 11:36:25.566750   22852 load.go:23] Could not load config from "c:\\Users\\DELL\\employee-manager\\dataconnect": could not find dataconnect.yaml in `c:\Users\DELL\employee-manager\dataconnect`
 {"metadata":{"emulator":{"name":"dataconnect"},"message":"E0508 11:36:25.566750   22852 load.go:23] Could not load config from \"c:\\\\Users\\\\DELL\\\\employee-manager\\\\dataconnect\": could not find dataconnect.yaml in `c:\\Users\\DELL\\employee-manager\\dataconnect`\n"}}
[debug] [2025-05-08T06:06:35.562Z] E0508 11:36:35.560760   22852 load.go:23] Could not load config from "c:\\Users\\DELL\\employee-manager\\dataconnect": could not find dataconnect.yaml in `c:\Users\DELL\employee-manager\dataconnect`
 {"metadata":{"emulator":{"name":"dataconnect"},"message":"E0508 11:36:35.560760   22852 load.go:23] Could not load config from \"c:\\\\Users\\\\DELL\\\\employee-manager\\\\dataconnect\": could not find dataconnect.yaml in `c:\\Users\\DELL\\employee-manager\\dataconnect`\n"}}
[debug] [2025-05-08T06:06:45.559Z] E0508 11:36:45.559671   22852 load.go:23] Could not load config from "c:\\Users\\DELL\\employee-manager\\dataconnect": could not find dataconnect.yaml in `c:\Users\DELL\employee-manager\dataconnect`
 {"metadata":{"emulator":{"name":"dataconnect"},"message":"E0508 11:36:45.559671   22852 load.go:23] Could not load config from \"c:\\\\Users\\\\DELL\\\\employee-manager\\\\dataconnect\": could not find dataconnect.yaml in `c:\\Users\\DELL\\employee-manager\\dataconnect`\n"}}
[debug] [2025-05-08T06:06:55.558Z] E0508 11:36:55.557775   22852 load.go:23] Could not load config from "c:\\Users\\DELL\\employee-manager\\dataconnect": could not find dataconnect.yaml in `c:\Users\DELL\employee-manager\dataconnect`
 {"metadata":{"emulator":{"name":"dataconnect"},"message":"E0508 11:36:55.557775   22852 load.go:23] Could not load config from \"c:\\\\Users\\\\DELL\\\\employee-manager\\\\dataconnect\": could not find dataconnect.yaml in `c:\\Users\\DELL\\employee-manager\\dataconnect`\n"}}
[debug] [2025-05-08T06:07:05.559Z] E0508 11:37:05.559081   22852 load.go:23] Could not load config from "c:\\Users\\DELL\\employee-manager\\dataconnect": could not find dataconnect.yaml in `c:\Users\DELL\employee-manager\dataconnect`
 {"metadata":{"emulator":{"name":"dataconnect"},"message":"E0508 11:37:05.559081   22852 load.go:23] Could not load config from \"c:\\\\Users\\\\DELL\\\\employee-manager\\\\dataconnect\": could not find dataconnect.yaml in `c:\\Users\\DELL\\employee-manager\\dataconnect`\n"}}
[debug] [2025-05-08T06:07:15.563Z] E0508 11:37:15.563488   22852 load.go:23] Could not load config from "c:\\Users\\DELL\\employee-manager\\dataconnect": could not find dataconnect.yaml in `c:\Users\DELL\employee-manager\dataconnect`
 {"metadata":{"emulator":{"name":"dataconnect"},"message":"E0508 11:37:15.563488   22852 load.go:23] Could not load config from \"c:\\\\Users\\\\DELL\\\\employee-manager\\\\dataconnect\": could not find dataconnect.yaml in `c:\\Users\\DELL\\employee-manager\\dataconnect`\n"}}
[debug] [2025-05-08T06:07:25.558Z] E0508 11:37:25.559057   22852 load.go:23] Could not load config from "c:\\Users\\DELL\\employee-manager\\dataconnect": could not find dataconnect.yaml in `c:\Users\DELL\employee-manager\dataconnect`
 {"metadata":{"emulator":{"name":"dataconnect"},"message":"E0508 11:37:25.559057   22852 load.go:23] Could not load config from \"c:\\\\Users\\\\DELL\\\\employee-manager\\\\dataconnect\": could not find dataconnect.yaml in `c:\\Users\\DELL\\employee-manager\\dataconnect`\n"}}
[debug] [2025-05-08T06:07:35.562Z] E0508 11:37:35.562763   22852 load.go:23] Could not load config from "c:\\Users\\DELL\\employee-manager\\dataconnect": could not find dataconnect.yaml in `c:\Users\DELL\employee-manager\dataconnect`
 {"metadata":{"emulator":{"name":"dataconnect"},"message":"E0508 11:37:35.562763   22852 load.go:23] Could not load config from \"c:\\\\Users\\\\DELL\\\\employee-manager\\\\dataconnect\": could not find dataconnect.yaml in `c:\\Users\\DELL\\employee-manager\\dataconnect`\n"}}
[debug] [2025-05-08T06:07:45.567Z] E0508 11:37:45.567054   22852 load.go:23] Could not load config from "c:\\Users\\DELL\\employee-manager\\dataconnect": could not find dataconnect.yaml in `c:\Users\DELL\employee-manager\dataconnect`
 {"metadata":{"emulator":{"name":"dataconnect"},"message":"E0508 11:37:45.567054   22852 load.go:23] Could not load config from \"c:\\\\Users\\\\DELL\\\\employee-manager\\\\dataconnect\": could not find dataconnect.yaml in `c:\\Users\\DELL\\employee-manager\\dataconnect`\n"}}
[debug] [2025-05-08T06:07:55.567Z] E0508 11:37:55.567104   22852 load.go:23] Could not load config from "c:\\Users\\DELL\\employee-manager\\dataconnect": could not find dataconnect.yaml in `c:\Users\DELL\employee-manager\dataconnect`
 {"metadata":{"emulator":{"name":"dataconnect"},"message":"E0508 11:37:55.567104   22852 load.go:23] Could not load config from \"c:\\\\Users\\\\DELL\\\\employee-manager\\\\dataconnect\": could not find dataconnect.yaml in `c:\\Users\\DELL\\employee-manager\\dataconnect`\n"}}
[debug] [2025-05-08T06:08:05.567Z] E0508 11:38:05.567488   22852 load.go:23] Could not load config from "c:\\Users\\DELL\\employee-manager\\dataconnect": could not find dataconnect.yaml in `c:\Users\DELL\employee-manager\dataconnect`
 {"metadata":{"emulator":{"name":"dataconnect"},"message":"E0508 11:38:05.567488   22852 load.go:23] Could not load config from \"c:\\\\Users\\\\DELL\\\\employee-manager\\\\dataconnect\": could not find dataconnect.yaml in `c:\\Users\\DELL\\employee-manager\\dataconnect`\n"}}
[debug] [2025-05-08T06:08:05.569Z] E0508 11:38:05.567488   22852 watch.go:76] watchAllDir unable to walk dir `c:\Users\DELL\employee-manager\dataconnect`: on path "c:\\Users\\DELL\\employee-manager\\dataconnect" (DirEntry: <nil>): CreateFile c:\Users\DELL\employee-manager\dataconnect: The system cannot find the file specified.
 {"metadata":{"emulator":{"name":"dataconnect"},"message":"E0508 11:38:05.567488   22852 watch.go:76] watchAllDir unable to walk dir `c:\\Users\\DELL\\employee-manager\\dataconnect`: on path \"c:\\\\Users\\\\DELL\\\\employee-manager\\\\dataconnect\" (DirEntry: <nil>): CreateFile c:\\Users\\DELL\\employee-manager\\dataconnect: The system cannot find the file specified.\n"}}
[debug] [2025-05-08T06:08:15.566Z] E0508 11:38:15.567534   22852 load.go:23] Could not load config from "c:\\Users\\DELL\\employee-manager\\dataconnect": could not find dataconnect.yaml in `c:\Users\DELL\employee-manager\dataconnect`
 {"metadata":{"emulator":{"name":"dataconnect"},"message":"E0508 11:38:15.567534   22852 load.go:23] Could not load config from \"c:\\\\Users\\\\DELL\\\\employee-manager\\\\dataconnect\": could not find dataconnect.yaml in `c:\\Users\\DELL\\employee-manager\\dataconnect`\n"}}
[debug] [2025-05-08T06:08:25.559Z] E0508 11:38:25.560499   22852 load.go:23] Could not load config from "c:\\Users\\DELL\\employee-manager\\dataconnect": could not find dataconnect.yaml in `c:\Users\DELL\employee-manager\dataconnect`
 {"metadata":{"emulator":{"name":"dataconnect"},"message":"E0508 11:38:25.560499   22852 load.go:23] Could not load config from \"c:\\\\Users\\\\DELL\\\\employee-manager\\\\dataconnect\": could not find dataconnect.yaml in `c:\\Users\\DELL\\employee-manager\\dataconnect`\n"}}
[debug] [2025-05-08T06:08:35.559Z] E0508 11:38:35.560226   22852 load.go:23] Could not load config from "c:\\Users\\DELL\\employee-manager\\dataconnect": could not find dataconnect.yaml in `c:\Users\DELL\employee-manager\dataconnect`
 {"metadata":{"emulator":{"name":"dataconnect"},"message":"E0508 11:38:35.560226   22852 load.go:23] Could not load config from \"c:\\\\Users\\\\DELL\\\\employee-manager\\\\dataconnect\": could not find dataconnect.yaml in `c:\\Users\\DELL\\employee-manager\\dataconnect`\n"}}
[debug] [2025-05-08T06:08:45.555Z] E0508 11:38:45.556203   22852 load.go:23] Could not load config from "c:\\Users\\DELL\\employee-manager\\dataconnect": could not find dataconnect.yaml in `c:\Users\DELL\employee-manager\dataconnect`
 {"metadata":{"emulator":{"name":"dataconnect"},"message":"E0508 11:38:45.556203   22852 load.go:23] Could not load config from \"c:\\\\Users\\\\DELL\\\\employee-manager\\\\dataconnect\": could not find dataconnect.yaml in `c:\\Users\\DELL\\employee-manager\\dataconnect`\n"}}
[debug] [2025-05-08T06:08:55.558Z] E0508 11:38:55.560714   22852 load.go:23] Could not load config from "c:\\Users\\DELL\\employee-manager\\dataconnect": could not find dataconnect.yaml in `c:\Users\DELL\employee-manager\dataconnect`
 {"metadata":{"emulator":{"name":"dataconnect"},"message":"E0508 11:38:55.560714   22852 load.go:23] Could not load config from \"c:\\\\Users\\\\DELL\\\\employee-manager\\\\dataconnect\": could not find dataconnect.yaml in `c:\\Users\\DELL\\employee-manager\\dataconnect`\n"}}
[debug] [2025-05-08T06:09:05.562Z] E0508 11:39:05.563808   22852 load.go:23] Could not load config from "c:\\Users\\DELL\\employee-manager\\dataconnect": could not find dataconnect.yaml in `c:\Users\DELL\employee-manager\dataconnect`
 {"metadata":{"emulator":{"name":"dataconnect"},"message":"E0508 11:39:05.563808   22852 load.go:23] Could not load config from \"c:\\\\Users\\\\DELL\\\\employee-manager\\\\dataconnect\": could not find dataconnect.yaml in `c:\\Users\\DELL\\employee-manager\\dataconnect`\n"}}
[debug] [2025-05-08T06:09:15.562Z] E0508 11:39:15.564007   22852 load.go:23] Could not load config from "c:\\Users\\DELL\\employee-manager\\dataconnect": could not find dataconnect.yaml in `c:\Users\DELL\employee-manager\dataconnect`
 {"metadata":{"emulator":{"name":"dataconnect"},"message":"E0508 11:39:15.564007   22852 load.go:23] Could not load config from \"c:\\\\Users\\\\DELL\\\\employee-manager\\\\dataconnect\": could not find dataconnect.yaml in `c:\\Users\\DELL\\employee-manager\\dataconnect`\n"}}
[debug] [2025-05-08T06:09:25.555Z] E0508 11:39:25.557525   22852 load.go:23] Could not load config from "c:\\Users\\DELL\\employee-manager\\dataconnect": could not find dataconnect.yaml in `c:\Users\DELL\employee-manager\dataconnect`
 {"metadata":{"emulator":{"name":"dataconnect"},"message":"E0508 11:39:25.557525   22852 load.go:23] Could not load config from \"c:\\\\Users\\\\DELL\\\\employee-manager\\\\dataconnect\": could not find dataconnect.yaml in `c:\\Users\\DELL\\employee-manager\\dataconnect`\n"}}
[debug] [2025-05-08T06:09:35.559Z] E0508 11:39:35.560798   22852 load.go:23] Could not load config from "c:\\Users\\DELL\\employee-manager\\dataconnect": could not find dataconnect.yaml in `c:\Users\DELL\employee-manager\dataconnect`
 {"metadata":{"emulator":{"name":"dataconnect"},"message":"E0508 11:39:35.560798   22852 load.go:23] Could not load config from \"c:\\\\Users\\\\DELL\\\\employee-manager\\\\dataconnect\": could not find dataconnect.yaml in `c:\\Users\\DELL\\employee-manager\\dataconnect`\n"}}
[debug] [2025-05-08T06:09:45.558Z] E0508 11:39:45.560119   22852 load.go:23] Could not load config from "c:\\Users\\DELL\\employee-manager\\dataconnect": could not find dataconnect.yaml in `c:\Users\DELL\employee-manager\dataconnect`
 {"metadata":{"emulator":{"name":"dataconnect"},"message":"E0508 11:39:45.560119   22852 load.go:23] Could not load config from \"c:\\\\Users\\\\DELL\\\\employee-manager\\\\dataconnect\": could not find dataconnect.yaml in `c:\\Users\\DELL\\employee-manager\\dataconnect`\n"}}
[debug] [2025-05-08T06:09:55.557Z] E0508 11:39:55.557628   22852 load.go:23] Could not load config from "c:\\Users\\DELL\\employee-manager\\dataconnect": could not find dataconnect.yaml in `c:\Users\DELL\employee-manager\dataconnect`
 {"metadata":{"emulator":{"name":"dataconnect"},"message":"E0508 11:39:55.557628   22852 load.go:23] Could not load config from \"c:\\\\Users\\\\DELL\\\\employee-manager\\\\dataconnect\": could not find dataconnect.yaml in `c:\\Users\\DELL\\employee-manager\\dataconnect`\n"}}
[debug] [2025-05-08T06:10:05.556Z] E0508 11:40:05.556629   22852 load.go:23] Could not load config from "c:\\Users\\DELL\\employee-manager\\dataconnect": could not find dataconnect.yaml in `c:\Users\DELL\employee-manager\dataconnect`
 {"metadata":{"emulator":{"name":"dataconnect"},"message":"E0508 11:40:05.556629   22852 load.go:23] Could not load config from \"c:\\\\Users\\\\DELL\\\\employee-manager\\\\dataconnect\": could not find dataconnect.yaml in `c:\\Users\\DELL\\employee-manager\\dataconnect`\n"}}
[debug] [2025-05-08T06:10:05.557Z] E0508 11:40:05.556629   22852 watch.go:76] watchAllDir unable to walk dir `c:\Users\DELL\employee-manager\dataconnect`: on path "c:\\Users\\DELL\\employee-manager\\dataconnect" (DirEntry: <nil>): CreateFile c:\Users\DELL\employee-manager\dataconnect: The system cannot find the file specified.
 {"metadata":{"emulator":{"name":"dataconnect"},"message":"E0508 11:40:05.556629   22852 watch.go:76] watchAllDir unable to walk dir `c:\\Users\\DELL\\employee-manager\\dataconnect`: on path \"c:\\\\Users\\\\DELL\\\\employee-manager\\\\dataconnect\" (DirEntry: <nil>): CreateFile c:\\Users\\DELL\\employee-manager\\dataconnect: The system cannot find the file specified.\n"}}
[debug] [2025-05-08T06:10:15.564Z] E0508 11:40:15.564769   22852 load.go:23] Could not load config from "c:\\Users\\DELL\\employee-manager\\dataconnect": could not find dataconnect.yaml in `c:\Users\DELL\employee-manager\dataconnect`
 {"metadata":{"emulator":{"name":"dataconnect"},"message":"E0508 11:40:15.564769   22852 load.go:23] Could not load config from \"c:\\\\Users\\\\DELL\\\\employee-manager\\\\dataconnect\": could not find dataconnect.yaml in `c:\\Users\\DELL\\employee-manager\\dataconnect`\n"}}
[debug] [2025-05-08T06:10:25.558Z] E0508 11:40:25.558566   22852 load.go:23] Could not load config from "c:\\Users\\DELL\\employee-manager\\dataconnect": could not find dataconnect.yaml in `c:\Users\DELL\employee-manager\dataconnect`
 {"metadata":{"emulator":{"name":"dataconnect"},"message":"E0508 11:40:25.558566   22852 load.go:23] Could not load config from \"c:\\\\Users\\\\DELL\\\\employee-manager\\\\dataconnect\": could not find dataconnect.yaml in `c:\\Users\\DELL\\employee-manager\\dataconnect`\n"}}
[debug] [2025-05-08T06:10:35.570Z] E0508 11:40:35.570864   22852 load.go:23] Could not load config from "c:\\Users\\DELL\\employee-manager\\dataconnect": could not find dataconnect.yaml in `c:\Users\DELL\employee-manager\dataconnect`
 {"metadata":{"emulator":{"name":"dataconnect"},"message":"E0508 11:40:35.570864   22852 load.go:23] Could not load config from \"c:\\\\Users\\\\DELL\\\\employee-manager\\\\dataconnect\": could not find dataconnect.yaml in `c:\\Users\\DELL\\employee-manager\\dataconnect`\n"}}
[debug] [2025-05-08T06:10:45.565Z] E0508 11:40:45.565620   22852 load.go:23] Could not load config from "c:\\Users\\DELL\\employee-manager\\dataconnect": could not find dataconnect.yaml in `c:\Users\DELL\employee-manager\dataconnect`
 {"metadata":{"emulator":{"name":"dataconnect"},"message":"E0508 11:40:45.565620   22852 load.go:23] Could not load config from \"c:\\\\Users\\\\DELL\\\\employee-manager\\\\dataconnect\": could not find dataconnect.yaml in `c:\\Users\\DELL\\employee-manager\\dataconnect`\n"}}
[debug] [2025-05-08T06:10:55.560Z] E0508 11:40:55.561122   22852 load.go:23] Could not load config from "c:\\Users\\DELL\\employee-manager\\dataconnect": could not find dataconnect.yaml in `c:\Users\DELL\employee-manager\dataconnect`
 {"metadata":{"emulator":{"name":"dataconnect"},"message":"E0508 11:40:55.561122   22852 load.go:23] Could not load config from \"c:\\\\Users\\\\DELL\\\\employee-manager\\\\dataconnect\": could not find dataconnect.yaml in `c:\\Users\\DELL\\employee-manager\\dataconnect`\n"}}
[debug] [2025-05-08T06:11:05.557Z] E0508 11:41:05.557478   22852 load.go:23] Could not load config from "c:\\Users\\DELL\\employee-manager\\dataconnect": could not find dataconnect.yaml in `c:\Users\DELL\employee-manager\dataconnect`
 {"metadata":{"emulator":{"name":"dataconnect"},"message":"E0508 11:41:05.557478   22852 load.go:23] Could not load config from \"c:\\\\Users\\\\DELL\\\\employee-manager\\\\dataconnect\": could not find dataconnect.yaml in `c:\\Users\\DELL\\employee-manager\\dataconnect`\n"}}
[debug] [2025-05-08T06:11:15.557Z] E0508 11:41:15.558128   22852 load.go:23] Could not load config from "c:\\Users\\DELL\\employee-manager\\dataconnect": could not find dataconnect.yaml in `c:\Users\DELL\employee-manager\dataconnect`
 {"metadata":{"emulator":{"name":"dataconnect"},"message":"E0508 11:41:15.558128   22852 load.go:23] Could not load config from \"c:\\\\Users\\\\DELL\\\\employee-manager\\\\dataconnect\": could not find dataconnect.yaml in `c:\\Users\\DELL\\employee-manager\\dataconnect`\n"}}
[debug] [2025-05-08T06:11:25.560Z] E0508 11:41:25.560604   22852 load.go:23] Could not load config from "c:\\Users\\DELL\\employee-manager\\dataconnect": could not find dataconnect.yaml in `c:\Users\DELL\employee-manager\dataconnect`
 {"metadata":{"emulator":{"name":"dataconnect"},"message":"E0508 11:41:25.560604   22852 load.go:23] Could not load config from \"c:\\\\Users\\\\DELL\\\\employee-manager\\\\dataconnect\": could not find dataconnect.yaml in `c:\\Users\\DELL\\employee-manager\\dataconnect`\n"}}
[debug] [2025-05-08T06:11:35.560Z] E0508 11:41:35.561424   22852 load.go:23] Could not load config from "c:\\Users\\DELL\\employee-manager\\dataconnect": could not find dataconnect.yaml in `c:\Users\DELL\employee-manager\dataconnect`
 {"metadata":{"emulator":{"name":"dataconnect"},"message":"E0508 11:41:35.561424   22852 load.go:23] Could not load config from \"c:\\\\Users\\\\DELL\\\\employee-manager\\\\dataconnect\": could not find dataconnect.yaml in `c:\\Users\\DELL\\employee-manager\\dataconnect`\n"}}
[debug] [2025-05-08T06:11:45.562Z] E0508 11:41:45.563232   22852 load.go:23] Could not load config from "c:\\Users\\DELL\\employee-manager\\dataconnect": could not find dataconnect.yaml in `c:\Users\DELL\employee-manager\dataconnect`
 {"metadata":{"emulator":{"name":"dataconnect"},"message":"E0508 11:41:45.563232   22852 load.go:23] Could not load config from \"c:\\\\Users\\\\DELL\\\\employee-manager\\\\dataconnect\": could not find dataconnect.yaml in `c:\\Users\\DELL\\employee-manager\\dataconnect`\n"}}
[debug] [2025-05-08T06:11:55.570Z] E0508 11:41:55.569204   22852 load.go:23] Could not load config from "c:\\Users\\DELL\\employee-manager\\dataconnect": could not find dataconnect.yaml in `c:\Users\DELL\employee-manager\dataconnect`
 {"metadata":{"emulator":{"name":"dataconnect"},"message":"E0508 11:41:55.569204   22852 load.go:23] Could not load config from \"c:\\\\Users\\\\DELL\\\\employee-manager\\\\dataconnect\": could not find dataconnect.yaml in `c:\\Users\\DELL\\employee-manager\\dataconnect`\n"}}
[debug] [2025-05-08T06:12:05.557Z] E0508 11:42:05.556668   22852 load.go:23] Could not load config from "c:\\Users\\DELL\\employee-manager\\dataconnect": could not find dataconnect.yaml in `c:\Users\DELL\employee-manager\dataconnect`
E0508 11:42:05.556668   22852 watch.go:76] watchAllDir unable to walk dir `c:\Users\DELL\employee-manager\dataconnect`: on path "c:\\Users\\DELL\\employee-manager\\dataconnect" (DirEntry: <nil>): CreateFile c:\Users\DELL\employee-manager\dataconnect: The system cannot find the file specified.
 {"metadata":{"emulator":{"name":"dataconnect"},"message":"E0508 11:42:05.556668   22852 load.go:23] Could not load config from \"c:\\\\Users\\\\DELL\\\\employee-manager\\\\dataconnect\": could not find dataconnect.yaml in `c:\\Users\\DELL\\employee-manager\\dataconnect`\nE0508 11:42:05.556668   22852 watch.go:76] watchAllDir unable to walk dir `c:\\Users\\DELL\\employee-manager\\dataconnect`: on path \"c:\\\\Users\\\\DELL\\\\employee-manager\\\\dataconnect\" (DirEntry: <nil>): CreateFile c:\\Users\\DELL\\employee-manager\\dataconnect: The system cannot find the file specified.\n"}}
[debug] [2025-05-08T06:12:15.558Z] E0508 11:42:15.557434   22852 load.go:23] Could not load config from "c:\\Users\\DELL\\employee-manager\\dataconnect": could not find dataconnect.yaml in `c:\Users\DELL\employee-manager\dataconnect`
 {"metadata":{"emulator":{"name":"dataconnect"},"message":"E0508 11:42:15.557434   22852 load.go:23] Could not load config from \"c:\\\\Users\\\\DELL\\\\employee-manager\\\\dataconnect\": could not find dataconnect.yaml in `c:\\Users\\DELL\\employee-manager\\dataconnect`\n"}}
[debug] [2025-05-08T06:12:25.558Z] E0508 11:42:25.557544   22852 load.go:23] Could not load config from "c:\\Users\\DELL\\employee-manager\\dataconnect": could not find dataconnect.yaml in `c:\Users\DELL\employee-manager\dataconnect`
 {"metadata":{"emulator":{"name":"dataconnect"},"message":"E0508 11:42:25.557544   22852 load.go:23] Could not load config from \"c:\\\\Users\\\\DELL\\\\employee-manager\\\\dataconnect\": could not find dataconnect.yaml in `c:\\Users\\DELL\\employee-manager\\dataconnect`\n"}}
[debug] [2025-05-08T06:12:35.561Z] E0508 11:42:35.560710   22852 load.go:23] Could not load config from "c:\\Users\\DELL\\employee-manager\\dataconnect": could not find dataconnect.yaml in `c:\Users\DELL\employee-manager\dataconnect`
 {"metadata":{"emulator":{"name":"dataconnect"},"message":"E0508 11:42:35.560710   22852 load.go:23] Could not load config from \"c:\\\\Users\\\\DELL\\\\employee-manager\\\\dataconnect\": could not find dataconnect.yaml in `c:\\Users\\DELL\\employee-manager\\dataconnect`\n"}}
[debug] [2025-05-08T06:12:45.568Z] E0508 11:42:45.568058   22852 load.go:23] Could not load config from "c:\\Users\\DELL\\employee-manager\\dataconnect": could not find dataconnect.yaml in `c:\Users\DELL\employee-manager\dataconnect`
 {"metadata":{"emulator":{"name":"dataconnect"},"message":"E0508 11:42:45.568058   22852 load.go:23] Could not load config from \"c:\\\\Users\\\\DELL\\\\employee-manager\\\\dataconnect\": could not find dataconnect.yaml in `c:\\Users\\DELL\\employee-manager\\dataconnect`\n"}}
[debug] [2025-05-08T06:12:55.563Z] E0508 11:42:55.563259   22852 load.go:23] Could not load config from "c:\\Users\\DELL\\employee-manager\\dataconnect": could not find dataconnect.yaml in `c:\Users\DELL\employee-manager\dataconnect`
 {"metadata":{"emulator":{"name":"dataconnect"},"message":"E0508 11:42:55.563259   22852 load.go:23] Could not load config from \"c:\\\\Users\\\\DELL\\\\employee-manager\\\\dataconnect\": could not find dataconnect.yaml in `c:\\Users\\DELL\\employee-manager\\dataconnect`\n"}}
[debug] [2025-05-08T06:13:05.566Z] E0508 11:43:05.566344   22852 load.go:23] Could not load config from "c:\\Users\\DELL\\employee-manager\\dataconnect": could not find dataconnect.yaml in `c:\Users\DELL\employee-manager\dataconnect`
 {"metadata":{"emulator":{"name":"dataconnect"},"message":"E0508 11:43:05.566344   22852 load.go:23] Could not load config from \"c:\\\\Users\\\\DELL\\\\employee-manager\\\\dataconnect\": could not find dataconnect.yaml in `c:\\Users\\DELL\\employee-manager\\dataconnect`\n"}}
[debug] [2025-05-08T06:13:15.559Z] E0508 11:43:15.559549   22852 load.go:23] Could not load config from "c:\\Users\\DELL\\employee-manager\\dataconnect": could not find dataconnect.yaml in `c:\Users\DELL\employee-manager\dataconnect`
 {"metadata":{"emulator":{"name":"dataconnect"},"message":"E0508 11:43:15.559549   22852 load.go:23] Could not load config from \"c:\\\\Users\\\\DELL\\\\employee-manager\\\\dataconnect\": could not find dataconnect.yaml in `c:\\Users\\DELL\\employee-manager\\dataconnect`\n"}}
[debug] [2025-05-08T06:13:25.563Z] E0508 11:43:25.564048   22852 load.go:23] Could not load config from "c:\\Users\\DELL\\employee-manager\\dataconnect": could not find dataconnect.yaml in `c:\Users\DELL\employee-manager\dataconnect`
 {"metadata":{"emulator":{"name":"dataconnect"},"message":"E0508 11:43:25.564048   22852 load.go:23] Could not load config from \"c:\\\\Users\\\\DELL\\\\employee-manager\\\\dataconnect\": could not find dataconnect.yaml in `c:\\Users\\DELL\\employee-manager\\dataconnect`\n"}}
[debug] [2025-05-08T06:13:35.575Z] E0508 11:43:35.571297   22852 load.go:23] Could not load config from "c:\\Users\\DELL\\employee-manager\\dataconnect": could not find dataconnect.yaml in `c:\Users\DELL\employee-manager\dataconnect`
 {"metadata":{"emulator":{"name":"dataconnect"},"message":"E0508 11:43:35.571297   22852 load.go:23] Could not load config from \"c:\\\\Users\\\\DELL\\\\employee-manager\\\\dataconnect\": could not find dataconnect.yaml in `c:\\Users\\DELL\\employee-manager\\dataconnect`\n"}}
[debug] [2025-05-08T06:13:45.562Z] E0508 11:43:45.562873   22852 load.go:23] Could not load config from "c:\\Users\\DELL\\employee-manager\\dataconnect": could not find dataconnect.yaml in `c:\Users\DELL\employee-manager\dataconnect`
 {"metadata":{"emulator":{"name":"dataconnect"},"message":"E0508 11:43:45.562873   22852 load.go:23] Could not load config from \"c:\\\\Users\\\\DELL\\\\employee-manager\\\\dataconnect\": could not find dataconnect.yaml in `c:\\Users\\DELL\\employee-manager\\dataconnect`\n"}}
[debug] [2025-05-08T06:13:55.572Z] E0508 11:43:55.571913   22852 load.go:23] Could not load config from "c:\\Users\\DELL\\employee-manager\\dataconnect": could not find dataconnect.yaml in `c:\Users\DELL\employee-manager\dataconnect`
 {"metadata":{"emulator":{"name":"dataconnect"},"message":"E0508 11:43:55.571913   22852 load.go:23] Could not load config from \"c:\\\\Users\\\\DELL\\\\employee-manager\\\\dataconnect\": could not find dataconnect.yaml in `c:\\Users\\DELL\\employee-manager\\dataconnect`\n"}}
[debug] [2025-05-08T06:14:05.569Z] E0508 11:44:05.568659   22852 load.go:23] Could not load config from "c:\\Users\\DELL\\employee-manager\\dataconnect": could not find dataconnect.yaml in `c:\Users\DELL\employee-manager\dataconnect`
E0508 11:44:05.569266   22852 watch.go:76] watchAllDir unable to walk dir `c:\Users\DELL\employee-manager\dataconnect`: on path "c:\\Users\\DELL\\employee-manager\\dataconnect" (DirEntry: <nil>): CreateFile c:\Users\DELL\employee-manager\dataconnect: The system cannot find the file specified.
 {"metadata":{"emulator":{"name":"dataconnect"},"message":"E0508 11:44:05.568659   22852 load.go:23] Could not load config from \"c:\\\\Users\\\\DELL\\\\employee-manager\\\\dataconnect\": could not find dataconnect.yaml in `c:\\Users\\DELL\\employee-manager\\dataconnect`\nE0508 11:44:05.569266   22852 watch.go:76] watchAllDir unable to walk dir `c:\\Users\\DELL\\employee-manager\\dataconnect`: on path \"c:\\\\Users\\\\DELL\\\\employee-manager\\\\dataconnect\" (DirEntry: <nil>): CreateFile c:\\Users\\DELL\\employee-manager\\dataconnect: The system cannot find the file specified.\n"}}
[debug] [2025-05-08T06:14:15.561Z] E0508 11:44:15.560335   22852 load.go:23] Could not load config from "c:\\Users\\DELL\\employee-manager\\dataconnect": could not find dataconnect.yaml in `c:\Users\DELL\employee-manager\dataconnect`
 {"metadata":{"emulator":{"name":"dataconnect"},"message":"E0508 11:44:15.560335   22852 load.go:23] Could not load config from \"c:\\\\Users\\\\DELL\\\\employee-manager\\\\dataconnect\": could not find dataconnect.yaml in `c:\\Users\\DELL\\employee-manager\\dataconnect`\n"}}
[debug] [2025-05-08T06:14:25.564Z] E0508 11:44:25.563746   22852 load.go:23] Could not load config from "c:\\Users\\DELL\\employee-manager\\dataconnect": could not find dataconnect.yaml in `c:\Users\DELL\employee-manager\dataconnect`
 {"metadata":{"emulator":{"name":"dataconnect"},"message":"E0508 11:44:25.563746   22852 load.go:23] Could not load config from \"c:\\\\Users\\\\DELL\\\\employee-manager\\\\dataconnect\": could not find dataconnect.yaml in `c:\\Users\\DELL\\employee-manager\\dataconnect`\n"}}
[debug] [2025-05-08T06:14:35.560Z] E0508 11:44:35.560535   22852 load.go:23] Could not load config from "c:\\Users\\DELL\\employee-manager\\dataconnect": could not find dataconnect.yaml in `c:\Users\DELL\employee-manager\dataconnect`
 {"metadata":{"emulator":{"name":"dataconnect"},"message":"E0508 11:44:35.560535   22852 load.go:23] Could not load config from \"c:\\\\Users\\\\DELL\\\\employee-manager\\\\dataconnect\": could not find dataconnect.yaml in `c:\\Users\\DELL\\employee-manager\\dataconnect`\n"}}
[debug] [2025-05-08T06:14:45.567Z] E0508 11:44:45.566997   22852 load.go:23] Could not load config from "c:\\Users\\DELL\\employee-manager\\dataconnect": could not find dataconnect.yaml in `c:\Users\DELL\employee-manager\dataconnect`
 {"metadata":{"emulator":{"name":"dataconnect"},"message":"E0508 11:44:45.566997   22852 load.go:23] Could not load config from \"c:\\\\Users\\\\DELL\\\\employee-manager\\\\dataconnect\": could not find dataconnect.yaml in `c:\\Users\\DELL\\employee-manager\\dataconnect`\n"}}
[debug] [2025-05-08T06:14:55.561Z] E0508 11:44:55.561078   22852 load.go:23] Could not load config from "c:\\Users\\DELL\\employee-manager\\dataconnect": could not find dataconnect.yaml in `c:\Users\DELL\employee-manager\dataconnect`
 {"metadata":{"emulator":{"name":"dataconnect"},"message":"E0508 11:44:55.561078   22852 load.go:23] Could not load config from \"c:\\\\Users\\\\DELL\\\\employee-manager\\\\dataconnect\": could not find dataconnect.yaml in `c:\\Users\\DELL\\employee-manager\\dataconnect`\n"}}
[debug] [2025-05-08T06:15:05.566Z] E0508 11:45:05.566199   22852 load.go:23] Could not load config from "c:\\Users\\DELL\\employee-manager\\dataconnect": could not find dataconnect.yaml in `c:\Users\DELL\employee-manager\dataconnect`
 {"metadata":{"emulator":{"name":"dataconnect"},"message":"E0508 11:45:05.566199   22852 load.go:23] Could not load config from \"c:\\\\Users\\\\DELL\\\\employee-manager\\\\dataconnect\": could not find dataconnect.yaml in `c:\\Users\\DELL\\employee-manager\\dataconnect`\n"}}
[debug] [2025-05-08T06:15:15.560Z] E0508 11:45:15.560518   22852 load.go:23] Could not load config from "c:\\Users\\DELL\\employee-manager\\dataconnect": could not find dataconnect.yaml in `c:\Users\DELL\employee-manager\dataconnect`
 {"metadata":{"emulator":{"name":"dataconnect"},"message":"E0508 11:45:15.560518   22852 load.go:23] Could not load config from \"c:\\\\Users\\\\DELL\\\\employee-manager\\\\dataconnect\": could not find dataconnect.yaml in `c:\\Users\\DELL\\employee-manager\\dataconnect`\n"}}
[debug] [2025-05-08T06:15:25.563Z] E0508 11:45:25.563299   22852 load.go:23] Could not load config from "c:\\Users\\DELL\\employee-manager\\dataconnect": could not find dataconnect.yaml in `c:\Users\DELL\employee-manager\dataconnect`
 {"metadata":{"emulator":{"name":"dataconnect"},"message":"E0508 11:45:25.563299   22852 load.go:23] Could not load config from \"c:\\\\Users\\\\DELL\\\\employee-manager\\\\dataconnect\": could not find dataconnect.yaml in `c:\\Users\\DELL\\employee-manager\\dataconnect`\n"}}
[debug] [2025-05-08T06:15:35.565Z] E0508 11:45:35.565006   22852 load.go:23] Could not load config from "c:\\Users\\DELL\\employee-manager\\dataconnect": could not find dataconnect.yaml in `c:\Users\DELL\employee-manager\dataconnect`
 {"metadata":{"emulator":{"name":"dataconnect"},"message":"E0508 11:45:35.565006   22852 load.go:23] Could not load config from \"c:\\\\Users\\\\DELL\\\\employee-manager\\\\dataconnect\": could not find dataconnect.yaml in `c:\\Users\\DELL\\employee-manager\\dataconnect`\n"}}
[debug] [2025-05-08T06:15:45.558Z] E0508 11:45:45.558220   22852 load.go:23] Could not load config from "c:\\Users\\DELL\\employee-manager\\dataconnect": could not find dataconnect.yaml in `c:\Users\DELL\employee-manager\dataconnect`
 {"metadata":{"emulator":{"name":"dataconnect"},"message":"E0508 11:45:45.558220   22852 load.go:23] Could not load config from \"c:\\\\Users\\\\DELL\\\\employee-manager\\\\dataconnect\": could not find dataconnect.yaml in `c:\\Users\\DELL\\employee-manager\\dataconnect`\n"}}
[debug] [2025-05-08T06:15:55.558Z] E0508 11:45:55.558146   22852 load.go:23] Could not load config from "c:\\Users\\DELL\\employee-manager\\dataconnect": could not find dataconnect.yaml in `c:\Users\DELL\employee-manager\dataconnect`
 {"metadata":{"emulator":{"name":"dataconnect"},"message":"E0508 11:45:55.558146   22852 load.go:23] Could not load config from \"c:\\\\Users\\\\DELL\\\\employee-manager\\\\dataconnect\": could not find dataconnect.yaml in `c:\\Users\\DELL\\employee-manager\\dataconnect`\n"}}
[debug] [2025-05-08T06:16:05.562Z] E0508 11:46:05.563589   22852 load.go:23] Could not load config from "c:\\Users\\DELL\\employee-manager\\dataconnect": could not find dataconnect.yaml in `c:\Users\DELL\employee-manager\dataconnect`
 {"metadata":{"emulator":{"name":"dataconnect"},"message":"E0508 11:46:05.563589   22852 load.go:23] Could not load config from \"c:\\\\Users\\\\DELL\\\\employee-manager\\\\dataconnect\": could not find dataconnect.yaml in `c:\\Users\\DELL\\employee-manager\\dataconnect`\n"}}
[debug] [2025-05-08T06:16:05.564Z] E0508 11:46:05.564217   22852 watch.go:76] watchAllDir unable to walk dir `c:\Users\DELL\employee-manager\dataconnect`: on path "c:\\Users\\DELL\\employee-manager\\dataconnect" (DirEntry: <nil>): CreateFile c:\Users\DELL\employee-manager\dataconnect: The system cannot find the file specified.
 {"metadata":{"emulator":{"name":"dataconnect"},"message":"E0508 11:46:05.564217   22852 watch.go:76] watchAllDir unable to walk dir `c:\\Users\\DELL\\employee-manager\\dataconnect`: on path \"c:\\\\Users\\\\DELL\\\\employee-manager\\\\dataconnect\" (DirEntry: <nil>): CreateFile c:\\Users\\DELL\\employee-manager\\dataconnect: The system cannot find the file specified.\n"}}
[debug] [2025-05-08T06:16:15.556Z] E0508 11:46:15.557975   22852 load.go:23] Could not load config from "c:\\Users\\DELL\\employee-manager\\dataconnect": could not find dataconnect.yaml in `c:\Users\DELL\employee-manager\dataconnect`
 {"metadata":{"emulator":{"name":"dataconnect"},"message":"E0508 11:46:15.557975   22852 load.go:23] Could not load config from \"c:\\\\Users\\\\DELL\\\\employee-manager\\\\dataconnect\": could not find dataconnect.yaml in `c:\\Users\\DELL\\employee-manager\\dataconnect`\n"}}
[debug] [2025-05-08T06:16:25.560Z] E0508 11:46:25.562042   22852 load.go:23] Could not load config from "c:\\Users\\DELL\\employee-manager\\dataconnect": could not find dataconnect.yaml in `c:\Users\DELL\employee-manager\dataconnect`
 {"metadata":{"emulator":{"name":"dataconnect"},"message":"E0508 11:46:25.562042   22852 load.go:23] Could not load config from \"c:\\\\Users\\\\DELL\\\\employee-manager\\\\dataconnect\": could not find dataconnect.yaml in `c:\\Users\\DELL\\employee-manager\\dataconnect`\n"}}
[debug] [2025-05-08T06:16:35.555Z] E0508 11:46:35.557142   22852 load.go:23] Could not load config from "c:\\Users\\DELL\\employee-manager\\dataconnect": could not find dataconnect.yaml in `c:\Users\DELL\employee-manager\dataconnect`
 {"metadata":{"emulator":{"name":"dataconnect"},"message":"E0508 11:46:35.557142   22852 load.go:23] Could not load config from \"c:\\\\Users\\\\DELL\\\\employee-manager\\\\dataconnect\": could not find dataconnect.yaml in `c:\\Users\\DELL\\employee-manager\\dataconnect`\n"}}
[debug] [2025-05-08T06:16:45.558Z] E0508 11:46:45.559400   22852 load.go:23] Could not load config from "c:\\Users\\DELL\\employee-manager\\dataconnect": could not find dataconnect.yaml in `c:\Users\DELL\employee-manager\dataconnect`
 {"metadata":{"emulator":{"name":"dataconnect"},"message":"E0508 11:46:45.559400   22852 load.go:23] Could not load config from \"c:\\\\Users\\\\DELL\\\\employee-manager\\\\dataconnect\": could not find dataconnect.yaml in `c:\\Users\\DELL\\employee-manager\\dataconnect`\n"}}
[debug] [2025-05-08T06:16:55.557Z] E0508 11:46:55.559017   22852 load.go:23] Could not load config from "c:\\Users\\DELL\\employee-manager\\dataconnect": could not find dataconnect.yaml in `c:\Users\DELL\employee-manager\dataconnect`
 {"metadata":{"emulator":{"name":"dataconnect"},"message":"E0508 11:46:55.559017   22852 load.go:23] Could not load config from \"c:\\\\Users\\\\DELL\\\\employee-manager\\\\dataconnect\": could not find dataconnect.yaml in `c:\\Users\\DELL\\employee-manager\\dataconnect`\n"}}
[debug] [2025-05-08T06:17:05.558Z] E0508 11:47:05.557910   22852 load.go:23] Could not load config from "c:\\Users\\DELL\\employee-manager\\dataconnect": could not find dataconnect.yaml in `c:\Users\DELL\employee-manager\dataconnect`
 {"metadata":{"emulator":{"name":"dataconnect"},"message":"E0508 11:47:05.557910   22852 load.go:23] Could not load config from \"c:\\\\Users\\\\DELL\\\\employee-manager\\\\dataconnect\": could not find dataconnect.yaml in `c:\\Users\\DELL\\employee-manager\\dataconnect`\n"}}
[debug] [2025-05-08T06:17:15.557Z] E0508 11:47:15.556894   22852 load.go:23] Could not load config from "c:\\Users\\DELL\\employee-manager\\dataconnect": could not find dataconnect.yaml in `c:\Users\DELL\employee-manager\dataconnect`
 {"metadata":{"emulator":{"name":"dataconnect"},"message":"E0508 11:47:15.556894   22852 load.go:23] Could not load config from \"c:\\\\Users\\\\DELL\\\\employee-manager\\\\dataconnect\": could not find dataconnect.yaml in `c:\\Users\\DELL\\employee-manager\\dataconnect`\n"}}
[debug] [2025-05-08T06:17:25.564Z] E0508 11:47:25.563736   22852 load.go:23] Could not load config from "c:\\Users\\DELL\\employee-manager\\dataconnect": could not find dataconnect.yaml in `c:\Users\DELL\employee-manager\dataconnect`
 {"metadata":{"emulator":{"name":"dataconnect"},"message":"E0508 11:47:25.563736   22852 load.go:23] Could not load config from \"c:\\\\Users\\\\DELL\\\\employee-manager\\\\dataconnect\": could not find dataconnect.yaml in `c:\\Users\\DELL\\employee-manager\\dataconnect`\n"}}
[debug] [2025-05-08T06:17:35.558Z] E0508 11:47:35.557492   22852 load.go:23] Could not load config from "c:\\Users\\DELL\\employee-manager\\dataconnect": could not find dataconnect.yaml in `c:\Users\DELL\employee-manager\dataconnect`
 {"metadata":{"emulator":{"name":"dataconnect"},"message":"E0508 11:47:35.557492   22852 load.go:23] Could not load config from \"c:\\\\Users\\\\DELL\\\\employee-manager\\\\dataconnect\": could not find dataconnect.yaml in `c:\\Users\\DELL\\employee-manager\\dataconnect`\n"}}
[debug] [2025-05-08T06:17:45.558Z] E0508 11:47:45.558005   22852 load.go:23] Could not load config from "c:\\Users\\DELL\\employee-manager\\dataconnect": could not find dataconnect.yaml in `c:\Users\DELL\employee-manager\dataconnect`
 {"metadata":{"emulator":{"name":"dataconnect"},"message":"E0508 11:47:45.558005   22852 load.go:23] Could not load config from \"c:\\\\Users\\\\DELL\\\\employee-manager\\\\dataconnect\": could not find dataconnect.yaml in `c:\\Users\\DELL\\employee-manager\\dataconnect`\n"}}
[debug] [2025-05-08T06:17:55.565Z] E0508 11:47:55.564819   22852 load.go:23] Could not load config from "c:\\Users\\DELL\\employee-manager\\dataconnect": could not find dataconnect.yaml in `c:\Users\DELL\employee-manager\dataconnect`
 {"metadata":{"emulator":{"name":"dataconnect"},"message":"E0508 11:47:55.564819   22852 load.go:23] Could not load config from \"c:\\\\Users\\\\DELL\\\\employee-manager\\\\dataconnect\": could not find dataconnect.yaml in `c:\\Users\\DELL\\employee-manager\\dataconnect`\n"}}
[debug] [2025-05-08T06:18:05.569Z] E0508 11:48:05.569581   22852 load.go:23] Could not load config from "c:\\Users\\DELL\\employee-manager\\dataconnect": could not find dataconnect.yaml in `c:\Users\DELL\employee-manager\dataconnect`
E0508 11:48:05.569581   22852 watch.go:76] watchAllDir unable to walk dir `c:\Users\DELL\employee-manager\dataconnect`: on path "c:\\Users\\DELL\\employee-manager\\dataconnect" (DirEntry: <nil>): CreateFile c:\Users\DELL\employee-manager\dataconnect: The system cannot find the file specified.
 {"metadata":{"emulator":{"name":"dataconnect"},"message":"E0508 11:48:05.569581   22852 load.go:23] Could not load config from \"c:\\\\Users\\\\DELL\\\\employee-manager\\\\dataconnect\": could not find dataconnect.yaml in `c:\\Users\\DELL\\employee-manager\\dataconnect`\nE0508 11:48:05.569581   22852 watch.go:76] watchAllDir unable to walk dir `c:\\Users\\DELL\\employee-manager\\dataconnect`: on path \"c:\\\\Users\\\\DELL\\\\employee-manager\\\\dataconnect\" (DirEntry: <nil>): CreateFile c:\\Users\\DELL\\employee-manager\\dataconnect: The system cannot find the file specified.\n"}}
[debug] [2025-05-08T06:18:15.566Z] E0508 11:48:15.566603   22852 load.go:23] Could not load config from "c:\\Users\\DELL\\employee-manager\\dataconnect": could not find dataconnect.yaml in `c:\Users\DELL\employee-manager\dataconnect`
 {"metadata":{"emulator":{"name":"dataconnect"},"message":"E0508 11:48:15.566603   22852 load.go:23] Could not load config from \"c:\\\\Users\\\\DELL\\\\employee-manager\\\\dataconnect\": could not find dataconnect.yaml in `c:\\Users\\DELL\\employee-manager\\dataconnect`\n"}}
[debug] [2025-05-08T06:18:25.558Z] E0508 11:48:25.558352   22852 load.go:23] Could not load config from "c:\\Users\\DELL\\employee-manager\\dataconnect": could not find dataconnect.yaml in `c:\Users\DELL\employee-manager\dataconnect`
 {"metadata":{"emulator":{"name":"dataconnect"},"message":"E0508 11:48:25.558352   22852 load.go:23] Could not load config from \"c:\\\\Users\\\\DELL\\\\employee-manager\\\\dataconnect\": could not find dataconnect.yaml in `c:\\Users\\DELL\\employee-manager\\dataconnect`\n"}}
[debug] [2025-05-08T06:18:35.563Z] E0508 11:48:35.563789   22852 load.go:23] Could not load config from "c:\\Users\\DELL\\employee-manager\\dataconnect": could not find dataconnect.yaml in `c:\Users\DELL\employee-manager\dataconnect`
 {"metadata":{"emulator":{"name":"dataconnect"},"message":"E0508 11:48:35.563789   22852 load.go:23] Could not load config from \"c:\\\\Users\\\\DELL\\\\employee-manager\\\\dataconnect\": could not find dataconnect.yaml in `c:\\Users\\DELL\\employee-manager\\dataconnect`\n"}}
[debug] [2025-05-08T06:18:45.563Z] E0508 11:48:45.564131   22852 load.go:23] Could not load config from "c:\\Users\\DELL\\employee-manager\\dataconnect": could not find dataconnect.yaml in `c:\Users\DELL\employee-manager\dataconnect`
 {"metadata":{"emulator":{"name":"dataconnect"},"message":"E0508 11:48:45.564131   22852 load.go:23] Could not load config from \"c:\\\\Users\\\\DELL\\\\employee-manager\\\\dataconnect\": could not find dataconnect.yaml in `c:\\Users\\DELL\\employee-manager\\dataconnect`\n"}}
[debug] [2025-05-08T06:18:55.561Z] E0508 11:48:55.561642   22852 load.go:23] Could not load config from "c:\\Users\\DELL\\employee-manager\\dataconnect": could not find dataconnect.yaml in `c:\Users\DELL\employee-manager\dataconnect`
 {"metadata":{"emulator":{"name":"dataconnect"},"message":"E0508 11:48:55.561642   22852 load.go:23] Could not load config from \"c:\\\\Users\\\\DELL\\\\employee-manager\\\\dataconnect\": could not find dataconnect.yaml in `c:\\Users\\DELL\\employee-manager\\dataconnect`\n"}}
[debug] [2025-05-08T06:19:05.556Z] E0508 11:49:05.555704   22852 load.go:23] Could not load config from "c:\\Users\\DELL\\employee-manager\\dataconnect": could not find dataconnect.yaml in `c:\Users\DELL\employee-manager\dataconnect`
 {"metadata":{"emulator":{"name":"dataconnect"},"message":"E0508 11:49:05.555704   22852 load.go:23] Could not load config from \"c:\\\\Users\\\\DELL\\\\employee-manager\\\\dataconnect\": could not find dataconnect.yaml in `c:\\Users\\DELL\\employee-manager\\dataconnect`\n"}}
[debug] [2025-05-08T06:19:15.565Z] E0508 11:49:15.564933   22852 load.go:23] Could not load config from "c:\\Users\\DELL\\employee-manager\\dataconnect": could not find dataconnect.yaml in `c:\Users\DELL\employee-manager\dataconnect`
 {"metadata":{"emulator":{"name":"dataconnect"},"message":"E0508 11:49:15.564933   22852 load.go:23] Could not load config from \"c:\\\\Users\\\\DELL\\\\employee-manager\\\\dataconnect\": could not find dataconnect.yaml in `c:\\Users\\DELL\\employee-manager\\dataconnect`\n"}}
[debug] [2025-05-08T06:19:25.561Z] E0508 11:49:25.561576   22852 load.go:23] Could not load config from "c:\\Users\\DELL\\employee-manager\\dataconnect": could not find dataconnect.yaml in `c:\Users\DELL\employee-manager\dataconnect`
 {"metadata":{"emulator":{"name":"dataconnect"},"message":"E0508 11:49:25.561576   22852 load.go:23] Could not load config from \"c:\\\\Users\\\\DELL\\\\employee-manager\\\\dataconnect\": could not find dataconnect.yaml in `c:\\Users\\DELL\\employee-manager\\dataconnect`\n"}}
[debug] [2025-05-08T06:19:35.567Z] E0508 11:49:35.566683   22852 load.go:23] Could not load config from "c:\\Users\\DELL\\employee-manager\\dataconnect": could not find dataconnect.yaml in `c:\Users\DELL\employee-manager\dataconnect`
 {"metadata":{"emulator":{"name":"dataconnect"},"message":"E0508 11:49:35.566683   22852 load.go:23] Could not load config from \"c:\\\\Users\\\\DELL\\\\employee-manager\\\\dataconnect\": could not find dataconnect.yaml in `c:\\Users\\DELL\\employee-manager\\dataconnect`\n"}}
[debug] [2025-05-08T06:19:45.556Z] E0508 11:49:45.556455   22852 load.go:23] Could not load config from "c:\\Users\\DELL\\employee-manager\\dataconnect": could not find dataconnect.yaml in `c:\Users\DELL\employee-manager\dataconnect`
 {"metadata":{"emulator":{"name":"dataconnect"},"message":"E0508 11:49:45.556455   22852 load.go:23] Could not load config from \"c:\\\\Users\\\\DELL\\\\employee-manager\\\\dataconnect\": could not find dataconnect.yaml in `c:\\Users\\DELL\\employee-manager\\dataconnect`\n"}}
[debug] [2025-05-08T06:19:55.571Z] E0508 11:49:55.570856   22852 load.go:23] Could not load config from "c:\\Users\\DELL\\employee-manager\\dataconnect": could not find dataconnect.yaml in `c:\Users\DELL\employee-manager\dataconnect`
 {"metadata":{"emulator":{"name":"dataconnect"},"message":"E0508 11:49:55.570856   22852 load.go:23] Could not load config from \"c:\\\\Users\\\\DELL\\\\employee-manager\\\\dataconnect\": could not find dataconnect.yaml in `c:\\Users\\DELL\\employee-manager\\dataconnect`\n"}}
[debug] [2025-05-08T06:20:05.558Z] E0508 11:50:05.557854   22852 load.go:23] Could not load config from "c:\\Users\\DELL\\employee-manager\\dataconnect": could not find dataconnect.yaml in `c:\Users\DELL\employee-manager\dataconnect`
E0508 11:50:05.557854   22852 watch.go:76] watchAllDir unable to walk dir `c:\Users\DELL\employee-manager\dataconnect`: on path "c:\\Users\\DELL\\employee-manager\\dataconnect" (DirEntry: <nil>): CreateFile c:\Users\DELL\employee-manager\dataconnect: The system cannot find the file specified.
 {"metadata":{"emulator":{"name":"dataconnect"},"message":"E0508 11:50:05.557854   22852 load.go:23] Could not load config from \"c:\\\\Users\\\\DELL\\\\employee-manager\\\\dataconnect\": could not find dataconnect.yaml in `c:\\Users\\DELL\\employee-manager\\dataconnect`\nE0508 11:50:05.557854   22852 watch.go:76] watchAllDir unable to walk dir `c:\\Users\\DELL\\employee-manager\\dataconnect`: on path \"c:\\\\Users\\\\DELL\\\\employee-manager\\\\dataconnect\" (DirEntry: <nil>): CreateFile c:\\Users\\DELL\\employee-manager\\dataconnect: The system cannot find the file specified.\n"}}
[debug] [2025-05-08T06:20:15.570Z] E0508 11:50:15.569892   22852 load.go:23] Could not load config from "c:\\Users\\DELL\\employee-manager\\dataconnect": could not find dataconnect.yaml in `c:\Users\DELL\employee-manager\dataconnect`
 {"metadata":{"emulator":{"name":"dataconnect"},"message":"E0508 11:50:15.569892   22852 load.go:23] Could not load config from \"c:\\\\Users\\\\DELL\\\\employee-manager\\\\dataconnect\": could not find dataconnect.yaml in `c:\\Users\\DELL\\employee-manager\\dataconnect`\n"}}
[debug] [2025-05-08T06:20:25.559Z] E0508 11:50:25.559301   22852 load.go:23] Could not load config from "c:\\Users\\DELL\\employee-manager\\dataconnect": could not find dataconnect.yaml in `c:\Users\DELL\employee-manager\dataconnect`
 {"metadata":{"emulator":{"name":"dataconnect"},"message":"E0508 11:50:25.559301   22852 load.go:23] Could not load config from \"c:\\\\Users\\\\DELL\\\\employee-manager\\\\dataconnect\": could not find dataconnect.yaml in `c:\\Users\\DELL\\employee-manager\\dataconnect`\n"}}
[debug] [2025-05-08T06:20:35.562Z] E0508 11:50:35.561636   22852 load.go:23] Could not load config from "c:\\Users\\DELL\\employee-manager\\dataconnect": could not find dataconnect.yaml in `c:\Users\DELL\employee-manager\dataconnect`
 {"metadata":{"emulator":{"name":"dataconnect"},"message":"E0508 11:50:35.561636   22852 load.go:23] Could not load config from \"c:\\\\Users\\\\DELL\\\\employee-manager\\\\dataconnect\": could not find dataconnect.yaml in `c:\\Users\\DELL\\employee-manager\\dataconnect`\n"}}
[debug] [2025-05-08T06:20:45.565Z] E0508 11:50:45.564774   22852 load.go:23] Could not load config from "c:\\Users\\DELL\\employee-manager\\dataconnect": could not find dataconnect.yaml in `c:\Users\DELL\employee-manager\dataconnect`
 {"metadata":{"emulator":{"name":"dataconnect"},"message":"E0508 11:50:45.564774   22852 load.go:23] Could not load config from \"c:\\\\Users\\\\DELL\\\\employee-manager\\\\dataconnect\": could not find dataconnect.yaml in `c:\\Users\\DELL\\employee-manager\\dataconnect`\n"}}
[debug] [2025-05-08T06:20:55.558Z] E0508 11:50:55.557692   22852 load.go:23] Could not load config from "c:\\Users\\DELL\\employee-manager\\dataconnect": could not find dataconnect.yaml in `c:\Users\DELL\employee-manager\dataconnect`
 {"metadata":{"emulator":{"name":"dataconnect"},"message":"E0508 11:50:55.557692   22852 load.go:23] Could not load config from \"c:\\\\Users\\\\DELL\\\\employee-manager\\\\dataconnect\": could not find dataconnect.yaml in `c:\\Users\\DELL\\employee-manager\\dataconnect`\n"}}
[debug] [2025-05-08T06:21:05.566Z] E0508 11:51:05.566981   22852 load.go:23] Could not load config from "c:\\Users\\DELL\\employee-manager\\dataconnect": could not find dataconnect.yaml in `c:\Users\DELL\employee-manager\dataconnect`
 {"metadata":{"emulator":{"name":"dataconnect"},"message":"E0508 11:51:05.566981   22852 load.go:23] Could not load config from \"c:\\\\Users\\\\DELL\\\\employee-manager\\\\dataconnect\": could not find dataconnect.yaml in `c:\\Users\\DELL\\employee-manager\\dataconnect`\n"}}
[debug] [2025-05-08T06:21:15.559Z] E0508 11:51:15.559186   22852 load.go:23] Could not load config from "c:\\Users\\DELL\\employee-manager\\dataconnect": could not find dataconnect.yaml in `c:\Users\DELL\employee-manager\dataconnect`
 {"metadata":{"emulator":{"name":"dataconnect"},"message":"E0508 11:51:15.559186   22852 load.go:23] Could not load config from \"c:\\\\Users\\\\DELL\\\\employee-manager\\\\dataconnect\": could not find dataconnect.yaml in `c:\\Users\\DELL\\employee-manager\\dataconnect`\n"}}
[debug] [2025-05-08T06:21:25.563Z] E0508 11:51:25.563085   22852 load.go:23] Could not load config from "c:\\Users\\DELL\\employee-manager\\dataconnect": could not find dataconnect.yaml in `c:\Users\DELL\employee-manager\dataconnect`
 {"metadata":{"emulator":{"name":"dataconnect"},"message":"E0508 11:51:25.563085   22852 load.go:23] Could not load config from \"c:\\\\Users\\\\DELL\\\\employee-manager\\\\dataconnect\": could not find dataconnect.yaml in `c:\\Users\\DELL\\employee-manager\\dataconnect`\n"}}
[debug] [2025-05-08T06:21:35.564Z] E0508 11:51:35.563785   22852 load.go:23] Could not load config from "c:\\Users\\DELL\\employee-manager\\dataconnect": could not find dataconnect.yaml in `c:\Users\DELL\employee-manager\dataconnect`
 {"metadata":{"emulator":{"name":"dataconnect"},"message":"E0508 11:51:35.563785   22852 load.go:23] Could not load config from \"c:\\\\Users\\\\DELL\\\\employee-manager\\\\dataconnect\": could not find dataconnect.yaml in `c:\\Users\\DELL\\employee-manager\\dataconnect`\n"}}
[debug] [2025-05-08T06:21:45.566Z] E0508 11:51:45.566232   22852 load.go:23] Could not load config from "c:\\Users\\DELL\\employee-manager\\dataconnect": could not find dataconnect.yaml in `c:\Users\DELL\employee-manager\dataconnect`
 {"metadata":{"emulator":{"name":"dataconnect"},"message":"E0508 11:51:45.566232   22852 load.go:23] Could not load config from \"c:\\\\Users\\\\DELL\\\\employee-manager\\\\dataconnect\": could not find dataconnect.yaml in `c:\\Users\\DELL\\employee-manager\\dataconnect`\n"}}
[debug] [2025-05-08T06:21:55.564Z] E0508 11:51:55.564030   22852 load.go:23] Could not load config from "c:\\Users\\DELL\\employee-manager\\dataconnect": could not find dataconnect.yaml in `c:\Users\DELL\employee-manager\dataconnect`
 {"metadata":{"emulator":{"name":"dataconnect"},"message":"E0508 11:51:55.564030   22852 load.go:23] Could not load config from \"c:\\\\Users\\\\DELL\\\\employee-manager\\\\dataconnect\": could not find dataconnect.yaml in `c:\\Users\\DELL\\employee-manager\\dataconnect`\n"}}
[debug] [2025-05-08T06:22:05.571Z] E0508 11:52:05.571403   22852 load.go:23] Could not load config from "c:\\Users\\DELL\\employee-manager\\dataconnect": could not find dataconnect.yaml in `c:\Users\DELL\employee-manager\dataconnect`
 {"metadata":{"emulator":{"name":"dataconnect"},"message":"E0508 11:52:05.571403   22852 load.go:23] Could not load config from \"c:\\\\Users\\\\DELL\\\\employee-manager\\\\dataconnect\": could not find dataconnect.yaml in `c:\\Users\\DELL\\employee-manager\\dataconnect`\n"}}
[debug] [2025-05-08T06:22:05.572Z] E0508 11:52:05.571403   22852 watch.go:76] watchAllDir unable to walk dir `c:\Users\DELL\employee-manager\dataconnect`: on path "c:\\Users\\DELL\\employee-manager\\dataconnect" (DirEntry: <nil>): CreateFile c:\Users\DELL\employee-manager\dataconnect: The system cannot find the file specified.
 {"metadata":{"emulator":{"name":"dataconnect"},"message":"E0508 11:52:05.571403   22852 watch.go:76] watchAllDir unable to walk dir `c:\\Users\\DELL\\employee-manager\\dataconnect`: on path \"c:\\\\Users\\\\DELL\\\\employee-manager\\\\dataconnect\" (DirEntry: <nil>): CreateFile c:\\Users\\DELL\\employee-manager\\dataconnect: The system cannot find the file specified.\n"}}
[debug] [2025-05-08T06:22:15.568Z] E0508 11:52:15.567663   22852 load.go:23] Could not load config from "c:\\Users\\DELL\\employee-manager\\dataconnect": could not find dataconnect.yaml in `c:\Users\DELL\employee-manager\dataconnect`
 {"metadata":{"emulator":{"name":"dataconnect"},"message":"E0508 11:52:15.567663   22852 load.go:23] Could not load config from \"c:\\\\Users\\\\DELL\\\\employee-manager\\\\dataconnect\": could not find dataconnect.yaml in `c:\\Users\\DELL\\employee-manager\\dataconnect`\n"}}
[debug] [2025-05-08T06:22:25.556Z] E0508 11:52:25.556535   22852 load.go:23] Could not load config from "c:\\Users\\DELL\\employee-manager\\dataconnect": could not find dataconnect.yaml in `c:\Users\DELL\employee-manager\dataconnect`
 {"metadata":{"emulator":{"name":"dataconnect"},"message":"E0508 11:52:25.556535   22852 load.go:23] Could not load config from \"c:\\\\Users\\\\DELL\\\\employee-manager\\\\dataconnect\": could not find dataconnect.yaml in `c:\\Users\\DELL\\employee-manager\\dataconnect`\n"}}
[debug] [2025-05-08T06:22:35.556Z] E0508 11:52:35.556093   22852 load.go:23] Could not load config from "c:\\Users\\DELL\\employee-manager\\dataconnect": could not find dataconnect.yaml in `c:\Users\DELL\employee-manager\dataconnect`
 {"metadata":{"emulator":{"name":"dataconnect"},"message":"E0508 11:52:35.556093   22852 load.go:23] Could not load config from \"c:\\\\Users\\\\DELL\\\\employee-manager\\\\dataconnect\": could not find dataconnect.yaml in `c:\\Users\\DELL\\employee-manager\\dataconnect`\n"}}
[debug] [2025-05-08T06:22:45.566Z] E0508 11:52:45.566809   22852 load.go:23] Could not load config from "c:\\Users\\DELL\\employee-manager\\dataconnect": could not find dataconnect.yaml in `c:\Users\DELL\employee-manager\dataconnect`
 {"metadata":{"emulator":{"name":"dataconnect"},"message":"E0508 11:52:45.566809   22852 load.go:23] Could not load config from \"c:\\\\Users\\\\DELL\\\\employee-manager\\\\dataconnect\": could not find dataconnect.yaml in `c:\\Users\\DELL\\employee-manager\\dataconnect`\n"}}
[debug] [2025-05-08T06:22:55.559Z] E0508 11:52:55.559372   22852 load.go:23] Could not load config from "c:\\Users\\DELL\\employee-manager\\dataconnect": could not find dataconnect.yaml in `c:\Users\DELL\employee-manager\dataconnect`
 {"metadata":{"emulator":{"name":"dataconnect"},"message":"E0508 11:52:55.559372   22852 load.go:23] Could not load config from \"c:\\\\Users\\\\DELL\\\\employee-manager\\\\dataconnect\": could not find dataconnect.yaml in `c:\\Users\\DELL\\employee-manager\\dataconnect`\n"}}
[debug] [2025-05-08T06:23:05.571Z] E0508 11:53:05.571570   22852 load.go:23] Could not load config from "c:\\Users\\DELL\\employee-manager\\dataconnect": could not find dataconnect.yaml in `c:\Users\DELL\employee-manager\dataconnect`
 {"metadata":{"emulator":{"name":"dataconnect"},"message":"E0508 11:53:05.571570   22852 load.go:23] Could not load config from \"c:\\\\Users\\\\DELL\\\\employee-manager\\\\dataconnect\": could not find dataconnect.yaml in `c:\\Users\\DELL\\employee-manager\\dataconnect`\n"}}
[debug] [2025-05-08T06:23:15.564Z] E0508 11:53:15.564539   22852 load.go:23] Could not load config from "c:\\Users\\DELL\\employee-manager\\dataconnect": could not find dataconnect.yaml in `c:\Users\DELL\employee-manager\dataconnect`
 {"metadata":{"emulator":{"name":"dataconnect"},"message":"E0508 11:53:15.564539   22852 load.go:23] Could not load config from \"c:\\\\Users\\\\DELL\\\\employee-manager\\\\dataconnect\": could not find dataconnect.yaml in `c:\\Users\\DELL\\employee-manager\\dataconnect`\n"}}
[debug] [2025-05-08T06:23:25.560Z] E0508 11:53:25.561099   22852 load.go:23] Could not load config from "c:\\Users\\DELL\\employee-manager\\dataconnect": could not find dataconnect.yaml in `c:\Users\DELL\employee-manager\dataconnect`
 {"metadata":{"emulator":{"name":"dataconnect"},"message":"E0508 11:53:25.561099   22852 load.go:23] Could not load config from \"c:\\\\Users\\\\DELL\\\\employee-manager\\\\dataconnect\": could not find dataconnect.yaml in `c:\\Users\\DELL\\employee-manager\\dataconnect`\n"}}
[debug] [2025-05-08T06:23:35.561Z] E0508 11:53:35.560792   22852 load.go:23] Could not load config from "c:\\Users\\DELL\\employee-manager\\dataconnect": could not find dataconnect.yaml in `c:\Users\DELL\employee-manager\dataconnect`
 {"metadata":{"emulator":{"name":"dataconnect"},"message":"E0508 11:53:35.560792   22852 load.go:23] Could not load config from \"c:\\\\Users\\\\DELL\\\\employee-manager\\\\dataconnect\": could not find dataconnect.yaml in `c:\\Users\\DELL\\employee-manager\\dataconnect`\n"}}
[debug] [2025-05-08T06:23:45.568Z] E0508 11:53:45.568001   22852 load.go:23] Could not load config from "c:\\Users\\DELL\\employee-manager\\dataconnect": could not find dataconnect.yaml in `c:\Users\DELL\employee-manager\dataconnect`
 {"metadata":{"emulator":{"name":"dataconnect"},"message":"E0508 11:53:45.568001   22852 load.go:23] Could not load config from \"c:\\\\Users\\\\DELL\\\\employee-manager\\\\dataconnect\": could not find dataconnect.yaml in `c:\\Users\\DELL\\employee-manager\\dataconnect`\n"}}
[debug] [2025-05-08T06:23:55.563Z] E0508 11:53:55.563769   22852 load.go:23] Could not load config from "c:\\Users\\DELL\\employee-manager\\dataconnect": could not find dataconnect.yaml in `c:\Users\DELL\employee-manager\dataconnect`
 {"metadata":{"emulator":{"name":"dataconnect"},"message":"E0508 11:53:55.563769   22852 load.go:23] Could not load config from \"c:\\\\Users\\\\DELL\\\\employee-manager\\\\dataconnect\": could not find dataconnect.yaml in `c:\\Users\\DELL\\employee-manager\\dataconnect`\n"}}
[debug] [2025-05-08T06:24:05.570Z] E0508 11:54:05.570243   22852 load.go:23] Could not load config from "c:\\Users\\DELL\\employee-manager\\dataconnect": could not find dataconnect.yaml in `c:\Users\DELL\employee-manager\dataconnect`
E0508 11:54:05.570243   22852 watch.go:76] watchAllDir unable to walk dir `c:\Users\DELL\employee-manager\dataconnect`: on path "c:\\Users\\DELL\\employee-manager\\dataconnect" (DirEntry: <nil>): CreateFile c:\Users\DELL\employee-manager\dataconnect: The system cannot find the file specified.
 {"metadata":{"emulator":{"name":"dataconnect"},"message":"E0508 11:54:05.570243   22852 load.go:23] Could not load config from \"c:\\\\Users\\\\DELL\\\\employee-manager\\\\dataconnect\": could not find dataconnect.yaml in `c:\\Users\\DELL\\employee-manager\\dataconnect`\nE0508 11:54:05.570243   22852 watch.go:76] watchAllDir unable to walk dir `c:\\Users\\DELL\\employee-manager\\dataconnect`: on path \"c:\\\\Users\\\\DELL\\\\employee-manager\\\\dataconnect\" (DirEntry: <nil>): CreateFile c:\\Users\\DELL\\employee-manager\\dataconnect: The system cannot find the file specified.\n"}}
[debug] [2025-05-08T06:24:15.561Z] E0508 11:54:15.563008   22852 load.go:23] Could not load config from "c:\\Users\\DELL\\employee-manager\\dataconnect": could not find dataconnect.yaml in `c:\Users\DELL\employee-manager\dataconnect`
 {"metadata":{"emulator":{"name":"dataconnect"},"message":"E0508 11:54:15.563008   22852 load.go:23] Could not load config from \"c:\\\\Users\\\\DELL\\\\employee-manager\\\\dataconnect\": could not find dataconnect.yaml in `c:\\Users\\DELL\\employee-manager\\dataconnect`\n"}}
[debug] [2025-05-08T06:24:25.560Z] E0508 11:54:25.561749   22852 load.go:23] Could not load config from "c:\\Users\\DELL\\employee-manager\\dataconnect": could not find dataconnect.yaml in `c:\Users\DELL\employee-manager\dataconnect`
 {"metadata":{"emulator":{"name":"dataconnect"},"message":"E0508 11:54:25.561749   22852 load.go:23] Could not load config from \"c:\\\\Users\\\\DELL\\\\employee-manager\\\\dataconnect\": could not find dataconnect.yaml in `c:\\Users\\DELL\\employee-manager\\dataconnect`\n"}}
[debug] [2025-05-08T06:24:35.559Z] E0508 11:54:35.560826   22852 load.go:23] Could not load config from "c:\\Users\\DELL\\employee-manager\\dataconnect": could not find dataconnect.yaml in `c:\Users\DELL\employee-manager\dataconnect`
 {"metadata":{"emulator":{"name":"dataconnect"},"message":"E0508 11:54:35.560826   22852 load.go:23] Could not load config from \"c:\\\\Users\\\\DELL\\\\employee-manager\\\\dataconnect\": could not find dataconnect.yaml in `c:\\Users\\DELL\\employee-manager\\dataconnect`\n"}}
[debug] [2025-05-08T06:24:45.567Z] E0508 11:54:45.568719   22852 load.go:23] Could not load config from "c:\\Users\\DELL\\employee-manager\\dataconnect": could not find dataconnect.yaml in `c:\Users\DELL\employee-manager\dataconnect`
 {"metadata":{"emulator":{"name":"dataconnect"},"message":"E0508 11:54:45.568719   22852 load.go:23] Could not load config from \"c:\\\\Users\\\\DELL\\\\employee-manager\\\\dataconnect\": could not find dataconnect.yaml in `c:\\Users\\DELL\\employee-manager\\dataconnect`\n"}}
[debug] [2025-05-08T06:24:55.561Z] E0508 11:54:55.563609   22852 load.go:23] Could not load config from "c:\\Users\\DELL\\employee-manager\\dataconnect": could not find dataconnect.yaml in `c:\Users\DELL\employee-manager\dataconnect`
 {"metadata":{"emulator":{"name":"dataconnect"},"message":"E0508 11:54:55.563609   22852 load.go:23] Could not load config from \"c:\\\\Users\\\\DELL\\\\employee-manager\\\\dataconnect\": could not find dataconnect.yaml in `c:\\Users\\DELL\\employee-manager\\dataconnect`\n"}}
[debug] [2025-05-08T06:25:05.567Z] E0508 11:55:05.569729   22852 load.go:23] Could not load config from "c:\\Users\\DELL\\employee-manager\\dataconnect": could not find dataconnect.yaml in `c:\Users\DELL\employee-manager\dataconnect`
 {"metadata":{"emulator":{"name":"dataconnect"},"message":"E0508 11:55:05.569729   22852 load.go:23] Could not load config from \"c:\\\\Users\\\\DELL\\\\employee-manager\\\\dataconnect\": could not find dataconnect.yaml in `c:\\Users\\DELL\\employee-manager\\dataconnect`\n"}}
[debug] [2025-05-08T06:25:15.560Z] E0508 11:55:15.559460   22852 load.go:23] Could not load config from "c:\\Users\\DELL\\employee-manager\\dataconnect": could not find dataconnect.yaml in `c:\Users\DELL\employee-manager\dataconnect`
 {"metadata":{"emulator":{"name":"dataconnect"},"message":"E0508 11:55:15.559460   22852 load.go:23] Could not load config from \"c:\\\\Users\\\\DELL\\\\employee-manager\\\\dataconnect\": could not find dataconnect.yaml in `c:\\Users\\DELL\\employee-manager\\dataconnect`\n"}}
[debug] [2025-05-08T06:25:25.569Z] E0508 11:55:25.568868   22852 load.go:23] Could not load config from "c:\\Users\\DELL\\employee-manager\\dataconnect": could not find dataconnect.yaml in `c:\Users\DELL\employee-manager\dataconnect`
 {"metadata":{"emulator":{"name":"dataconnect"},"message":"E0508 11:55:25.568868   22852 load.go:23] Could not load config from \"c:\\\\Users\\\\DELL\\\\employee-manager\\\\dataconnect\": could not find dataconnect.yaml in `c:\\Users\\DELL\\employee-manager\\dataconnect`\n"}}
[debug] [2025-05-08T06:25:35.575Z] E0508 11:55:35.575239   22852 load.go:23] Could not load config from "c:\\Users\\DELL\\employee-manager\\dataconnect": could not find dataconnect.yaml in `c:\Users\DELL\employee-manager\dataconnect`
 {"metadata":{"emulator":{"name":"dataconnect"},"message":"E0508 11:55:35.575239   22852 load.go:23] Could not load config from \"c:\\\\Users\\\\DELL\\\\employee-manager\\\\dataconnect\": could not find dataconnect.yaml in `c:\\Users\\DELL\\employee-manager\\dataconnect`\n"}}
[debug] [2025-05-08T06:25:45.563Z] E0508 11:55:45.556166   22852 load.go:23] Could not load config from "c:\\Users\\DELL\\employee-manager\\dataconnect": could not find dataconnect.yaml in `c:\Users\DELL\employee-manager\dataconnect`
 {"metadata":{"emulator":{"name":"dataconnect"},"message":"E0508 11:55:45.556166   22852 load.go:23] Could not load config from \"c:\\\\Users\\\\DELL\\\\employee-manager\\\\dataconnect\": could not find dataconnect.yaml in `c:\\Users\\DELL\\employee-manager\\dataconnect`\n"}}
[debug] [2025-05-08T06:25:55.568Z] E0508 11:55:55.567768   22852 load.go:23] Could not load config from "c:\\Users\\DELL\\employee-manager\\dataconnect": could not find dataconnect.yaml in `c:\Users\DELL\employee-manager\dataconnect`
 {"metadata":{"emulator":{"name":"dataconnect"},"message":"E0508 11:55:55.567768   22852 load.go:23] Could not load config from \"c:\\\\Users\\\\DELL\\\\employee-manager\\\\dataconnect\": could not find dataconnect.yaml in `c:\\Users\\DELL\\employee-manager\\dataconnect`\n"}}
[debug] [2025-05-08T06:26:05.561Z] E0508 11:56:05.561159   22852 load.go:23] Could not load config from "c:\\Users\\DELL\\employee-manager\\dataconnect": could not find dataconnect.yaml in `c:\Users\DELL\employee-manager\dataconnect`
 {"metadata":{"emulator":{"name":"dataconnect"},"message":"E0508 11:56:05.561159   22852 load.go:23] Could not load config from \"c:\\\\Users\\\\DELL\\\\employee-manager\\\\dataconnect\": could not find dataconnect.yaml in `c:\\Users\\DELL\\employee-manager\\dataconnect`\n"}}
[debug] [2025-05-08T06:26:05.563Z] E0508 11:56:05.561728   22852 watch.go:76] watchAllDir unable to walk dir `c:\Users\DELL\employee-manager\dataconnect`: on path "c:\\Users\\DELL\\employee-manager\\dataconnect" (DirEntry: <nil>): CreateFile c:\Users\DELL\employee-manager\dataconnect: The system cannot find the file specified.
 {"metadata":{"emulator":{"name":"dataconnect"},"message":"E0508 11:56:05.561728   22852 watch.go:76] watchAllDir unable to walk dir `c:\\Users\\DELL\\employee-manager\\dataconnect`: on path \"c:\\\\Users\\\\DELL\\\\employee-manager\\\\dataconnect\" (DirEntry: <nil>): CreateFile c:\\Users\\DELL\\employee-manager\\dataconnect: The system cannot find the file specified.\n"}}
[debug] [2025-05-08T06:26:15.557Z] E0508 11:56:15.557393   22852 load.go:23] Could not load config from "c:\\Users\\DELL\\employee-manager\\dataconnect": could not find dataconnect.yaml in `c:\Users\DELL\employee-manager\dataconnect`
 {"metadata":{"emulator":{"name":"dataconnect"},"message":"E0508 11:56:15.557393   22852 load.go:23] Could not load config from \"c:\\\\Users\\\\DELL\\\\employee-manager\\\\dataconnect\": could not find dataconnect.yaml in `c:\\Users\\DELL\\employee-manager\\dataconnect`\n"}}
[debug] [2025-05-08T06:26:25.560Z] E0508 11:56:25.559378   22852 load.go:23] Could not load config from "c:\\Users\\DELL\\employee-manager\\dataconnect": could not find dataconnect.yaml in `c:\Users\DELL\employee-manager\dataconnect`
 {"metadata":{"emulator":{"name":"dataconnect"},"message":"E0508 11:56:25.559378   22852 load.go:23] Could not load config from \"c:\\\\Users\\\\DELL\\\\employee-manager\\\\dataconnect\": could not find dataconnect.yaml in `c:\\Users\\DELL\\employee-manager\\dataconnect`\n"}}
[debug] [2025-05-08T06:26:35.567Z] E0508 11:56:35.567198   22852 load.go:23] Could not load config from "c:\\Users\\DELL\\employee-manager\\dataconnect": could not find dataconnect.yaml in `c:\Users\DELL\employee-manager\dataconnect`
 {"metadata":{"emulator":{"name":"dataconnect"},"message":"E0508 11:56:35.567198   22852 load.go:23] Could not load config from \"c:\\\\Users\\\\DELL\\\\employee-manager\\\\dataconnect\": could not find dataconnect.yaml in `c:\\Users\\DELL\\employee-manager\\dataconnect`\n"}}
[debug] [2025-05-08T06:26:45.566Z] E0508 11:56:45.566492   22852 load.go:23] Could not load config from "c:\\Users\\DELL\\employee-manager\\dataconnect": could not find dataconnect.yaml in `c:\Users\DELL\employee-manager\dataconnect`
 {"metadata":{"emulator":{"name":"dataconnect"},"message":"E0508 11:56:45.566492   22852 load.go:23] Could not load config from \"c:\\\\Users\\\\DELL\\\\employee-manager\\\\dataconnect\": could not find dataconnect.yaml in `c:\\Users\\DELL\\employee-manager\\dataconnect`\n"}}
[debug] [2025-05-08T06:26:55.562Z] E0508 11:56:55.562033   22852 load.go:23] Could not load config from "c:\\Users\\DELL\\employee-manager\\dataconnect": could not find dataconnect.yaml in `c:\Users\DELL\employee-manager\dataconnect`
 {"metadata":{"emulator":{"name":"dataconnect"},"message":"E0508 11:56:55.562033   22852 load.go:23] Could not load config from \"c:\\\\Users\\\\DELL\\\\employee-manager\\\\dataconnect\": could not find dataconnect.yaml in `c:\\Users\\DELL\\employee-manager\\dataconnect`\n"}}
[debug] [2025-05-08T06:27:05.557Z] E0508 11:57:05.556956   22852 load.go:23] Could not load config from "c:\\Users\\DELL\\employee-manager\\dataconnect": could not find dataconnect.yaml in `c:\Users\DELL\employee-manager\dataconnect`
 {"metadata":{"emulator":{"name":"dataconnect"},"message":"E0508 11:57:05.556956   22852 load.go:23] Could not load config from \"c:\\\\Users\\\\DELL\\\\employee-manager\\\\dataconnect\": could not find dataconnect.yaml in `c:\\Users\\DELL\\employee-manager\\dataconnect`\n"}}
[debug] [2025-05-08T06:27:15.560Z] E0508 11:57:15.559395   22852 load.go:23] Could not load config from "c:\\Users\\DELL\\employee-manager\\dataconnect": could not find dataconnect.yaml in `c:\Users\DELL\employee-manager\dataconnect`
 {"metadata":{"emulator":{"name":"dataconnect"},"message":"E0508 11:57:15.559395   22852 load.go:23] Could not load config from \"c:\\\\Users\\\\DELL\\\\employee-manager\\\\dataconnect\": could not find dataconnect.yaml in `c:\\Users\\DELL\\employee-manager\\dataconnect`\n"}}
[debug] [2025-05-08T06:27:25.559Z] E0508 11:57:25.558428   22852 load.go:23] Could not load config from "c:\\Users\\DELL\\employee-manager\\dataconnect": could not find dataconnect.yaml in `c:\Users\DELL\employee-manager\dataconnect`
 {"metadata":{"emulator":{"name":"dataconnect"},"message":"E0508 11:57:25.558428   22852 load.go:23] Could not load config from \"c:\\\\Users\\\\DELL\\\\employee-manager\\\\dataconnect\": could not find dataconnect.yaml in `c:\\Users\\DELL\\employee-manager\\dataconnect`\n"}}
[debug] [2025-05-08T06:27:35.561Z] E0508 11:57:35.563172   22852 load.go:23] Could not load config from "c:\\Users\\DELL\\employee-manager\\dataconnect": could not find dataconnect.yaml in `c:\Users\DELL\employee-manager\dataconnect`
 {"metadata":{"emulator":{"name":"dataconnect"},"message":"E0508 11:57:35.563172   22852 load.go:23] Could not load config from \"c:\\\\Users\\\\DELL\\\\employee-manager\\\\dataconnect\": could not find dataconnect.yaml in `c:\\Users\\DELL\\employee-manager\\dataconnect`\n"}}
[debug] [2025-05-08T06:27:45.570Z] E0508 11:57:45.572356   22852 load.go:23] Could not load config from "c:\\Users\\DELL\\employee-manager\\dataconnect": could not find dataconnect.yaml in `c:\Users\DELL\employee-manager\dataconnect`
 {"metadata":{"emulator":{"name":"dataconnect"},"message":"E0508 11:57:45.572356   22852 load.go:23] Could not load config from \"c:\\\\Users\\\\DELL\\\\employee-manager\\\\dataconnect\": could not find dataconnect.yaml in `c:\\Users\\DELL\\employee-manager\\dataconnect`\n"}}
[debug] [2025-05-08T06:27:55.565Z] E0508 11:57:55.567717   22852 load.go:23] Could not load config from "c:\\Users\\DELL\\employee-manager\\dataconnect": could not find dataconnect.yaml in `c:\Users\DELL\employee-manager\dataconnect`
 {"metadata":{"emulator":{"name":"dataconnect"},"message":"E0508 11:57:55.567717   22852 load.go:23] Could not load config from \"c:\\\\Users\\\\DELL\\\\employee-manager\\\\dataconnect\": could not find dataconnect.yaml in `c:\\Users\\DELL\\employee-manager\\dataconnect`\n"}}
[debug] [2025-05-08T06:28:05.557Z] E0508 11:58:05.558734   22852 load.go:23] Could not load config from "c:\\Users\\DELL\\employee-manager\\dataconnect": could not find dataconnect.yaml in `c:\Users\DELL\employee-manager\dataconnect`
 {"metadata":{"emulator":{"name":"dataconnect"},"message":"E0508 11:58:05.558734   22852 load.go:23] Could not load config from \"c:\\\\Users\\\\DELL\\\\employee-manager\\\\dataconnect\": could not find dataconnect.yaml in `c:\\Users\\DELL\\employee-manager\\dataconnect`\n"}}
[debug] [2025-05-08T06:28:05.559Z] E0508 11:58:05.559370   22852 watch.go:76] watchAllDir unable to walk dir `c:\Users\DELL\employee-manager\dataconnect`: on path "c:\\Users\\DELL\\employee-manager\\dataconnect" (DirEntry: <nil>): CreateFile c:\Users\DELL\employee-manager\dataconnect: The system cannot find the file specified.
 {"metadata":{"emulator":{"name":"dataconnect"},"message":"E0508 11:58:05.559370   22852 watch.go:76] watchAllDir unable to walk dir `c:\\Users\\DELL\\employee-manager\\dataconnect`: on path \"c:\\\\Users\\\\DELL\\\\employee-manager\\\\dataconnect\" (DirEntry: <nil>): CreateFile c:\\Users\\DELL\\employee-manager\\dataconnect: The system cannot find the file specified.\n"}}
[debug] [2025-05-08T06:28:15.557Z] E0508 11:58:15.559604   22852 load.go:23] Could not load config from "c:\\Users\\DELL\\employee-manager\\dataconnect": could not find dataconnect.yaml in `c:\Users\DELL\employee-manager\dataconnect`
 {"metadata":{"emulator":{"name":"dataconnect"},"message":"E0508 11:58:15.559604   22852 load.go:23] Could not load config from \"c:\\\\Users\\\\DELL\\\\employee-manager\\\\dataconnect\": could not find dataconnect.yaml in `c:\\Users\\DELL\\employee-manager\\dataconnect`\n"}}
[debug] [2025-05-08T06:28:25.563Z] E0508 11:58:25.563001   22852 load.go:23] Could not load config from "c:\\Users\\DELL\\employee-manager\\dataconnect": could not find dataconnect.yaml in `c:\Users\DELL\employee-manager\dataconnect`
 {"metadata":{"emulator":{"name":"dataconnect"},"message":"E0508 11:58:25.563001   22852 load.go:23] Could not load config from \"c:\\\\Users\\\\DELL\\\\employee-manager\\\\dataconnect\": could not find dataconnect.yaml in `c:\\Users\\DELL\\employee-manager\\dataconnect`\n"}}
[debug] [2025-05-08T06:28:35.561Z] E0508 11:58:35.561975   22852 load.go:23] Could not load config from "c:\\Users\\DELL\\employee-manager\\dataconnect": could not find dataconnect.yaml in `c:\Users\DELL\employee-manager\dataconnect`
 {"metadata":{"emulator":{"name":"dataconnect"},"message":"E0508 11:58:35.561975   22852 load.go:23] Could not load config from \"c:\\\\Users\\\\DELL\\\\employee-manager\\\\dataconnect\": could not find dataconnect.yaml in `c:\\Users\\DELL\\employee-manager\\dataconnect`\n"}}
[debug] [2025-05-08T06:28:45.566Z] E0508 11:58:45.565891   22852 load.go:23] Could not load config from "c:\\Users\\DELL\\employee-manager\\dataconnect": could not find dataconnect.yaml in `c:\Users\DELL\employee-manager\dataconnect`
 {"metadata":{"emulator":{"name":"dataconnect"},"message":"E0508 11:58:45.565891   22852 load.go:23] Could not load config from \"c:\\\\Users\\\\DELL\\\\employee-manager\\\\dataconnect\": could not find dataconnect.yaml in `c:\\Users\\DELL\\employee-manager\\dataconnect`\n"}}
[debug] [2025-05-08T06:28:55.562Z] E0508 11:58:55.563304   22852 load.go:23] Could not load config from "c:\\Users\\DELL\\employee-manager\\dataconnect": could not find dataconnect.yaml in `c:\Users\DELL\employee-manager\dataconnect`
 {"metadata":{"emulator":{"name":"dataconnect"},"message":"E0508 11:58:55.563304   22852 load.go:23] Could not load config from \"c:\\\\Users\\\\DELL\\\\employee-manager\\\\dataconnect\": could not find dataconnect.yaml in `c:\\Users\\DELL\\employee-manager\\dataconnect`\n"}}
[debug] [2025-05-08T06:29:05.563Z] E0508 11:59:05.563323   22852 load.go:23] Could not load config from "c:\\Users\\DELL\\employee-manager\\dataconnect": could not find dataconnect.yaml in `c:\Users\DELL\employee-manager\dataconnect`
 {"metadata":{"emulator":{"name":"dataconnect"},"message":"E0508 11:59:05.563323   22852 load.go:23] Could not load config from \"c:\\\\Users\\\\DELL\\\\employee-manager\\\\dataconnect\": could not find dataconnect.yaml in `c:\\Users\\DELL\\employee-manager\\dataconnect`\n"}}
[debug] [2025-05-08T06:29:15.561Z] E0508 11:59:15.561297   22852 load.go:23] Could not load config from "c:\\Users\\DELL\\employee-manager\\dataconnect": could not find dataconnect.yaml in `c:\Users\DELL\employee-manager\dataconnect`
 {"metadata":{"emulator":{"name":"dataconnect"},"message":"E0508 11:59:15.561297   22852 load.go:23] Could not load config from \"c:\\\\Users\\\\DELL\\\\employee-manager\\\\dataconnect\": could not find dataconnect.yaml in `c:\\Users\\DELL\\employee-manager\\dataconnect`\n"}}
[debug] [2025-05-08T06:29:25.561Z] E0508 11:59:25.560895   22852 load.go:23] Could not load config from "c:\\Users\\DELL\\employee-manager\\dataconnect": could not find dataconnect.yaml in `c:\Users\DELL\employee-manager\dataconnect`
 {"metadata":{"emulator":{"name":"dataconnect"},"message":"E0508 11:59:25.560895   22852 load.go:23] Could not load config from \"c:\\\\Users\\\\DELL\\\\employee-manager\\\\dataconnect\": could not find dataconnect.yaml in `c:\\Users\\DELL\\employee-manager\\dataconnect`\n"}}
[debug] [2025-05-08T06:29:35.567Z] E0508 11:59:35.567146   22852 load.go:23] Could not load config from "c:\\Users\\DELL\\employee-manager\\dataconnect": could not find dataconnect.yaml in `c:\Users\DELL\employee-manager\dataconnect`
 {"metadata":{"emulator":{"name":"dataconnect"},"message":"E0508 11:59:35.567146   22852 load.go:23] Could not load config from \"c:\\\\Users\\\\DELL\\\\employee-manager\\\\dataconnect\": could not find dataconnect.yaml in `c:\\Users\\DELL\\employee-manager\\dataconnect`\n"}}
[debug] [2025-05-08T06:29:45.562Z] E0508 11:59:45.561805   22852 load.go:23] Could not load config from "c:\\Users\\DELL\\employee-manager\\dataconnect": could not find dataconnect.yaml in `c:\Users\DELL\employee-manager\dataconnect`
 {"metadata":{"emulator":{"name":"dataconnect"},"message":"E0508 11:59:45.561805   22852 load.go:23] Could not load config from \"c:\\\\Users\\\\DELL\\\\employee-manager\\\\dataconnect\": could not find dataconnect.yaml in `c:\\Users\\DELL\\employee-manager\\dataconnect`\n"}}
[debug] [2025-05-08T06:29:55.559Z] E0508 11:59:55.559165   22852 load.go:23] Could not load config from "c:\\Users\\DELL\\employee-manager\\dataconnect": could not find dataconnect.yaml in `c:\Users\DELL\employee-manager\dataconnect`
 {"metadata":{"emulator":{"name":"dataconnect"},"message":"E0508 11:59:55.559165   22852 load.go:23] Could not load config from \"c:\\\\Users\\\\DELL\\\\employee-manager\\\\dataconnect\": could not find dataconnect.yaml in `c:\\Users\\DELL\\employee-manager\\dataconnect`\n"}}
[debug] [2025-05-08T06:30:05.566Z] E0508 12:00:05.565922   22852 load.go:23] Could not load config from "c:\\Users\\DELL\\employee-manager\\dataconnect": could not find dataconnect.yaml in `c:\Users\DELL\employee-manager\dataconnect`
E0508 12:00:05.565922   22852 watch.go:76] watchAllDir unable to walk dir `c:\Users\DELL\employee-manager\dataconnect`: on path "c:\\Users\\DELL\\employee-manager\\dataconnect" (DirEntry: <nil>): CreateFile c:\Users\DELL\employee-manager\dataconnect: The system cannot find the file specified.
 {"metadata":{"emulator":{"name":"dataconnect"},"message":"E0508 12:00:05.565922   22852 load.go:23] Could not load config from \"c:\\\\Users\\\\DELL\\\\employee-manager\\\\dataconnect\": could not find dataconnect.yaml in `c:\\Users\\DELL\\employee-manager\\dataconnect`\nE0508 12:00:05.565922   22852 watch.go:76] watchAllDir unable to walk dir `c:\\Users\\DELL\\employee-manager\\dataconnect`: on path \"c:\\\\Users\\\\DELL\\\\employee-manager\\\\dataconnect\" (DirEntry: <nil>): CreateFile c:\\Users\\DELL\\employee-manager\\dataconnect: The system cannot find the file specified.\n"}}
[debug] [2025-05-08T06:30:15.558Z] E0508 12:00:15.557288   22852 load.go:23] Could not load config from "c:\\Users\\DELL\\employee-manager\\dataconnect": could not find dataconnect.yaml in `c:\Users\DELL\employee-manager\dataconnect`
 {"metadata":{"emulator":{"name":"dataconnect"},"message":"E0508 12:00:15.557288   22852 load.go:23] Could not load config from \"c:\\\\Users\\\\DELL\\\\employee-manager\\\\dataconnect\": could not find dataconnect.yaml in `c:\\Users\\DELL\\employee-manager\\dataconnect`\n"}}
[debug] [2025-05-08T06:30:25.570Z] E0508 12:00:25.569365   22852 load.go:23] Could not load config from "c:\\Users\\DELL\\employee-manager\\dataconnect": could not find dataconnect.yaml in `c:\Users\DELL\employee-manager\dataconnect`
 {"metadata":{"emulator":{"name":"dataconnect"},"message":"E0508 12:00:25.569365   22852 load.go:23] Could not load config from \"c:\\\\Users\\\\DELL\\\\employee-manager\\\\dataconnect\": could not find dataconnect.yaml in `c:\\Users\\DELL\\employee-manager\\dataconnect`\n"}}
[debug] [2025-05-08T06:30:35.564Z] E0508 12:00:35.563521   22852 load.go:23] Could not load config from "c:\\Users\\DELL\\employee-manager\\dataconnect": could not find dataconnect.yaml in `c:\Users\DELL\employee-manager\dataconnect`
 {"metadata":{"emulator":{"name":"dataconnect"},"message":"E0508 12:00:35.563521   22852 load.go:23] Could not load config from \"c:\\\\Users\\\\DELL\\\\employee-manager\\\\dataconnect\": could not find dataconnect.yaml in `c:\\Users\\DELL\\employee-manager\\dataconnect`\n"}}
[debug] [2025-05-08T06:30:45.561Z] E0508 12:00:45.560728   22852 load.go:23] Could not load config from "c:\\Users\\DELL\\employee-manager\\dataconnect": could not find dataconnect.yaml in `c:\Users\DELL\employee-manager\dataconnect`
 {"metadata":{"emulator":{"name":"dataconnect"},"message":"E0508 12:00:45.560728   22852 load.go:23] Could not load config from \"c:\\\\Users\\\\DELL\\\\employee-manager\\\\dataconnect\": could not find dataconnect.yaml in `c:\\Users\\DELL\\employee-manager\\dataconnect`\n"}}
[debug] [2025-05-08T06:30:55.572Z] E0508 12:00:55.571922   22852 load.go:23] Could not load config from "c:\\Users\\DELL\\employee-manager\\dataconnect": could not find dataconnect.yaml in `c:\Users\DELL\employee-manager\dataconnect`
 {"metadata":{"emulator":{"name":"dataconnect"},"message":"E0508 12:00:55.571922   22852 load.go:23] Could not load config from \"c:\\\\Users\\\\DELL\\\\employee-manager\\\\dataconnect\": could not find dataconnect.yaml in `c:\\Users\\DELL\\employee-manager\\dataconnect`\n"}}
[debug] [2025-05-08T06:31:05.559Z] E0508 12:01:05.558639   22852 load.go:23] Could not load config from "c:\\Users\\DELL\\employee-manager\\dataconnect": could not find dataconnect.yaml in `c:\Users\DELL\employee-manager\dataconnect`
 {"metadata":{"emulator":{"name":"dataconnect"},"message":"E0508 12:01:05.558639   22852 load.go:23] Could not load config from \"c:\\\\Users\\\\DELL\\\\employee-manager\\\\dataconnect\": could not find dataconnect.yaml in `c:\\Users\\DELL\\employee-manager\\dataconnect`\n"}}
[debug] [2025-05-08T06:31:15.563Z] E0508 12:01:15.562601   22852 load.go:23] Could not load config from "c:\\Users\\DELL\\employee-manager\\dataconnect": could not find dataconnect.yaml in `c:\Users\DELL\employee-manager\dataconnect`
 {"metadata":{"emulator":{"name":"dataconnect"},"message":"E0508 12:01:15.562601   22852 load.go:23] Could not load config from \"c:\\\\Users\\\\DELL\\\\employee-manager\\\\dataconnect\": could not find dataconnect.yaml in `c:\\Users\\DELL\\employee-manager\\dataconnect`\n"}}
[debug] [2025-05-08T06:31:25.561Z] E0508 12:01:25.560764   22852 load.go:23] Could not load config from "c:\\Users\\DELL\\employee-manager\\dataconnect": could not find dataconnect.yaml in `c:\Users\DELL\employee-manager\dataconnect`
 {"metadata":{"emulator":{"name":"dataconnect"},"message":"E0508 12:01:25.560764   22852 load.go:23] Could not load config from \"c:\\\\Users\\\\DELL\\\\employee-manager\\\\dataconnect\": could not find dataconnect.yaml in `c:\\Users\\DELL\\employee-manager\\dataconnect`\n"}}
[debug] [2025-05-08T06:31:35.568Z] E0508 12:01:35.568870   22852 load.go:23] Could not load config from "c:\\Users\\DELL\\employee-manager\\dataconnect": could not find dataconnect.yaml in `c:\Users\DELL\employee-manager\dataconnect`
 {"metadata":{"emulator":{"name":"dataconnect"},"message":"E0508 12:01:35.568870   22852 load.go:23] Could not load config from \"c:\\\\Users\\\\DELL\\\\employee-manager\\\\dataconnect\": could not find dataconnect.yaml in `c:\\Users\\DELL\\employee-manager\\dataconnect`\n"}}
[debug] [2025-05-08T06:31:45.564Z] E0508 12:01:45.564126   22852 load.go:23] Could not load config from "c:\\Users\\DELL\\employee-manager\\dataconnect": could not find dataconnect.yaml in `c:\Users\DELL\employee-manager\dataconnect`
 {"metadata":{"emulator":{"name":"dataconnect"},"message":"E0508 12:01:45.564126   22852 load.go:23] Could not load config from \"c:\\\\Users\\\\DELL\\\\employee-manager\\\\dataconnect\": could not find dataconnect.yaml in `c:\\Users\\DELL\\employee-manager\\dataconnect`\n"}}
[debug] [2025-05-08T06:31:55.569Z] E0508 12:01:55.570606   22852 load.go:23] Could not load config from "c:\\Users\\DELL\\employee-manager\\dataconnect": could not find dataconnect.yaml in `c:\Users\DELL\employee-manager\dataconnect`
 {"metadata":{"emulator":{"name":"dataconnect"},"message":"E0508 12:01:55.570606   22852 load.go:23] Could not load config from \"c:\\\\Users\\\\DELL\\\\employee-manager\\\\dataconnect\": could not find dataconnect.yaml in `c:\\Users\\DELL\\employee-manager\\dataconnect`\n"}}
[debug] [2025-05-08T06:32:05.567Z] E0508 12:02:05.567732   22852 load.go:23] Could not load config from "c:\\Users\\DELL\\employee-manager\\dataconnect": could not find dataconnect.yaml in `c:\Users\DELL\employee-manager\dataconnect`
 {"metadata":{"emulator":{"name":"dataconnect"},"message":"E0508 12:02:05.567732   22852 load.go:23] Could not load config from \"c:\\\\Users\\\\DELL\\\\employee-manager\\\\dataconnect\": could not find dataconnect.yaml in `c:\\Users\\DELL\\employee-manager\\dataconnect`\n"}}
[debug] [2025-05-08T06:32:05.570Z] E0508 12:02:05.568906   22852 watch.go:76] watchAllDir unable to walk dir `c:\Users\DELL\employee-manager\dataconnect`: on path "c:\\Users\\DELL\\employee-manager\\dataconnect" (DirEntry: <nil>): CreateFile c:\Users\DELL\employee-manager\dataconnect: The system cannot find the file specified.
 {"metadata":{"emulator":{"name":"dataconnect"},"message":"E0508 12:02:05.568906   22852 watch.go:76] watchAllDir unable to walk dir `c:\\Users\\DELL\\employee-manager\\dataconnect`: on path \"c:\\\\Users\\\\DELL\\\\employee-manager\\\\dataconnect\" (DirEntry: <nil>): CreateFile c:\\Users\\DELL\\employee-manager\\dataconnect: The system cannot find the file specified.\n"}}
[debug] [2025-05-08T06:32:15.560Z] E0508 12:02:15.561465   22852 load.go:23] Could not load config from "c:\\Users\\DELL\\employee-manager\\dataconnect": could not find dataconnect.yaml in `c:\Users\DELL\employee-manager\dataconnect`
 {"metadata":{"emulator":{"name":"dataconnect"},"message":"E0508 12:02:15.561465   22852 load.go:23] Could not load config from \"c:\\\\Users\\\\DELL\\\\employee-manager\\\\dataconnect\": could not find dataconnect.yaml in `c:\\Users\\DELL\\employee-manager\\dataconnect`\n"}}
[debug] [2025-05-08T06:32:25.561Z] E0508 12:02:25.562676   22852 load.go:23] Could not load config from "c:\\Users\\DELL\\employee-manager\\dataconnect": could not find dataconnect.yaml in `c:\Users\DELL\employee-manager\dataconnect`
 {"metadata":{"emulator":{"name":"dataconnect"},"message":"E0508 12:02:25.562676   22852 load.go:23] Could not load config from \"c:\\\\Users\\\\DELL\\\\employee-manager\\\\dataconnect\": could not find dataconnect.yaml in `c:\\Users\\DELL\\employee-manager\\dataconnect`\n"}}
[debug] [2025-05-08T06:32:35.571Z] E0508 12:02:35.570941   22852 load.go:23] Could not load config from "c:\\Users\\DELL\\employee-manager\\dataconnect": could not find dataconnect.yaml in `c:\Users\DELL\employee-manager\dataconnect`
 {"metadata":{"emulator":{"name":"dataconnect"},"message":"E0508 12:02:35.570941   22852 load.go:23] Could not load config from \"c:\\\\Users\\\\DELL\\\\employee-manager\\\\dataconnect\": could not find dataconnect.yaml in `c:\\Users\\DELL\\employee-manager\\dataconnect`\n"}}
[debug] [2025-05-08T06:32:45.561Z] E0508 12:02:45.561181   22852 load.go:23] Could not load config from "c:\\Users\\DELL\\employee-manager\\dataconnect": could not find dataconnect.yaml in `c:\Users\DELL\employee-manager\dataconnect`
 {"metadata":{"emulator":{"name":"dataconnect"},"message":"E0508 12:02:45.561181   22852 load.go:23] Could not load config from \"c:\\\\Users\\\\DELL\\\\employee-manager\\\\dataconnect\": could not find dataconnect.yaml in `c:\\Users\\DELL\\employee-manager\\dataconnect`\n"}}
[debug] [2025-05-08T06:32:55.558Z] E0508 12:02:55.557510   22852 load.go:23] Could not load config from "c:\\Users\\DELL\\employee-manager\\dataconnect": could not find dataconnect.yaml in `c:\Users\DELL\employee-manager\dataconnect`
 {"metadata":{"emulator":{"name":"dataconnect"},"message":"E0508 12:02:55.557510   22852 load.go:23] Could not load config from \"c:\\\\Users\\\\DELL\\\\employee-manager\\\\dataconnect\": could not find dataconnect.yaml in `c:\\Users\\DELL\\employee-manager\\dataconnect`\n"}}
[debug] [2025-05-08T06:33:05.558Z] E0508 12:03:05.558421   22852 load.go:23] Could not load config from "c:\\Users\\DELL\\employee-manager\\dataconnect": could not find dataconnect.yaml in `c:\Users\DELL\employee-manager\dataconnect`
 {"metadata":{"emulator":{"name":"dataconnect"},"message":"E0508 12:03:05.558421   22852 load.go:23] Could not load config from \"c:\\\\Users\\\\DELL\\\\employee-manager\\\\dataconnect\": could not find dataconnect.yaml in `c:\\Users\\DELL\\employee-manager\\dataconnect`\n"}}
[debug] [2025-05-08T06:33:15.558Z] E0508 12:03:15.558102   22852 load.go:23] Could not load config from "c:\\Users\\DELL\\employee-manager\\dataconnect": could not find dataconnect.yaml in `c:\Users\DELL\employee-manager\dataconnect`
 {"metadata":{"emulator":{"name":"dataconnect"},"message":"E0508 12:03:15.558102   22852 load.go:23] Could not load config from \"c:\\\\Users\\\\DELL\\\\employee-manager\\\\dataconnect\": could not find dataconnect.yaml in `c:\\Users\\DELL\\employee-manager\\dataconnect`\n"}}
[debug] [2025-05-08T06:33:25.562Z] E0508 12:03:25.562123   22852 load.go:23] Could not load config from "c:\\Users\\DELL\\employee-manager\\dataconnect": could not find dataconnect.yaml in `c:\Users\DELL\employee-manager\dataconnect`
 {"metadata":{"emulator":{"name":"dataconnect"},"message":"E0508 12:03:25.562123   22852 load.go:23] Could not load config from \"c:\\\\Users\\\\DELL\\\\employee-manager\\\\dataconnect\": could not find dataconnect.yaml in `c:\\Users\\DELL\\employee-manager\\dataconnect`\n"}}
[debug] [2025-05-08T06:33:35.560Z] E0508 12:03:35.559638   22852 load.go:23] Could not load config from "c:\\Users\\DELL\\employee-manager\\dataconnect": could not find dataconnect.yaml in `c:\Users\DELL\employee-manager\dataconnect`
 {"metadata":{"emulator":{"name":"dataconnect"},"message":"E0508 12:03:35.559638   22852 load.go:23] Could not load config from \"c:\\\\Users\\\\DELL\\\\employee-manager\\\\dataconnect\": could not find dataconnect.yaml in `c:\\Users\\DELL\\employee-manager\\dataconnect`\n"}}
[debug] [2025-05-08T06:33:45.559Z] E0508 12:03:45.558396   22852 load.go:23] Could not load config from "c:\\Users\\DELL\\employee-manager\\dataconnect": could not find dataconnect.yaml in `c:\Users\DELL\employee-manager\dataconnect`
 {"metadata":{"emulator":{"name":"dataconnect"},"message":"E0508 12:03:45.558396   22852 load.go:23] Could not load config from \"c:\\\\Users\\\\DELL\\\\employee-manager\\\\dataconnect\": could not find dataconnect.yaml in `c:\\Users\\DELL\\employee-manager\\dataconnect`\n"}}
[debug] [2025-05-08T06:33:55.564Z] E0508 12:03:55.564351   22852 load.go:23] Could not load config from "c:\\Users\\DELL\\employee-manager\\dataconnect": could not find dataconnect.yaml in `c:\Users\DELL\employee-manager\dataconnect`
 {"metadata":{"emulator":{"name":"dataconnect"},"message":"E0508 12:03:55.564351   22852 load.go:23] Could not load config from \"c:\\\\Users\\\\DELL\\\\employee-manager\\\\dataconnect\": could not find dataconnect.yaml in `c:\\Users\\DELL\\employee-manager\\dataconnect`\n"}}
[debug] [2025-05-08T06:34:05.563Z] E0508 12:04:05.563039   22852 load.go:23] Could not load config from "c:\\Users\\DELL\\employee-manager\\dataconnect": could not find dataconnect.yaml in `c:\Users\DELL\employee-manager\dataconnect`
 {"metadata":{"emulator":{"name":"dataconnect"},"message":"E0508 12:04:05.563039   22852 load.go:23] Could not load config from \"c:\\\\Users\\\\DELL\\\\employee-manager\\\\dataconnect\": could not find dataconnect.yaml in `c:\\Users\\DELL\\employee-manager\\dataconnect`\n"}}
[debug] [2025-05-08T06:34:05.565Z] E0508 12:04:05.563039   22852 watch.go:76] watchAllDir unable to walk dir `c:\Users\DELL\employee-manager\dataconnect`: on path "c:\\Users\\DELL\\employee-manager\\dataconnect" (DirEntry: <nil>): CreateFile c:\Users\DELL\employee-manager\dataconnect: The system cannot find the file specified.
 {"metadata":{"emulator":{"name":"dataconnect"},"message":"E0508 12:04:05.563039   22852 watch.go:76] watchAllDir unable to walk dir `c:\\Users\\DELL\\employee-manager\\dataconnect`: on path \"c:\\\\Users\\\\DELL\\\\employee-manager\\\\dataconnect\" (DirEntry: <nil>): CreateFile c:\\Users\\DELL\\employee-manager\\dataconnect: The system cannot find the file specified.\n"}}
[debug] [2025-05-08T06:34:15.557Z] E0508 12:04:15.557267   22852 load.go:23] Could not load config from "c:\\Users\\DELL\\employee-manager\\dataconnect": could not find dataconnect.yaml in `c:\Users\DELL\employee-manager\dataconnect`
 {"metadata":{"emulator":{"name":"dataconnect"},"message":"E0508 12:04:15.557267   22852 load.go:23] Could not load config from \"c:\\\\Users\\\\DELL\\\\employee-manager\\\\dataconnect\": could not find dataconnect.yaml in `c:\\Users\\DELL\\employee-manager\\dataconnect`\n"}}
[debug] [2025-05-08T06:34:25.557Z] E0508 12:04:25.556941   22852 load.go:23] Could not load config from "c:\\Users\\DELL\\employee-manager\\dataconnect": could not find dataconnect.yaml in `c:\Users\DELL\employee-manager\dataconnect`
 {"metadata":{"emulator":{"name":"dataconnect"},"message":"E0508 12:04:25.556941   22852 load.go:23] Could not load config from \"c:\\\\Users\\\\DELL\\\\employee-manager\\\\dataconnect\": could not find dataconnect.yaml in `c:\\Users\\DELL\\employee-manager\\dataconnect`\n"}}
[debug] [2025-05-08T06:34:35.559Z] E0508 12:04:35.559166   22852 load.go:23] Could not load config from "c:\\Users\\DELL\\employee-manager\\dataconnect": could not find dataconnect.yaml in `c:\Users\DELL\employee-manager\dataconnect`
 {"metadata":{"emulator":{"name":"dataconnect"},"message":"E0508 12:04:35.559166   22852 load.go:23] Could not load config from \"c:\\\\Users\\\\DELL\\\\employee-manager\\\\dataconnect\": could not find dataconnect.yaml in `c:\\Users\\DELL\\employee-manager\\dataconnect`\n"}}
[debug] [2025-05-08T06:34:45.558Z] E0508 12:04:45.557363   22852 load.go:23] Could not load config from "c:\\Users\\DELL\\employee-manager\\dataconnect": could not find dataconnect.yaml in `c:\Users\DELL\employee-manager\dataconnect`
 {"metadata":{"emulator":{"name":"dataconnect"},"message":"E0508 12:04:45.557363   22852 load.go:23] Could not load config from \"c:\\\\Users\\\\DELL\\\\employee-manager\\\\dataconnect\": could not find dataconnect.yaml in `c:\\Users\\DELL\\employee-manager\\dataconnect`\n"}}
[debug] [2025-05-08T06:34:55.611Z] E0508 12:04:55.571144   22852 load.go:23] Could not load config from "c:\\Users\\DELL\\employee-manager\\dataconnect": could not find dataconnect.yaml in `c:\Users\DELL\employee-manager\dataconnect`
 {"metadata":{"emulator":{"name":"dataconnect"},"message":"E0508 12:04:55.571144   22852 load.go:23] Could not load config from \"c:\\\\Users\\\\DELL\\\\employee-manager\\\\dataconnect\": could not find dataconnect.yaml in `c:\\Users\\DELL\\employee-manager\\dataconnect`\n"}}
[debug] [2025-05-08T06:35:05.569Z] E0508 12:05:05.570177   22852 load.go:23] Could not load config from "c:\\Users\\DELL\\employee-manager\\dataconnect": could not find dataconnect.yaml in `c:\Users\DELL\employee-manager\dataconnect`
 {"metadata":{"emulator":{"name":"dataconnect"},"message":"E0508 12:05:05.570177   22852 load.go:23] Could not load config from \"c:\\\\Users\\\\DELL\\\\employee-manager\\\\dataconnect\": could not find dataconnect.yaml in `c:\\Users\\DELL\\employee-manager\\dataconnect`\n"}}
[debug] [2025-05-08T06:35:15.558Z] E0508 12:05:15.559408   22852 load.go:23] Could not load config from "c:\\Users\\DELL\\employee-manager\\dataconnect": could not find dataconnect.yaml in `c:\Users\DELL\employee-manager\dataconnect`
 {"metadata":{"emulator":{"name":"dataconnect"},"message":"E0508 12:05:15.559408   22852 load.go:23] Could not load config from \"c:\\\\Users\\\\DELL\\\\employee-manager\\\\dataconnect\": could not find dataconnect.yaml in `c:\\Users\\DELL\\employee-manager\\dataconnect`\n"}}
[debug] [2025-05-08T06:35:25.561Z] E0508 12:05:25.562569   22852 load.go:23] Could not load config from "c:\\Users\\DELL\\employee-manager\\dataconnect": could not find dataconnect.yaml in `c:\Users\DELL\employee-manager\dataconnect`
 {"metadata":{"emulator":{"name":"dataconnect"},"message":"E0508 12:05:25.562569   22852 load.go:23] Could not load config from \"c:\\\\Users\\\\DELL\\\\employee-manager\\\\dataconnect\": could not find dataconnect.yaml in `c:\\Users\\DELL\\employee-manager\\dataconnect`\n"}}
[debug] [2025-05-08T06:35:35.560Z] E0508 12:05:35.561442   22852 load.go:23] Could not load config from "c:\\Users\\DELL\\employee-manager\\dataconnect": could not find dataconnect.yaml in `c:\Users\DELL\employee-manager\dataconnect`
 {"metadata":{"emulator":{"name":"dataconnect"},"message":"E0508 12:05:35.561442   22852 load.go:23] Could not load config from \"c:\\\\Users\\\\DELL\\\\employee-manager\\\\dataconnect\": could not find dataconnect.yaml in `c:\\Users\\DELL\\employee-manager\\dataconnect`\n"}}
[debug] [2025-05-08T06:35:45.567Z] E0508 12:05:45.566714   22852 load.go:23] Could not load config from "c:\\Users\\DELL\\employee-manager\\dataconnect": could not find dataconnect.yaml in `c:\Users\DELL\employee-manager\dataconnect`
 {"metadata":{"emulator":{"name":"dataconnect"},"message":"E0508 12:05:45.566714   22852 load.go:23] Could not load config from \"c:\\\\Users\\\\DELL\\\\employee-manager\\\\dataconnect\": could not find dataconnect.yaml in `c:\\Users\\DELL\\employee-manager\\dataconnect`\n"}}
[debug] [2025-05-08T06:35:55.558Z] E0508 12:05:55.557874   22852 load.go:23] Could not load config from "c:\\Users\\DELL\\employee-manager\\dataconnect": could not find dataconnect.yaml in `c:\Users\DELL\employee-manager\dataconnect`
 {"metadata":{"emulator":{"name":"dataconnect"},"message":"E0508 12:05:55.557874   22852 load.go:23] Could not load config from \"c:\\\\Users\\\\DELL\\\\employee-manager\\\\dataconnect\": could not find dataconnect.yaml in `c:\\Users\\DELL\\employee-manager\\dataconnect`\n"}}
[debug] [2025-05-08T06:36:05.565Z] E0508 12:06:05.564219   22852 load.go:23] Could not load config from "c:\\Users\\DELL\\employee-manager\\dataconnect": could not find dataconnect.yaml in `c:\Users\DELL\employee-manager\dataconnect`
 {"metadata":{"emulator":{"name":"dataconnect"},"message":"E0508 12:06:05.564219   22852 load.go:23] Could not load config from \"c:\\\\Users\\\\DELL\\\\employee-manager\\\\dataconnect\": could not find dataconnect.yaml in `c:\\Users\\DELL\\employee-manager\\dataconnect`\n"}}
[debug] [2025-05-08T06:36:05.566Z] E0508 12:06:05.564775   22852 watch.go:76] watchAllDir unable to walk dir `c:\Users\DELL\employee-manager\dataconnect`: on path "c:\\Users\\DELL\\employee-manager\\dataconnect" (DirEntry: <nil>): CreateFile c:\Users\DELL\employee-manager\dataconnect: The system cannot find the file specified.
 {"metadata":{"emulator":{"name":"dataconnect"},"message":"E0508 12:06:05.564775   22852 watch.go:76] watchAllDir unable to walk dir `c:\\Users\\DELL\\employee-manager\\dataconnect`: on path \"c:\\\\Users\\\\DELL\\\\employee-manager\\\\dataconnect\" (DirEntry: <nil>): CreateFile c:\\Users\\DELL\\employee-manager\\dataconnect: The system cannot find the file specified.\n"}}
[debug] [2025-05-08T06:36:15.558Z] E0508 12:06:15.558198   22852 load.go:23] Could not load config from "c:\\Users\\DELL\\employee-manager\\dataconnect": could not find dataconnect.yaml in `c:\Users\DELL\employee-manager\dataconnect`
 {"metadata":{"emulator":{"name":"dataconnect"},"message":"E0508 12:06:15.558198   22852 load.go:23] Could not load config from \"c:\\\\Users\\\\DELL\\\\employee-manager\\\\dataconnect\": could not find dataconnect.yaml in `c:\\Users\\DELL\\employee-manager\\dataconnect`\n"}}
[debug] [2025-05-08T06:36:25.566Z] E0508 12:06:25.566052   22852 load.go:23] Could not load config from "c:\\Users\\DELL\\employee-manager\\dataconnect": could not find dataconnect.yaml in `c:\Users\DELL\employee-manager\dataconnect`
 {"metadata":{"emulator":{"name":"dataconnect"},"message":"E0508 12:06:25.566052   22852 load.go:23] Could not load config from \"c:\\\\Users\\\\DELL\\\\employee-manager\\\\dataconnect\": could not find dataconnect.yaml in `c:\\Users\\DELL\\employee-manager\\dataconnect`\n"}}
[debug] [2025-05-08T06:36:35.559Z] E0508 12:06:35.558988   22852 load.go:23] Could not load config from "c:\\Users\\DELL\\employee-manager\\dataconnect": could not find dataconnect.yaml in `c:\Users\DELL\employee-manager\dataconnect`
 {"metadata":{"emulator":{"name":"dataconnect"},"message":"E0508 12:06:35.558988   22852 load.go:23] Could not load config from \"c:\\\\Users\\\\DELL\\\\employee-manager\\\\dataconnect\": could not find dataconnect.yaml in `c:\\Users\\DELL\\employee-manager\\dataconnect`\n"}}
[debug] [2025-05-08T06:36:45.557Z] E0508 12:06:45.556965   22852 load.go:23] Could not load config from "c:\\Users\\DELL\\employee-manager\\dataconnect": could not find dataconnect.yaml in `c:\Users\DELL\employee-manager\dataconnect`
 {"metadata":{"emulator":{"name":"dataconnect"},"message":"E0508 12:06:45.556965   22852 load.go:23] Could not load config from \"c:\\\\Users\\\\DELL\\\\employee-manager\\\\dataconnect\": could not find dataconnect.yaml in `c:\\Users\\DELL\\employee-manager\\dataconnect`\n"}}
[debug] [2025-05-08T06:36:55.557Z] E0508 12:06:55.557234   22852 load.go:23] Could not load config from "c:\\Users\\DELL\\employee-manager\\dataconnect": could not find dataconnect.yaml in `c:\Users\DELL\employee-manager\dataconnect`
 {"metadata":{"emulator":{"name":"dataconnect"},"message":"E0508 12:06:55.557234   22852 load.go:23] Could not load config from \"c:\\\\Users\\\\DELL\\\\employee-manager\\\\dataconnect\": could not find dataconnect.yaml in `c:\\Users\\DELL\\employee-manager\\dataconnect`\n"}}
[debug] [2025-05-08T06:37:05.562Z] E0508 12:07:05.562430   22852 load.go:23] Could not load config from "c:\\Users\\DELL\\employee-manager\\dataconnect": could not find dataconnect.yaml in `c:\Users\DELL\employee-manager\dataconnect`
 {"metadata":{"emulator":{"name":"dataconnect"},"message":"E0508 12:07:05.562430   22852 load.go:23] Could not load config from \"c:\\\\Users\\\\DELL\\\\employee-manager\\\\dataconnect\": could not find dataconnect.yaml in `c:\\Users\\DELL\\employee-manager\\dataconnect`\n"}}
[debug] [2025-05-08T06:37:15.571Z] E0508 12:07:15.571038   22852 load.go:23] Could not load config from "c:\\Users\\DELL\\employee-manager\\dataconnect": could not find dataconnect.yaml in `c:\Users\DELL\employee-manager\dataconnect`
 {"metadata":{"emulator":{"name":"dataconnect"},"message":"E0508 12:07:15.571038   22852 load.go:23] Could not load config from \"c:\\\\Users\\\\DELL\\\\employee-manager\\\\dataconnect\": could not find dataconnect.yaml in `c:\\Users\\DELL\\employee-manager\\dataconnect`\n"}}
[debug] [2025-05-08T06:37:25.578Z] E0508 12:07:25.575824   22852 load.go:23] Could not load config from "c:\\Users\\DELL\\employee-manager\\dataconnect": could not find dataconnect.yaml in `c:\Users\DELL\employee-manager\dataconnect`
 {"metadata":{"emulator":{"name":"dataconnect"},"message":"E0508 12:07:25.575824   22852 load.go:23] Could not load config from \"c:\\\\Users\\\\DELL\\\\employee-manager\\\\dataconnect\": could not find dataconnect.yaml in `c:\\Users\\DELL\\employee-manager\\dataconnect`\n"}}
[debug] [2025-05-08T06:37:35.565Z] E0508 12:07:35.564929   22852 load.go:23] Could not load config from "c:\\Users\\DELL\\employee-manager\\dataconnect": could not find dataconnect.yaml in `c:\Users\DELL\employee-manager\dataconnect`
 {"metadata":{"emulator":{"name":"dataconnect"},"message":"E0508 12:07:35.564929   22852 load.go:23] Could not load config from \"c:\\\\Users\\\\DELL\\\\employee-manager\\\\dataconnect\": could not find dataconnect.yaml in `c:\\Users\\DELL\\employee-manager\\dataconnect`\n"}}
[debug] [2025-05-08T06:37:45.560Z] E0508 12:07:45.560057   22852 load.go:23] Could not load config from "c:\\Users\\DELL\\employee-manager\\dataconnect": could not find dataconnect.yaml in `c:\Users\DELL\employee-manager\dataconnect`
 {"metadata":{"emulator":{"name":"dataconnect"},"message":"E0508 12:07:45.560057   22852 load.go:23] Could not load config from \"c:\\\\Users\\\\DELL\\\\employee-manager\\\\dataconnect\": could not find dataconnect.yaml in `c:\\Users\\DELL\\employee-manager\\dataconnect`\n"}}
[debug] [2025-05-08T06:37:55.559Z] E0508 12:07:55.559701   22852 load.go:23] Could not load config from "c:\\Users\\DELL\\employee-manager\\dataconnect": could not find dataconnect.yaml in `c:\Users\DELL\employee-manager\dataconnect`
 {"metadata":{"emulator":{"name":"dataconnect"},"message":"E0508 12:07:55.559701   22852 load.go:23] Could not load config from \"c:\\\\Users\\\\DELL\\\\employee-manager\\\\dataconnect\": could not find dataconnect.yaml in `c:\\Users\\DELL\\employee-manager\\dataconnect`\n"}}
[debug] [2025-05-08T06:38:05.571Z] E0508 12:08:05.571135   22852 load.go:23] Could not load config from "c:\\Users\\DELL\\employee-manager\\dataconnect": could not find dataconnect.yaml in `c:\Users\DELL\employee-manager\dataconnect`
 {"metadata":{"emulator":{"name":"dataconnect"},"message":"E0508 12:08:05.571135   22852 load.go:23] Could not load config from \"c:\\\\Users\\\\DELL\\\\employee-manager\\\\dataconnect\": could not find dataconnect.yaml in `c:\\Users\\DELL\\employee-manager\\dataconnect`\n"}}
[debug] [2025-05-08T06:38:05.572Z] E0508 12:08:05.571701   22852 watch.go:76] watchAllDir unable to walk dir `c:\Users\DELL\employee-manager\dataconnect`: on path "c:\\Users\\DELL\\employee-manager\\dataconnect" (DirEntry: <nil>): CreateFile c:\Users\DELL\employee-manager\dataconnect: The system cannot find the file specified.
 {"metadata":{"emulator":{"name":"dataconnect"},"message":"E0508 12:08:05.571701   22852 watch.go:76] watchAllDir unable to walk dir `c:\\Users\\DELL\\employee-manager\\dataconnect`: on path \"c:\\\\Users\\\\DELL\\\\employee-manager\\\\dataconnect\" (DirEntry: <nil>): CreateFile c:\\Users\\DELL\\employee-manager\\dataconnect: The system cannot find the file specified.\n"}}
[debug] [2025-05-08T06:38:15.567Z] E0508 12:08:15.567541   22852 load.go:23] Could not load config from "c:\\Users\\DELL\\employee-manager\\dataconnect": could not find dataconnect.yaml in `c:\Users\DELL\employee-manager\dataconnect`
 {"metadata":{"emulator":{"name":"dataconnect"},"message":"E0508 12:08:15.567541   22852 load.go:23] Could not load config from \"c:\\\\Users\\\\DELL\\\\employee-manager\\\\dataconnect\": could not find dataconnect.yaml in `c:\\Users\\DELL\\employee-manager\\dataconnect`\n"}}
[debug] [2025-05-08T06:38:25.558Z] E0508 12:08:25.557538   22852 load.go:23] Could not load config from "c:\\Users\\DELL\\employee-manager\\dataconnect": could not find dataconnect.yaml in `c:\Users\DELL\employee-manager\dataconnect`
 {"metadata":{"emulator":{"name":"dataconnect"},"message":"E0508 12:08:25.557538   22852 load.go:23] Could not load config from \"c:\\\\Users\\\\DELL\\\\employee-manager\\\\dataconnect\": could not find dataconnect.yaml in `c:\\Users\\DELL\\employee-manager\\dataconnect`\n"}}
[debug] [2025-05-08T06:38:35.561Z] E0508 12:08:35.561551   22852 load.go:23] Could not load config from "c:\\Users\\DELL\\employee-manager\\dataconnect": could not find dataconnect.yaml in `c:\Users\DELL\employee-manager\dataconnect`
 {"metadata":{"emulator":{"name":"dataconnect"},"message":"E0508 12:08:35.561551   22852 load.go:23] Could not load config from \"c:\\\\Users\\\\DELL\\\\employee-manager\\\\dataconnect\": could not find dataconnect.yaml in `c:\\Users\\DELL\\employee-manager\\dataconnect`\n"}}
[debug] [2025-05-08T06:38:45.562Z] E0508 12:08:45.562347   22852 load.go:23] Could not load config from "c:\\Users\\DELL\\employee-manager\\dataconnect": could not find dataconnect.yaml in `c:\Users\DELL\employee-manager\dataconnect`
 {"metadata":{"emulator":{"name":"dataconnect"},"message":"E0508 12:08:45.562347   22852 load.go:23] Could not load config from \"c:\\\\Users\\\\DELL\\\\employee-manager\\\\dataconnect\": could not find dataconnect.yaml in `c:\\Users\\DELL\\employee-manager\\dataconnect`\n"}}
[debug] [2025-05-08T06:38:55.557Z] E0508 12:08:55.558030   22852 load.go:23] Could not load config from "c:\\Users\\DELL\\employee-manager\\dataconnect": could not find dataconnect.yaml in `c:\Users\DELL\employee-manager\dataconnect`
 {"metadata":{"emulator":{"name":"dataconnect"},"message":"E0508 12:08:55.558030   22852 load.go:23] Could not load config from \"c:\\\\Users\\\\DELL\\\\employee-manager\\\\dataconnect\": could not find dataconnect.yaml in `c:\\Users\\DELL\\employee-manager\\dataconnect`\n"}}
[debug] [2025-05-08T06:39:05.562Z] E0508 12:09:05.562597   22852 load.go:23] Could not load config from "c:\\Users\\DELL\\employee-manager\\dataconnect": could not find dataconnect.yaml in `c:\Users\DELL\employee-manager\dataconnect`
 {"metadata":{"emulator":{"name":"dataconnect"},"message":"E0508 12:09:05.562597   22852 load.go:23] Could not load config from \"c:\\\\Users\\\\DELL\\\\employee-manager\\\\dataconnect\": could not find dataconnect.yaml in `c:\\Users\\DELL\\employee-manager\\dataconnect`\n"}}
[debug] [2025-05-08T06:39:15.566Z] E0508 12:09:15.566327   22852 load.go:23] Could not load config from "c:\\Users\\DELL\\employee-manager\\dataconnect": could not find dataconnect.yaml in `c:\Users\DELL\employee-manager\dataconnect`
 {"metadata":{"emulator":{"name":"dataconnect"},"message":"E0508 12:09:15.566327   22852 load.go:23] Could not load config from \"c:\\\\Users\\\\DELL\\\\employee-manager\\\\dataconnect\": could not find dataconnect.yaml in `c:\\Users\\DELL\\employee-manager\\dataconnect`\n"}}
[debug] [2025-05-08T06:39:25.559Z] E0508 12:09:25.559284   22852 load.go:23] Could not load config from "c:\\Users\\DELL\\employee-manager\\dataconnect": could not find dataconnect.yaml in `c:\Users\DELL\employee-manager\dataconnect`
 {"metadata":{"emulator":{"name":"dataconnect"},"message":"E0508 12:09:25.559284   22852 load.go:23] Could not load config from \"c:\\\\Users\\\\DELL\\\\employee-manager\\\\dataconnect\": could not find dataconnect.yaml in `c:\\Users\\DELL\\employee-manager\\dataconnect`\n"}}
[debug] [2025-05-08T06:39:35.563Z] E0508 12:09:35.562988   22852 load.go:23] Could not load config from "c:\\Users\\DELL\\employee-manager\\dataconnect": could not find dataconnect.yaml in `c:\Users\DELL\employee-manager\dataconnect`
 {"metadata":{"emulator":{"name":"dataconnect"},"message":"E0508 12:09:35.562988   22852 load.go:23] Could not load config from \"c:\\\\Users\\\\DELL\\\\employee-manager\\\\dataconnect\": could not find dataconnect.yaml in `c:\\Users\\DELL\\employee-manager\\dataconnect`\n"}}
[debug] [2025-05-08T06:39:45.560Z] E0508 12:09:45.559974   22852 load.go:23] Could not load config from "c:\\Users\\DELL\\employee-manager\\dataconnect": could not find dataconnect.yaml in `c:\Users\DELL\employee-manager\dataconnect`
 {"metadata":{"emulator":{"name":"dataconnect"},"message":"E0508 12:09:45.559974   22852 load.go:23] Could not load config from \"c:\\\\Users\\\\DELL\\\\employee-manager\\\\dataconnect\": could not find dataconnect.yaml in `c:\\Users\\DELL\\employee-manager\\dataconnect`\n"}}
[debug] [2025-05-08T06:39:55.563Z] E0508 12:09:55.563215   22852 load.go:23] Could not load config from "c:\\Users\\DELL\\employee-manager\\dataconnect": could not find dataconnect.yaml in `c:\Users\DELL\employee-manager\dataconnect`
 {"metadata":{"emulator":{"name":"dataconnect"},"message":"E0508 12:09:55.563215   22852 load.go:23] Could not load config from \"c:\\\\Users\\\\DELL\\\\employee-manager\\\\dataconnect\": could not find dataconnect.yaml in `c:\\Users\\DELL\\employee-manager\\dataconnect`\n"}}
[debug] [2025-05-08T06:40:05.564Z] E0508 12:10:05.564098   22852 load.go:23] Could not load config from "c:\\Users\\DELL\\employee-manager\\dataconnect": could not find dataconnect.yaml in `c:\Users\DELL\employee-manager\dataconnect`
 {"metadata":{"emulator":{"name":"dataconnect"},"message":"E0508 12:10:05.564098   22852 load.go:23] Could not load config from \"c:\\\\Users\\\\DELL\\\\employee-manager\\\\dataconnect\": could not find dataconnect.yaml in `c:\\Users\\DELL\\employee-manager\\dataconnect`\n"}}
[debug] [2025-05-08T06:40:05.565Z] E0508 12:10:05.564098   22852 watch.go:76] watchAllDir unable to walk dir `c:\Users\DELL\employee-manager\dataconnect`: on path "c:\\Users\\DELL\\employee-manager\\dataconnect" (DirEntry: <nil>): CreateFile c:\Users\DELL\employee-manager\dataconnect: The system cannot find the file specified.
 {"metadata":{"emulator":{"name":"dataconnect"},"message":"E0508 12:10:05.564098   22852 watch.go:76] watchAllDir unable to walk dir `c:\\Users\\DELL\\employee-manager\\dataconnect`: on path \"c:\\\\Users\\\\DELL\\\\employee-manager\\\\dataconnect\" (DirEntry: <nil>): CreateFile c:\\Users\\DELL\\employee-manager\\dataconnect: The system cannot find the file specified.\n"}}
[debug] [2025-05-08T06:40:15.559Z] E0508 12:10:15.559319   22852 load.go:23] Could not load config from "c:\\Users\\DELL\\employee-manager\\dataconnect": could not find dataconnect.yaml in `c:\Users\DELL\employee-manager\dataconnect`
 {"metadata":{"emulator":{"name":"dataconnect"},"message":"E0508 12:10:15.559319   22852 load.go:23] Could not load config from \"c:\\\\Users\\\\DELL\\\\employee-manager\\\\dataconnect\": could not find dataconnect.yaml in `c:\\Users\\DELL\\employee-manager\\dataconnect`\n"}}
[debug] [2025-05-08T06:40:25.558Z] E0508 12:10:25.558091   22852 load.go:23] Could not load config from "c:\\Users\\DELL\\employee-manager\\dataconnect": could not find dataconnect.yaml in `c:\Users\DELL\employee-manager\dataconnect`
 {"metadata":{"emulator":{"name":"dataconnect"},"message":"E0508 12:10:25.558091   22852 load.go:23] Could not load config from \"c:\\\\Users\\\\DELL\\\\employee-manager\\\\dataconnect\": could not find dataconnect.yaml in `c:\\Users\\DELL\\employee-manager\\dataconnect`\n"}}
[debug] [2025-05-08T06:40:35.562Z] E0508 12:10:35.561824   22852 load.go:23] Could not load config from "c:\\Users\\DELL\\employee-manager\\dataconnect": could not find dataconnect.yaml in `c:\Users\DELL\employee-manager\dataconnect`
 {"metadata":{"emulator":{"name":"dataconnect"},"message":"E0508 12:10:35.561824   22852 load.go:23] Could not load config from \"c:\\\\Users\\\\DELL\\\\employee-manager\\\\dataconnect\": could not find dataconnect.yaml in `c:\\Users\\DELL\\employee-manager\\dataconnect`\n"}}
[debug] [2025-05-08T06:40:45.565Z] E0508 12:10:45.564880   22852 load.go:23] Could not load config from "c:\\Users\\DELL\\employee-manager\\dataconnect": could not find dataconnect.yaml in `c:\Users\DELL\employee-manager\dataconnect`
 {"metadata":{"emulator":{"name":"dataconnect"},"message":"E0508 12:10:45.564880   22852 load.go:23] Could not load config from \"c:\\\\Users\\\\DELL\\\\employee-manager\\\\dataconnect\": could not find dataconnect.yaml in `c:\\Users\\DELL\\employee-manager\\dataconnect`\n"}}
[debug] [2025-05-08T06:40:55.570Z] E0508 12:10:55.570087   22852 load.go:23] Could not load config from "c:\\Users\\DELL\\employee-manager\\dataconnect": could not find dataconnect.yaml in `c:\Users\DELL\employee-manager\dataconnect`
 {"metadata":{"emulator":{"name":"dataconnect"},"message":"E0508 12:10:55.570087   22852 load.go:23] Could not load config from \"c:\\\\Users\\\\DELL\\\\employee-manager\\\\dataconnect\": could not find dataconnect.yaml in `c:\\Users\\DELL\\employee-manager\\dataconnect`\n"}}
[debug] [2025-05-08T06:41:05.564Z] E0508 12:11:05.563931   22852 load.go:23] Could not load config from "c:\\Users\\DELL\\employee-manager\\dataconnect": could not find dataconnect.yaml in `c:\Users\DELL\employee-manager\dataconnect`
 {"metadata":{"emulator":{"name":"dataconnect"},"message":"E0508 12:11:05.563931   22852 load.go:23] Could not load config from \"c:\\\\Users\\\\DELL\\\\employee-manager\\\\dataconnect\": could not find dataconnect.yaml in `c:\\Users\\DELL\\employee-manager\\dataconnect`\n"}}
[debug] [2025-05-08T06:41:15.559Z] E0508 12:11:15.558722   22852 load.go:23] Could not load config from "c:\\Users\\DELL\\employee-manager\\dataconnect": could not find dataconnect.yaml in `c:\Users\DELL\employee-manager\dataconnect`
 {"metadata":{"emulator":{"name":"dataconnect"},"message":"E0508 12:11:15.558722   22852 load.go:23] Could not load config from \"c:\\\\Users\\\\DELL\\\\employee-manager\\\\dataconnect\": could not find dataconnect.yaml in `c:\\Users\\DELL\\employee-manager\\dataconnect`\n"}}
[debug] [2025-05-08T06:41:25.569Z] E0508 12:11:25.568715   22852 load.go:23] Could not load config from "c:\\Users\\DELL\\employee-manager\\dataconnect": could not find dataconnect.yaml in `c:\Users\DELL\employee-manager\dataconnect`
 {"metadata":{"emulator":{"name":"dataconnect"},"message":"E0508 12:11:25.568715   22852 load.go:23] Could not load config from \"c:\\\\Users\\\\DELL\\\\employee-manager\\\\dataconnect\": could not find dataconnect.yaml in `c:\\Users\\DELL\\employee-manager\\dataconnect`\n"}}
[debug] [2025-05-08T06:41:35.556Z] E0508 12:11:35.556006   22852 load.go:23] Could not load config from "c:\\Users\\DELL\\employee-manager\\dataconnect": could not find dataconnect.yaml in `c:\Users\DELL\employee-manager\dataconnect`
 {"metadata":{"emulator":{"name":"dataconnect"},"message":"E0508 12:11:35.556006   22852 load.go:23] Could not load config from \"c:\\\\Users\\\\DELL\\\\employee-manager\\\\dataconnect\": could not find dataconnect.yaml in `c:\\Users\\DELL\\employee-manager\\dataconnect`\n"}}
[debug] [2025-05-08T06:41:45.570Z] E0508 12:11:45.570118   22852 load.go:23] Could not load config from "c:\\Users\\DELL\\employee-manager\\dataconnect": could not find dataconnect.yaml in `c:\Users\DELL\employee-manager\dataconnect`
 {"metadata":{"emulator":{"name":"dataconnect"},"message":"E0508 12:11:45.570118   22852 load.go:23] Could not load config from \"c:\\\\Users\\\\DELL\\\\employee-manager\\\\dataconnect\": could not find dataconnect.yaml in `c:\\Users\\DELL\\employee-manager\\dataconnect`\n"}}
[debug] [2025-05-08T06:41:55.562Z] E0508 12:11:55.561834   22852 load.go:23] Could not load config from "c:\\Users\\DELL\\employee-manager\\dataconnect": could not find dataconnect.yaml in `c:\Users\DELL\employee-manager\dataconnect`
 {"metadata":{"emulator":{"name":"dataconnect"},"message":"E0508 12:11:55.561834   22852 load.go:23] Could not load config from \"c:\\\\Users\\\\DELL\\\\employee-manager\\\\dataconnect\": could not find dataconnect.yaml in `c:\\Users\\DELL\\employee-manager\\dataconnect`\n"}}
[debug] [2025-05-08T06:42:05.552Z] E0508 12:12:05.560285   22852 load.go:23] Could not load config from "c:\\Users\\DELL\\employee-manager\\dataconnect": could not find dataconnect.yaml in `c:\Users\DELL\employee-manager\dataconnect`
 {"metadata":{"emulator":{"name":"dataconnect"},"message":"E0508 12:12:05.560285   22852 load.go:23] Could not load config from \"c:\\\\Users\\\\DELL\\\\employee-manager\\\\dataconnect\": could not find dataconnect.yaml in `c:\\Users\\DELL\\employee-manager\\dataconnect`\n"}}
[debug] [2025-05-08T06:42:05.554Z] E0508 12:12:05.560873   22852 watch.go:76] watchAllDir unable to walk dir `c:\Users\DELL\employee-manager\dataconnect`: on path "c:\\Users\\DELL\\employee-manager\\dataconnect" (DirEntry: <nil>): CreateFile c:\Users\DELL\employee-manager\dataconnect: The system cannot find the file specified.
 {"metadata":{"emulator":{"name":"dataconnect"},"message":"E0508 12:12:05.560873   22852 watch.go:76] watchAllDir unable to walk dir `c:\\Users\\DELL\\employee-manager\\dataconnect`: on path \"c:\\\\Users\\\\DELL\\\\employee-manager\\\\dataconnect\" (DirEntry: <nil>): CreateFile c:\\Users\\DELL\\employee-manager\\dataconnect: The system cannot find the file specified.\n"}}
[debug] [2025-05-08T06:42:15.562Z] E0508 12:12:15.570816   22852 load.go:23] Could not load config from "c:\\Users\\DELL\\employee-manager\\dataconnect": could not find dataconnect.yaml in `c:\Users\DELL\employee-manager\dataconnect`
 {"metadata":{"emulator":{"name":"dataconnect"},"message":"E0508 12:12:15.570816   22852 load.go:23] Could not load config from \"c:\\\\Users\\\\DELL\\\\employee-manager\\\\dataconnect\": could not find dataconnect.yaml in `c:\\Users\\DELL\\employee-manager\\dataconnect`\n"}}
[debug] [2025-05-08T06:42:25.554Z] E0508 12:12:25.562661   22852 load.go:23] Could not load config from "c:\\Users\\DELL\\employee-manager\\dataconnect": could not find dataconnect.yaml in `c:\Users\DELL\employee-manager\dataconnect`
 {"metadata":{"emulator":{"name":"dataconnect"},"message":"E0508 12:12:25.562661   22852 load.go:23] Could not load config from \"c:\\\\Users\\\\DELL\\\\employee-manager\\\\dataconnect\": could not find dataconnect.yaml in `c:\\Users\\DELL\\employee-manager\\dataconnect`\n"}}
[debug] [2025-05-08T06:42:35.548Z] E0508 12:12:35.557195   22852 load.go:23] Could not load config from "c:\\Users\\DELL\\employee-manager\\dataconnect": could not find dataconnect.yaml in `c:\Users\DELL\employee-manager\dataconnect`
 {"metadata":{"emulator":{"name":"dataconnect"},"message":"E0508 12:12:35.557195   22852 load.go:23] Could not load config from \"c:\\\\Users\\\\DELL\\\\employee-manager\\\\dataconnect\": could not find dataconnect.yaml in `c:\\Users\\DELL\\employee-manager\\dataconnect`\n"}}
[debug] [2025-05-08T06:42:45.554Z] E0508 12:12:45.562981   22852 load.go:23] Could not load config from "c:\\Users\\DELL\\employee-manager\\dataconnect": could not find dataconnect.yaml in `c:\Users\DELL\employee-manager\dataconnect`
 {"metadata":{"emulator":{"name":"dataconnect"},"message":"E0508 12:12:45.562981   22852 load.go:23] Could not load config from \"c:\\\\Users\\\\DELL\\\\employee-manager\\\\dataconnect\": could not find dataconnect.yaml in `c:\\Users\\DELL\\employee-manager\\dataconnect`\n"}}
[debug] [2025-05-08T06:42:55.554Z] E0508 12:12:55.563120   22852 load.go:23] Could not load config from "c:\\Users\\DELL\\employee-manager\\dataconnect": could not find dataconnect.yaml in `c:\Users\DELL\employee-manager\dataconnect`
 {"metadata":{"emulator":{"name":"dataconnect"},"message":"E0508 12:12:55.563120   22852 load.go:23] Could not load config from \"c:\\\\Users\\\\DELL\\\\employee-manager\\\\dataconnect\": could not find dataconnect.yaml in `c:\\Users\\DELL\\employee-manager\\dataconnect`\n"}}
[debug] [2025-05-08T06:43:05.559Z] E0508 12:13:05.560936   22852 load.go:23] Could not load config from "c:\\Users\\DELL\\employee-manager\\dataconnect": could not find dataconnect.yaml in `c:\Users\DELL\employee-manager\dataconnect`
 {"metadata":{"emulator":{"name":"dataconnect"},"message":"E0508 12:13:05.560936   22852 load.go:23] Could not load config from \"c:\\\\Users\\\\DELL\\\\employee-manager\\\\dataconnect\": could not find dataconnect.yaml in `c:\\Users\\DELL\\employee-manager\\dataconnect`\n"}}
[debug] [2025-05-08T06:43:15.564Z] E0508 12:13:15.565495   22852 load.go:23] Could not load config from "c:\\Users\\DELL\\employee-manager\\dataconnect": could not find dataconnect.yaml in `c:\Users\DELL\employee-manager\dataconnect`
 {"metadata":{"emulator":{"name":"dataconnect"},"message":"E0508 12:13:15.565495   22852 load.go:23] Could not load config from \"c:\\\\Users\\\\DELL\\\\employee-manager\\\\dataconnect\": could not find dataconnect.yaml in `c:\\Users\\DELL\\employee-manager\\dataconnect`\n"}}
[debug] [2025-05-08T06:43:25.560Z] E0508 12:13:25.561995   22852 load.go:23] Could not load config from "c:\\Users\\DELL\\employee-manager\\dataconnect": could not find dataconnect.yaml in `c:\Users\DELL\employee-manager\dataconnect`
 {"metadata":{"emulator":{"name":"dataconnect"},"message":"E0508 12:13:25.561995   22852 load.go:23] Could not load config from \"c:\\\\Users\\\\DELL\\\\employee-manager\\\\dataconnect\": could not find dataconnect.yaml in `c:\\Users\\DELL\\employee-manager\\dataconnect`\n"}}
[debug] [2025-05-08T06:43:35.564Z] E0508 12:13:35.565600   22852 load.go:23] Could not load config from "c:\\Users\\DELL\\employee-manager\\dataconnect": could not find dataconnect.yaml in `c:\Users\DELL\employee-manager\dataconnect`
 {"metadata":{"emulator":{"name":"dataconnect"},"message":"E0508 12:13:35.565600   22852 load.go:23] Could not load config from \"c:\\\\Users\\\\DELL\\\\employee-manager\\\\dataconnect\": could not find dataconnect.yaml in `c:\\Users\\DELL\\employee-manager\\dataconnect`\n"}}
[debug] [2025-05-08T06:43:45.557Z] E0508 12:13:45.558802   22852 load.go:23] Could not load config from "c:\\Users\\DELL\\employee-manager\\dataconnect": could not find dataconnect.yaml in `c:\Users\DELL\employee-manager\dataconnect`
 {"metadata":{"emulator":{"name":"dataconnect"},"message":"E0508 12:13:45.558802   22852 load.go:23] Could not load config from \"c:\\\\Users\\\\DELL\\\\employee-manager\\\\dataconnect\": could not find dataconnect.yaml in `c:\\Users\\DELL\\employee-manager\\dataconnect`\n"}}
[debug] [2025-05-08T06:43:55.561Z] E0508 12:13:55.562648   22852 load.go:23] Could not load config from "c:\\Users\\DELL\\employee-manager\\dataconnect": could not find dataconnect.yaml in `c:\Users\DELL\employee-manager\dataconnect`
 {"metadata":{"emulator":{"name":"dataconnect"},"message":"E0508 12:13:55.562648   22852 load.go:23] Could not load config from \"c:\\\\Users\\\\DELL\\\\employee-manager\\\\dataconnect\": could not find dataconnect.yaml in `c:\\Users\\DELL\\employee-manager\\dataconnect`\n"}}
[debug] [2025-05-08T06:44:05.565Z] E0508 12:14:05.565399   22852 load.go:23] Could not load config from "c:\\Users\\DELL\\employee-manager\\dataconnect": could not find dataconnect.yaml in `c:\Users\DELL\employee-manager\dataconnect`
 {"metadata":{"emulator":{"name":"dataconnect"},"message":"E0508 12:14:05.565399   22852 load.go:23] Could not load config from \"c:\\\\Users\\\\DELL\\\\employee-manager\\\\dataconnect\": could not find dataconnect.yaml in `c:\\Users\\DELL\\employee-manager\\dataconnect`\n"}}
[debug] [2025-05-08T06:44:05.566Z] E0508 12:14:05.565399   22852 watch.go:76] watchAllDir unable to walk dir `c:\Users\DELL\employee-manager\dataconnect`: on path "c:\\Users\\DELL\\employee-manager\\dataconnect" (DirEntry: <nil>): CreateFile c:\Users\DELL\employee-manager\dataconnect: The system cannot find the file specified.
 {"metadata":{"emulator":{"name":"dataconnect"},"message":"E0508 12:14:05.565399   22852 watch.go:76] watchAllDir unable to walk dir `c:\\Users\\DELL\\employee-manager\\dataconnect`: on path \"c:\\\\Users\\\\DELL\\\\employee-manager\\\\dataconnect\" (DirEntry: <nil>): CreateFile c:\\Users\\DELL\\employee-manager\\dataconnect: The system cannot find the file specified.\n"}}
[debug] [2025-05-08T06:44:15.563Z] E0508 12:14:15.563222   22852 load.go:23] Could not load config from "c:\\Users\\DELL\\employee-manager\\dataconnect": could not find dataconnect.yaml in `c:\Users\DELL\employee-manager\dataconnect`
 {"metadata":{"emulator":{"name":"dataconnect"},"message":"E0508 12:14:15.563222   22852 load.go:23] Could not load config from \"c:\\\\Users\\\\DELL\\\\employee-manager\\\\dataconnect\": could not find dataconnect.yaml in `c:\\Users\\DELL\\employee-manager\\dataconnect`\n"}}
[debug] [2025-05-08T06:44:25.563Z] E0508 12:14:25.563380   22852 load.go:23] Could not load config from "c:\\Users\\DELL\\employee-manager\\dataconnect": could not find dataconnect.yaml in `c:\Users\DELL\employee-manager\dataconnect`
 {"metadata":{"emulator":{"name":"dataconnect"},"message":"E0508 12:14:25.563380   22852 load.go:23] Could not load config from \"c:\\\\Users\\\\DELL\\\\employee-manager\\\\dataconnect\": could not find dataconnect.yaml in `c:\\Users\\DELL\\employee-manager\\dataconnect`\n"}}
[debug] [2025-05-08T06:44:35.566Z] E0508 12:14:35.566117   22852 load.go:23] Could not load config from "c:\\Users\\DELL\\employee-manager\\dataconnect": could not find dataconnect.yaml in `c:\Users\DELL\employee-manager\dataconnect`
 {"metadata":{"emulator":{"name":"dataconnect"},"message":"E0508 12:14:35.566117   22852 load.go:23] Could not load config from \"c:\\\\Users\\\\DELL\\\\employee-manager\\\\dataconnect\": could not find dataconnect.yaml in `c:\\Users\\DELL\\employee-manager\\dataconnect`\n"}}
[debug] [2025-05-08T06:44:45.566Z] E0508 12:14:45.565828   22852 load.go:23] Could not load config from "c:\\Users\\DELL\\employee-manager\\dataconnect": could not find dataconnect.yaml in `c:\Users\DELL\employee-manager\dataconnect`
 {"metadata":{"emulator":{"name":"dataconnect"},"message":"E0508 12:14:45.565828   22852 load.go:23] Could not load config from \"c:\\\\Users\\\\DELL\\\\employee-manager\\\\dataconnect\": could not find dataconnect.yaml in `c:\\Users\\DELL\\employee-manager\\dataconnect`\n"}}
[debug] [2025-05-08T06:44:55.559Z] E0508 12:14:55.558885   22852 load.go:23] Could not load config from "c:\\Users\\DELL\\employee-manager\\dataconnect": could not find dataconnect.yaml in `c:\Users\DELL\employee-manager\dataconnect`
 {"metadata":{"emulator":{"name":"dataconnect"},"message":"E0508 12:14:55.558885   22852 load.go:23] Could not load config from \"c:\\\\Users\\\\DELL\\\\employee-manager\\\\dataconnect\": could not find dataconnect.yaml in `c:\\Users\\DELL\\employee-manager\\dataconnect`\n"}}
[debug] [2025-05-08T06:45:05.557Z] E0508 12:15:05.557071   22852 load.go:23] Could not load config from "c:\\Users\\DELL\\employee-manager\\dataconnect": could not find dataconnect.yaml in `c:\Users\DELL\employee-manager\dataconnect`
 {"metadata":{"emulator":{"name":"dataconnect"},"message":"E0508 12:15:05.557071   22852 load.go:23] Could not load config from \"c:\\\\Users\\\\DELL\\\\employee-manager\\\\dataconnect\": could not find dataconnect.yaml in `c:\\Users\\DELL\\employee-manager\\dataconnect`\n"}}
[debug] [2025-05-08T06:45:15.563Z] E0508 12:15:15.563454   22852 load.go:23] Could not load config from "c:\\Users\\DELL\\employee-manager\\dataconnect": could not find dataconnect.yaml in `c:\Users\DELL\employee-manager\dataconnect`
 {"metadata":{"emulator":{"name":"dataconnect"},"message":"E0508 12:15:15.563454   22852 load.go:23] Could not load config from \"c:\\\\Users\\\\DELL\\\\employee-manager\\\\dataconnect\": could not find dataconnect.yaml in `c:\\Users\\DELL\\employee-manager\\dataconnect`\n"}}
[debug] [2025-05-08T06:45:25.565Z] E0508 12:15:25.564789   22852 load.go:23] Could not load config from "c:\\Users\\DELL\\employee-manager\\dataconnect": could not find dataconnect.yaml in `c:\Users\DELL\employee-manager\dataconnect`
 {"metadata":{"emulator":{"name":"dataconnect"},"message":"E0508 12:15:25.564789   22852 load.go:23] Could not load config from \"c:\\\\Users\\\\DELL\\\\employee-manager\\\\dataconnect\": could not find dataconnect.yaml in `c:\\Users\\DELL\\employee-manager\\dataconnect`\n"}}
[debug] [2025-05-08T06:45:35.564Z] E0508 12:15:35.563599   22852 load.go:23] Could not load config from "c:\\Users\\DELL\\employee-manager\\dataconnect": could not find dataconnect.yaml in `c:\Users\DELL\employee-manager\dataconnect`
 {"metadata":{"emulator":{"name":"dataconnect"},"message":"E0508 12:15:35.563599   22852 load.go:23] Could not load config from \"c:\\\\Users\\\\DELL\\\\employee-manager\\\\dataconnect\": could not find dataconnect.yaml in `c:\\Users\\DELL\\employee-manager\\dataconnect`\n"}}
[debug] [2025-05-08T06:45:45.560Z] E0508 12:15:45.559500   22852 load.go:23] Could not load config from "c:\\Users\\DELL\\employee-manager\\dataconnect": could not find dataconnect.yaml in `c:\Users\DELL\employee-manager\dataconnect`
 {"metadata":{"emulator":{"name":"dataconnect"},"message":"E0508 12:15:45.559500   22852 load.go:23] Could not load config from \"c:\\\\Users\\\\DELL\\\\employee-manager\\\\dataconnect\": could not find dataconnect.yaml in `c:\\Users\\DELL\\employee-manager\\dataconnect`\n"}}
[debug] [2025-05-08T06:45:55.566Z] E0508 12:15:55.566500   22852 load.go:23] Could not load config from "c:\\Users\\DELL\\employee-manager\\dataconnect": could not find dataconnect.yaml in `c:\Users\DELL\employee-manager\dataconnect`
 {"metadata":{"emulator":{"name":"dataconnect"},"message":"E0508 12:15:55.566500   22852 load.go:23] Could not load config from \"c:\\\\Users\\\\DELL\\\\employee-manager\\\\dataconnect\": could not find dataconnect.yaml in `c:\\Users\\DELL\\employee-manager\\dataconnect`\n"}}
[debug] [2025-05-08T06:46:05.561Z] E0508 12:16:05.560667   22852 load.go:23] Could not load config from "c:\\Users\\DELL\\employee-manager\\dataconnect": could not find dataconnect.yaml in `c:\Users\DELL\employee-manager\dataconnect`
 {"metadata":{"emulator":{"name":"dataconnect"},"message":"E0508 12:16:05.560667   22852 load.go:23] Could not load config from \"c:\\\\Users\\\\DELL\\\\employee-manager\\\\dataconnect\": could not find dataconnect.yaml in `c:\\Users\\DELL\\employee-manager\\dataconnect`\n"}}
[debug] [2025-05-08T06:46:05.562Z] E0508 12:16:05.561256   22852 watch.go:76] watchAllDir unable to walk dir `c:\Users\DELL\employee-manager\dataconnect`: on path "c:\\Users\\DELL\\employee-manager\\dataconnect" (DirEntry: <nil>): CreateFile c:\Users\DELL\employee-manager\dataconnect: The system cannot find the file specified.
 {"metadata":{"emulator":{"name":"dataconnect"},"message":"E0508 12:16:05.561256   22852 watch.go:76] watchAllDir unable to walk dir `c:\\Users\\DELL\\employee-manager\\dataconnect`: on path \"c:\\\\Users\\\\DELL\\\\employee-manager\\\\dataconnect\" (DirEntry: <nil>): CreateFile c:\\Users\\DELL\\employee-manager\\dataconnect: The system cannot find the file specified.\n"}}
[debug] [2025-05-08T06:46:15.560Z] E0508 12:16:15.559491   22852 load.go:23] Could not load config from "c:\\Users\\DELL\\employee-manager\\dataconnect": could not find dataconnect.yaml in `c:\Users\DELL\employee-manager\dataconnect`
 {"metadata":{"emulator":{"name":"dataconnect"},"message":"E0508 12:16:15.559491   22852 load.go:23] Could not load config from \"c:\\\\Users\\\\DELL\\\\employee-manager\\\\dataconnect\": could not find dataconnect.yaml in `c:\\Users\\DELL\\employee-manager\\dataconnect`\n"}}
[debug] [2025-05-08T06:46:25.568Z] E0508 12:16:25.567497   22852 load.go:23] Could not load config from "c:\\Users\\DELL\\employee-manager\\dataconnect": could not find dataconnect.yaml in `c:\Users\DELL\employee-manager\dataconnect`
 {"metadata":{"emulator":{"name":"dataconnect"},"message":"E0508 12:16:25.567497   22852 load.go:23] Could not load config from \"c:\\\\Users\\\\DELL\\\\employee-manager\\\\dataconnect\": could not find dataconnect.yaml in `c:\\Users\\DELL\\employee-manager\\dataconnect`\n"}}
[debug] [2025-05-08T06:46:35.571Z] E0508 12:16:35.570202   22852 load.go:23] Could not load config from "c:\\Users\\DELL\\employee-manager\\dataconnect": could not find dataconnect.yaml in `c:\Users\DELL\employee-manager\dataconnect`
 {"metadata":{"emulator":{"name":"dataconnect"},"message":"E0508 12:16:35.570202   22852 load.go:23] Could not load config from \"c:\\\\Users\\\\DELL\\\\employee-manager\\\\dataconnect\": could not find dataconnect.yaml in `c:\\Users\\DELL\\employee-manager\\dataconnect`\n"}}
[debug] [2025-05-08T06:46:45.595Z] E0508 12:16:45.595066   22852 load.go:23] Could not load config from "c:\\Users\\DELL\\employee-manager\\dataconnect": could not find dataconnect.yaml in `c:\Users\DELL\employee-manager\dataconnect`
 {"metadata":{"emulator":{"name":"dataconnect"},"message":"E0508 12:16:45.595066   22852 load.go:23] Could not load config from \"c:\\\\Users\\\\DELL\\\\employee-manager\\\\dataconnect\": could not find dataconnect.yaml in `c:\\Users\\DELL\\employee-manager\\dataconnect`\n"}}
[debug] [2025-05-08T06:46:55.570Z] E0508 12:16:55.570425   22852 load.go:23] Could not load config from "c:\\Users\\DELL\\employee-manager\\dataconnect": could not find dataconnect.yaml in `c:\Users\DELL\employee-manager\dataconnect`
 {"metadata":{"emulator":{"name":"dataconnect"},"message":"E0508 12:16:55.570425   22852 load.go:23] Could not load config from \"c:\\\\Users\\\\DELL\\\\employee-manager\\\\dataconnect\": could not find dataconnect.yaml in `c:\\Users\\DELL\\employee-manager\\dataconnect`\n"}}
[debug] [2025-05-08T06:47:05.561Z] E0508 12:17:05.560805   22852 load.go:23] Could not load config from "c:\\Users\\DELL\\employee-manager\\dataconnect": could not find dataconnect.yaml in `c:\Users\DELL\employee-manager\dataconnect`
 {"metadata":{"emulator":{"name":"dataconnect"},"message":"E0508 12:17:05.560805   22852 load.go:23] Could not load config from \"c:\\\\Users\\\\DELL\\\\employee-manager\\\\dataconnect\": could not find dataconnect.yaml in `c:\\Users\\DELL\\employee-manager\\dataconnect`\n"}}
[debug] [2025-05-08T06:47:15.559Z] E0508 12:17:15.558586   22852 load.go:23] Could not load config from "c:\\Users\\DELL\\employee-manager\\dataconnect": could not find dataconnect.yaml in `c:\Users\DELL\employee-manager\dataconnect`
 {"metadata":{"emulator":{"name":"dataconnect"},"message":"E0508 12:17:15.558586   22852 load.go:23] Could not load config from \"c:\\\\Users\\\\DELL\\\\employee-manager\\\\dataconnect\": could not find dataconnect.yaml in `c:\\Users\\DELL\\employee-manager\\dataconnect`\n"}}
[debug] [2025-05-08T06:47:25.563Z] E0508 12:17:25.562683   22852 load.go:23] Could not load config from "c:\\Users\\DELL\\employee-manager\\dataconnect": could not find dataconnect.yaml in `c:\Users\DELL\employee-manager\dataconnect`
 {"metadata":{"emulator":{"name":"dataconnect"},"message":"E0508 12:17:25.562683   22852 load.go:23] Could not load config from \"c:\\\\Users\\\\DELL\\\\employee-manager\\\\dataconnect\": could not find dataconnect.yaml in `c:\\Users\\DELL\\employee-manager\\dataconnect`\n"}}
[debug] [2025-05-08T06:47:35.571Z] E0508 12:17:35.570702   22852 load.go:23] Could not load config from "c:\\Users\\DELL\\employee-manager\\dataconnect": could not find dataconnect.yaml in `c:\Users\DELL\employee-manager\dataconnect`
 {"metadata":{"emulator":{"name":"dataconnect"},"message":"E0508 12:17:35.570702   22852 load.go:23] Could not load config from \"c:\\\\Users\\\\DELL\\\\employee-manager\\\\dataconnect\": could not find dataconnect.yaml in `c:\\Users\\DELL\\employee-manager\\dataconnect`\n"}}
[debug] [2025-05-08T06:47:45.571Z] E0508 12:17:45.571045   22852 load.go:23] Could not load config from "c:\\Users\\DELL\\employee-manager\\dataconnect": could not find dataconnect.yaml in `c:\Users\DELL\employee-manager\dataconnect`
 {"metadata":{"emulator":{"name":"dataconnect"},"message":"E0508 12:17:45.571045   22852 load.go:23] Could not load config from \"c:\\\\Users\\\\DELL\\\\employee-manager\\\\dataconnect\": could not find dataconnect.yaml in `c:\\Users\\DELL\\employee-manager\\dataconnect`\n"}}
[debug] [2025-05-08T06:47:55.570Z] E0508 12:17:55.570492   22852 load.go:23] Could not load config from "c:\\Users\\DELL\\employee-manager\\dataconnect": could not find dataconnect.yaml in `c:\Users\DELL\employee-manager\dataconnect`
 {"metadata":{"emulator":{"name":"dataconnect"},"message":"E0508 12:17:55.570492   22852 load.go:23] Could not load config from \"c:\\\\Users\\\\DELL\\\\employee-manager\\\\dataconnect\": could not find dataconnect.yaml in `c:\\Users\\DELL\\employee-manager\\dataconnect`\n"}}
[debug] [2025-05-08T06:48:05.570Z] E0508 12:18:05.570145   22852 load.go:23] Could not load config from "c:\\Users\\DELL\\employee-manager\\dataconnect": could not find dataconnect.yaml in `c:\Users\DELL\employee-manager\dataconnect`
E0508 12:18:05.570675   22852 watch.go:76] watchAllDir unable to walk dir `c:\Users\DELL\employee-manager\dataconnect`: on path "c:\\Users\\DELL\\employee-manager\\dataconnect" (DirEntry: <nil>): CreateFile c:\Users\DELL\employee-manager\dataconnect: The system cannot find the file specified.
 {"metadata":{"emulator":{"name":"dataconnect"},"message":"E0508 12:18:05.570145   22852 load.go:23] Could not load config from \"c:\\\\Users\\\\DELL\\\\employee-manager\\\\dataconnect\": could not find dataconnect.yaml in `c:\\Users\\DELL\\employee-manager\\dataconnect`\nE0508 12:18:05.570675   22852 watch.go:76] watchAllDir unable to walk dir `c:\\Users\\DELL\\employee-manager\\dataconnect`: on path \"c:\\\\Users\\\\DELL\\\\employee-manager\\\\dataconnect\" (DirEntry: <nil>): CreateFile c:\\Users\\DELL\\employee-manager\\dataconnect: The system cannot find the file specified.\n"}}
[debug] [2025-05-08T06:48:15.571Z] E0508 12:18:15.571171   22852 load.go:23] Could not load config from "c:\\Users\\DELL\\employee-manager\\dataconnect": could not find dataconnect.yaml in `c:\Users\DELL\employee-manager\dataconnect`
 {"metadata":{"emulator":{"name":"dataconnect"},"message":"E0508 12:18:15.571171   22852 load.go:23] Could not load config from \"c:\\\\Users\\\\DELL\\\\employee-manager\\\\dataconnect\": could not find dataconnect.yaml in `c:\\Users\\DELL\\employee-manager\\dataconnect`\n"}}
[debug] [2025-05-08T06:48:25.565Z] E0508 12:18:25.565338   22852 load.go:23] Could not load config from "c:\\Users\\DELL\\employee-manager\\dataconnect": could not find dataconnect.yaml in `c:\Users\DELL\employee-manager\dataconnect`
 {"metadata":{"emulator":{"name":"dataconnect"},"message":"E0508 12:18:25.565338   22852 load.go:23] Could not load config from \"c:\\\\Users\\\\DELL\\\\employee-manager\\\\dataconnect\": could not find dataconnect.yaml in `c:\\Users\\DELL\\employee-manager\\dataconnect`\n"}}
[debug] [2025-05-08T06:48:35.557Z] E0508 12:18:35.557014   22852 load.go:23] Could not load config from "c:\\Users\\DELL\\employee-manager\\dataconnect": could not find dataconnect.yaml in `c:\Users\DELL\employee-manager\dataconnect`
 {"metadata":{"emulator":{"name":"dataconnect"},"message":"E0508 12:18:35.557014   22852 load.go:23] Could not load config from \"c:\\\\Users\\\\DELL\\\\employee-manager\\\\dataconnect\": could not find dataconnect.yaml in `c:\\Users\\DELL\\employee-manager\\dataconnect`\n"}}
[debug] [2025-05-08T06:48:45.564Z] E0508 12:18:45.563582   22852 load.go:23] Could not load config from "c:\\Users\\DELL\\employee-manager\\dataconnect": could not find dataconnect.yaml in `c:\Users\DELL\employee-manager\dataconnect`
 {"metadata":{"emulator":{"name":"dataconnect"},"message":"E0508 12:18:45.563582   22852 load.go:23] Could not load config from \"c:\\\\Users\\\\DELL\\\\employee-manager\\\\dataconnect\": could not find dataconnect.yaml in `c:\\Users\\DELL\\employee-manager\\dataconnect`\n"}}
[debug] [2025-05-08T06:48:55.558Z] E0508 12:18:55.558016   22852 load.go:23] Could not load config from "c:\\Users\\DELL\\employee-manager\\dataconnect": could not find dataconnect.yaml in `c:\Users\DELL\employee-manager\dataconnect`
 {"metadata":{"emulator":{"name":"dataconnect"},"message":"E0508 12:18:55.558016   22852 load.go:23] Could not load config from \"c:\\\\Users\\\\DELL\\\\employee-manager\\\\dataconnect\": could not find dataconnect.yaml in `c:\\Users\\DELL\\employee-manager\\dataconnect`\n"}}
[debug] [2025-05-08T06:49:05.560Z] E0508 12:19:05.560398   22852 load.go:23] Could not load config from "c:\\Users\\DELL\\employee-manager\\dataconnect": could not find dataconnect.yaml in `c:\Users\DELL\employee-manager\dataconnect`
 {"metadata":{"emulator":{"name":"dataconnect"},"message":"E0508 12:19:05.560398   22852 load.go:23] Could not load config from \"c:\\\\Users\\\\DELL\\\\employee-manager\\\\dataconnect\": could not find dataconnect.yaml in `c:\\Users\\DELL\\employee-manager\\dataconnect`\n"}}
[debug] [2025-05-08T06:49:15.569Z] E0508 12:19:15.568887   22852 load.go:23] Could not load config from "c:\\Users\\DELL\\employee-manager\\dataconnect": could not find dataconnect.yaml in `c:\Users\DELL\employee-manager\dataconnect`
 {"metadata":{"emulator":{"name":"dataconnect"},"message":"E0508 12:19:15.568887   22852 load.go:23] Could not load config from \"c:\\\\Users\\\\DELL\\\\employee-manager\\\\dataconnect\": could not find dataconnect.yaml in `c:\\Users\\DELL\\employee-manager\\dataconnect`\n"}}
[debug] [2025-05-08T06:49:25.556Z] E0508 12:19:25.556790   22852 load.go:23] Could not load config from "c:\\Users\\DELL\\employee-manager\\dataconnect": could not find dataconnect.yaml in `c:\Users\DELL\employee-manager\dataconnect`
 {"metadata":{"emulator":{"name":"dataconnect"},"message":"E0508 12:19:25.556790   22852 load.go:23] Could not load config from \"c:\\\\Users\\\\DELL\\\\employee-manager\\\\dataconnect\": could not find dataconnect.yaml in `c:\\Users\\DELL\\employee-manager\\dataconnect`\n"}}
[debug] [2025-05-08T06:49:35.567Z] E0508 12:19:35.567851   22852 load.go:23] Could not load config from "c:\\Users\\DELL\\employee-manager\\dataconnect": could not find dataconnect.yaml in `c:\Users\DELL\employee-manager\dataconnect`
 {"metadata":{"emulator":{"name":"dataconnect"},"message":"E0508 12:19:35.567851   22852 load.go:23] Could not load config from \"c:\\\\Users\\\\DELL\\\\employee-manager\\\\dataconnect\": could not find dataconnect.yaml in `c:\\Users\\DELL\\employee-manager\\dataconnect`\n"}}
[debug] [2025-05-08T06:49:45.559Z] E0508 12:19:45.560300   22852 load.go:23] Could not load config from "c:\\Users\\DELL\\employee-manager\\dataconnect": could not find dataconnect.yaml in `c:\Users\DELL\employee-manager\dataconnect`
 {"metadata":{"emulator":{"name":"dataconnect"},"message":"E0508 12:19:45.560300   22852 load.go:23] Could not load config from \"c:\\\\Users\\\\DELL\\\\employee-manager\\\\dataconnect\": could not find dataconnect.yaml in `c:\\Users\\DELL\\employee-manager\\dataconnect`\n"}}
[debug] [2025-05-08T06:49:55.566Z] E0508 12:19:55.566972   22852 load.go:23] Could not load config from "c:\\Users\\DELL\\employee-manager\\dataconnect": could not find dataconnect.yaml in `c:\Users\DELL\employee-manager\dataconnect`
 {"metadata":{"emulator":{"name":"dataconnect"},"message":"E0508 12:19:55.566972   22852 load.go:23] Could not load config from \"c:\\\\Users\\\\DELL\\\\employee-manager\\\\dataconnect\": could not find dataconnect.yaml in `c:\\Users\\DELL\\employee-manager\\dataconnect`\n"}}
[debug] [2025-05-08T06:50:05.564Z] E0508 12:20:05.565025   22852 load.go:23] Could not load config from "c:\\Users\\DELL\\employee-manager\\dataconnect": could not find dataconnect.yaml in `c:\Users\DELL\employee-manager\dataconnect`
 {"metadata":{"emulator":{"name":"dataconnect"},"message":"E0508 12:20:05.565025   22852 load.go:23] Could not load config from \"c:\\\\Users\\\\DELL\\\\employee-manager\\\\dataconnect\": could not find dataconnect.yaml in `c:\\Users\\DELL\\employee-manager\\dataconnect`\n"}}
[debug] [2025-05-08T06:50:05.566Z] E0508 12:20:05.565690   22852 watch.go:76] watchAllDir unable to walk dir `c:\Users\DELL\employee-manager\dataconnect`: on path "c:\\Users\\DELL\\employee-manager\\dataconnect" (DirEntry: <nil>): CreateFile c:\Users\DELL\employee-manager\dataconnect: The system cannot find the file specified.
 {"metadata":{"emulator":{"name":"dataconnect"},"message":"E0508 12:20:05.565690   22852 watch.go:76] watchAllDir unable to walk dir `c:\\Users\\DELL\\employee-manager\\dataconnect`: on path \"c:\\\\Users\\\\DELL\\\\employee-manager\\\\dataconnect\" (DirEntry: <nil>): CreateFile c:\\Users\\DELL\\employee-manager\\dataconnect: The system cannot find the file specified.\n"}}
[debug] [2025-05-08T06:50:15.559Z] E0508 12:20:15.559696   22852 load.go:23] Could not load config from "c:\\Users\\DELL\\employee-manager\\dataconnect": could not find dataconnect.yaml in `c:\Users\DELL\employee-manager\dataconnect`
 {"metadata":{"emulator":{"name":"dataconnect"},"message":"E0508 12:20:15.559696   22852 load.go:23] Could not load config from \"c:\\\\Users\\\\DELL\\\\employee-manager\\\\dataconnect\": could not find dataconnect.yaml in `c:\\Users\\DELL\\employee-manager\\dataconnect`\n"}}
[debug] [2025-05-08T06:50:25.557Z] E0508 12:20:25.558056   22852 load.go:23] Could not load config from "c:\\Users\\DELL\\employee-manager\\dataconnect": could not find dataconnect.yaml in `c:\Users\DELL\employee-manager\dataconnect`
 {"metadata":{"emulator":{"name":"dataconnect"},"message":"E0508 12:20:25.558056   22852 load.go:23] Could not load config from \"c:\\\\Users\\\\DELL\\\\employee-manager\\\\dataconnect\": could not find dataconnect.yaml in `c:\\Users\\DELL\\employee-manager\\dataconnect`\n"}}
[debug] [2025-05-08T06:50:35.565Z] E0508 12:20:35.565523   22852 load.go:23] Could not load config from "c:\\Users\\DELL\\employee-manager\\dataconnect": could not find dataconnect.yaml in `c:\Users\DELL\employee-manager\dataconnect`
 {"metadata":{"emulator":{"name":"dataconnect"},"message":"E0508 12:20:35.565523   22852 load.go:23] Could not load config from \"c:\\\\Users\\\\DELL\\\\employee-manager\\\\dataconnect\": could not find dataconnect.yaml in `c:\\Users\\DELL\\employee-manager\\dataconnect`\n"}}
[debug] [2025-05-08T06:50:45.558Z] E0508 12:20:45.558621   22852 load.go:23] Could not load config from "c:\\Users\\DELL\\employee-manager\\dataconnect": could not find dataconnect.yaml in `c:\Users\DELL\employee-manager\dataconnect`
 {"metadata":{"emulator":{"name":"dataconnect"},"message":"E0508 12:20:45.558621   22852 load.go:23] Could not load config from \"c:\\\\Users\\\\DELL\\\\employee-manager\\\\dataconnect\": could not find dataconnect.yaml in `c:\\Users\\DELL\\employee-manager\\dataconnect`\n"}}
[debug] [2025-05-08T06:50:55.555Z] E0508 12:20:55.556258   22852 load.go:23] Could not load config from "c:\\Users\\DELL\\employee-manager\\dataconnect": could not find dataconnect.yaml in `c:\Users\DELL\employee-manager\dataconnect`
 {"metadata":{"emulator":{"name":"dataconnect"},"message":"E0508 12:20:55.556258   22852 load.go:23] Could not load config from \"c:\\\\Users\\\\DELL\\\\employee-manager\\\\dataconnect\": could not find dataconnect.yaml in `c:\\Users\\DELL\\employee-manager\\dataconnect`\n"}}
[debug] [2025-05-08T06:51:05.567Z] E0508 12:21:05.567989   22852 load.go:23] Could not load config from "c:\\Users\\DELL\\employee-manager\\dataconnect": could not find dataconnect.yaml in `c:\Users\DELL\employee-manager\dataconnect`
 {"metadata":{"emulator":{"name":"dataconnect"},"message":"E0508 12:21:05.567989   22852 load.go:23] Could not load config from \"c:\\\\Users\\\\DELL\\\\employee-manager\\\\dataconnect\": could not find dataconnect.yaml in `c:\\Users\\DELL\\employee-manager\\dataconnect`\n"}}
[debug] [2025-05-08T06:51:15.559Z] E0508 12:21:15.559249   22852 load.go:23] Could not load config from "c:\\Users\\DELL\\employee-manager\\dataconnect": could not find dataconnect.yaml in `c:\Users\DELL\employee-manager\dataconnect`
 {"metadata":{"emulator":{"name":"dataconnect"},"message":"E0508 12:21:15.559249   22852 load.go:23] Could not load config from \"c:\\\\Users\\\\DELL\\\\employee-manager\\\\dataconnect\": could not find dataconnect.yaml in `c:\\Users\\DELL\\employee-manager\\dataconnect`\n"}}
[debug] [2025-05-08T06:51:25.567Z] E0508 12:21:25.567058   22852 load.go:23] Could not load config from "c:\\Users\\DELL\\employee-manager\\dataconnect": could not find dataconnect.yaml in `c:\Users\DELL\employee-manager\dataconnect`
 {"metadata":{"emulator":{"name":"dataconnect"},"message":"E0508 12:21:25.567058   22852 load.go:23] Could not load config from \"c:\\\\Users\\\\DELL\\\\employee-manager\\\\dataconnect\": could not find dataconnect.yaml in `c:\\Users\\DELL\\employee-manager\\dataconnect`\n"}}
[debug] [2025-05-08T06:51:35.569Z] E0508 12:21:35.568886   22852 load.go:23] Could not load config from "c:\\Users\\DELL\\employee-manager\\dataconnect": could not find dataconnect.yaml in `c:\Users\DELL\employee-manager\dataconnect`
 {"metadata":{"emulator":{"name":"dataconnect"},"message":"E0508 12:21:35.568886   22852 load.go:23] Could not load config from \"c:\\\\Users\\\\DELL\\\\employee-manager\\\\dataconnect\": could not find dataconnect.yaml in `c:\\Users\\DELL\\employee-manager\\dataconnect`\n"}}
[debug] [2025-05-08T06:51:45.561Z] E0508 12:21:45.561380   22852 load.go:23] Could not load config from "c:\\Users\\DELL\\employee-manager\\dataconnect": could not find dataconnect.yaml in `c:\Users\DELL\employee-manager\dataconnect`
 {"metadata":{"emulator":{"name":"dataconnect"},"message":"E0508 12:21:45.561380   22852 load.go:23] Could not load config from \"c:\\\\Users\\\\DELL\\\\employee-manager\\\\dataconnect\": could not find dataconnect.yaml in `c:\\Users\\DELL\\employee-manager\\dataconnect`\n"}}
[debug] [2025-05-08T06:51:55.561Z] E0508 12:21:55.560782   22852 load.go:23] Could not load config from "c:\\Users\\DELL\\employee-manager\\dataconnect": could not find dataconnect.yaml in `c:\Users\DELL\employee-manager\dataconnect`
 {"metadata":{"emulator":{"name":"dataconnect"},"message":"E0508 12:21:55.560782   22852 load.go:23] Could not load config from \"c:\\\\Users\\\\DELL\\\\employee-manager\\\\dataconnect\": could not find dataconnect.yaml in `c:\\Users\\DELL\\employee-manager\\dataconnect`\n"}}
[debug] [2025-05-08T06:52:05.569Z] E0508 12:22:05.568728   22852 load.go:23] Could not load config from "c:\\Users\\DELL\\employee-manager\\dataconnect": could not find dataconnect.yaml in `c:\Users\DELL\employee-manager\dataconnect`
 {"metadata":{"emulator":{"name":"dataconnect"},"message":"E0508 12:22:05.568728   22852 load.go:23] Could not load config from \"c:\\\\Users\\\\DELL\\\\employee-manager\\\\dataconnect\": could not find dataconnect.yaml in `c:\\Users\\DELL\\employee-manager\\dataconnect`\n"}}
[debug] [2025-05-08T06:52:05.571Z] E0508 12:22:05.569289   22852 watch.go:76] watchAllDir unable to walk dir `c:\Users\DELL\employee-manager\dataconnect`: on path "c:\\Users\\DELL\\employee-manager\\dataconnect" (DirEntry: <nil>): CreateFile c:\Users\DELL\employee-manager\dataconnect: The system cannot find the file specified.
 {"metadata":{"emulator":{"name":"dataconnect"},"message":"E0508 12:22:05.569289   22852 watch.go:76] watchAllDir unable to walk dir `c:\\Users\\DELL\\employee-manager\\dataconnect`: on path \"c:\\\\Users\\\\DELL\\\\employee-manager\\\\dataconnect\" (DirEntry: <nil>): CreateFile c:\\Users\\DELL\\employee-manager\\dataconnect: The system cannot find the file specified.\n"}}
[debug] [2025-05-08T06:52:15.694Z] E0508 12:22:15.574076   22852 load.go:23] Could not load config from "c:\\Users\\DELL\\employee-manager\\dataconnect": could not find dataconnect.yaml in `c:\Users\DELL\employee-manager\dataconnect`
 {"metadata":{"emulator":{"name":"dataconnect"},"message":"E0508 12:22:15.574076   22852 load.go:23] Could not load config from \"c:\\\\Users\\\\DELL\\\\employee-manager\\\\dataconnect\": could not find dataconnect.yaml in `c:\\Users\\DELL\\employee-manager\\dataconnect`\n"}}
[debug] [2025-05-08T06:52:25.563Z] E0508 12:22:25.563248   22852 load.go:23] Could not load config from "c:\\Users\\DELL\\employee-manager\\dataconnect": could not find dataconnect.yaml in `c:\Users\DELL\employee-manager\dataconnect`
 {"metadata":{"emulator":{"name":"dataconnect"},"message":"E0508 12:22:25.563248   22852 load.go:23] Could not load config from \"c:\\\\Users\\\\DELL\\\\employee-manager\\\\dataconnect\": could not find dataconnect.yaml in `c:\\Users\\DELL\\employee-manager\\dataconnect`\n"}}
[debug] [2025-05-08T06:52:35.558Z] E0508 12:22:35.559157   22852 load.go:23] Could not load config from "c:\\Users\\DELL\\employee-manager\\dataconnect": could not find dataconnect.yaml in `c:\Users\DELL\employee-manager\dataconnect`
 {"metadata":{"emulator":{"name":"dataconnect"},"message":"E0508 12:22:35.559157   22852 load.go:23] Could not load config from \"c:\\\\Users\\\\DELL\\\\employee-manager\\\\dataconnect\": could not find dataconnect.yaml in `c:\\Users\\DELL\\employee-manager\\dataconnect`\n"}}
[debug] [2025-05-08T06:52:45.558Z] E0508 12:22:45.559318   22852 load.go:23] Could not load config from "c:\\Users\\DELL\\employee-manager\\dataconnect": could not find dataconnect.yaml in `c:\Users\DELL\employee-manager\dataconnect`
 {"metadata":{"emulator":{"name":"dataconnect"},"message":"E0508 12:22:45.559318   22852 load.go:23] Could not load config from \"c:\\\\Users\\\\DELL\\\\employee-manager\\\\dataconnect\": could not find dataconnect.yaml in `c:\\Users\\DELL\\employee-manager\\dataconnect`\n"}}
[debug] [2025-05-08T06:52:55.570Z] E0508 12:22:55.570667   22852 load.go:23] Could not load config from "c:\\Users\\DELL\\employee-manager\\dataconnect": could not find dataconnect.yaml in `c:\Users\DELL\employee-manager\dataconnect`
 {"metadata":{"emulator":{"name":"dataconnect"},"message":"E0508 12:22:55.570667   22852 load.go:23] Could not load config from \"c:\\\\Users\\\\DELL\\\\employee-manager\\\\dataconnect\": could not find dataconnect.yaml in `c:\\Users\\DELL\\employee-manager\\dataconnect`\n"}}
[debug] [2025-05-08T06:53:05.562Z] E0508 12:23:05.563325   22852 load.go:23] Could not load config from "c:\\Users\\DELL\\employee-manager\\dataconnect": could not find dataconnect.yaml in `c:\Users\DELL\employee-manager\dataconnect`
 {"metadata":{"emulator":{"name":"dataconnect"},"message":"E0508 12:23:05.563325   22852 load.go:23] Could not load config from \"c:\\\\Users\\\\DELL\\\\employee-manager\\\\dataconnect\": could not find dataconnect.yaml in `c:\\Users\\DELL\\employee-manager\\dataconnect`\n"}}
[debug] [2025-05-08T06:53:15.557Z] E0508 12:23:15.557905   22852 load.go:23] Could not load config from "c:\\Users\\DELL\\employee-manager\\dataconnect": could not find dataconnect.yaml in `c:\Users\DELL\employee-manager\dataconnect`
 {"metadata":{"emulator":{"name":"dataconnect"},"message":"E0508 12:23:15.557905   22852 load.go:23] Could not load config from \"c:\\\\Users\\\\DELL\\\\employee-manager\\\\dataconnect\": could not find dataconnect.yaml in `c:\\Users\\DELL\\employee-manager\\dataconnect`\n"}}
[debug] [2025-05-08T06:53:25.565Z] E0508 12:23:25.566285   22852 load.go:23] Could not load config from "c:\\Users\\DELL\\employee-manager\\dataconnect": could not find dataconnect.yaml in `c:\Users\DELL\employee-manager\dataconnect`
 {"metadata":{"emulator":{"name":"dataconnect"},"message":"E0508 12:23:25.566285   22852 load.go:23] Could not load config from \"c:\\\\Users\\\\DELL\\\\employee-manager\\\\dataconnect\": could not find dataconnect.yaml in `c:\\Users\\DELL\\employee-manager\\dataconnect`\n"}}
[debug] [2025-05-08T06:53:35.558Z] E0508 12:23:35.558057   22852 load.go:23] Could not load config from "c:\\Users\\DELL\\employee-manager\\dataconnect": could not find dataconnect.yaml in `c:\Users\DELL\employee-manager\dataconnect`
 {"metadata":{"emulator":{"name":"dataconnect"},"message":"E0508 12:23:35.558057   22852 load.go:23] Could not load config from \"c:\\\\Users\\\\DELL\\\\employee-manager\\\\dataconnect\": could not find dataconnect.yaml in `c:\\Users\\DELL\\employee-manager\\dataconnect`\n"}}
[debug] [2025-05-08T06:53:45.556Z] E0508 12:23:45.556113   22852 load.go:23] Could not load config from "c:\\Users\\DELL\\employee-manager\\dataconnect": could not find dataconnect.yaml in `c:\Users\DELL\employee-manager\dataconnect`
 {"metadata":{"emulator":{"name":"dataconnect"},"message":"E0508 12:23:45.556113   22852 load.go:23] Could not load config from \"c:\\\\Users\\\\DELL\\\\employee-manager\\\\dataconnect\": could not find dataconnect.yaml in `c:\\Users\\DELL\\employee-manager\\dataconnect`\n"}}
[debug] [2025-05-08T06:53:55.569Z] E0508 12:23:55.569026   22852 load.go:23] Could not load config from "c:\\Users\\DELL\\employee-manager\\dataconnect": could not find dataconnect.yaml in `c:\Users\DELL\employee-manager\dataconnect`
 {"metadata":{"emulator":{"name":"dataconnect"},"message":"E0508 12:23:55.569026   22852 load.go:23] Could not load config from \"c:\\\\Users\\\\DELL\\\\employee-manager\\\\dataconnect\": could not find dataconnect.yaml in `c:\\Users\\DELL\\employee-manager\\dataconnect`\n"}}
[debug] [2025-05-08T06:54:05.569Z] E0508 12:24:05.569218   22852 load.go:23] Could not load config from "c:\\Users\\DELL\\employee-manager\\dataconnect": could not find dataconnect.yaml in `c:\Users\DELL\employee-manager\dataconnect`
 {"metadata":{"emulator":{"name":"dataconnect"},"message":"E0508 12:24:05.569218   22852 load.go:23] Could not load config from \"c:\\\\Users\\\\DELL\\\\employee-manager\\\\dataconnect\": could not find dataconnect.yaml in `c:\\Users\\DELL\\employee-manager\\dataconnect`\n"}}
[debug] [2025-05-08T06:54:05.570Z] E0508 12:24:05.569218   22852 watch.go:76] watchAllDir unable to walk dir `c:\Users\DELL\employee-manager\dataconnect`: on path "c:\\Users\\DELL\\employee-manager\\dataconnect" (DirEntry: <nil>): CreateFile c:\Users\DELL\employee-manager\dataconnect: The system cannot find the file specified.
 {"metadata":{"emulator":{"name":"dataconnect"},"message":"E0508 12:24:05.569218   22852 watch.go:76] watchAllDir unable to walk dir `c:\\Users\\DELL\\employee-manager\\dataconnect`: on path \"c:\\\\Users\\\\DELL\\\\employee-manager\\\\dataconnect\" (DirEntry: <nil>): CreateFile c:\\Users\\DELL\\employee-manager\\dataconnect: The system cannot find the file specified.\n"}}
[debug] [2025-05-08T06:54:15.560Z] E0508 12:24:15.560083   22852 load.go:23] Could not load config from "c:\\Users\\DELL\\employee-manager\\dataconnect": could not find dataconnect.yaml in `c:\Users\DELL\employee-manager\dataconnect`
 {"metadata":{"emulator":{"name":"dataconnect"},"message":"E0508 12:24:15.560083   22852 load.go:23] Could not load config from \"c:\\\\Users\\\\DELL\\\\employee-manager\\\\dataconnect\": could not find dataconnect.yaml in `c:\\Users\\DELL\\employee-manager\\dataconnect`\n"}}
[debug] [2025-05-08T06:54:25.562Z] E0508 12:24:25.562156   22852 load.go:23] Could not load config from "c:\\Users\\DELL\\employee-manager\\dataconnect": could not find dataconnect.yaml in `c:\Users\DELL\employee-manager\dataconnect`
 {"metadata":{"emulator":{"name":"dataconnect"},"message":"E0508 12:24:25.562156   22852 load.go:23] Could not load config from \"c:\\\\Users\\\\DELL\\\\employee-manager\\\\dataconnect\": could not find dataconnect.yaml in `c:\\Users\\DELL\\employee-manager\\dataconnect`\n"}}
[debug] [2025-05-08T06:54:35.557Z] E0508 12:24:35.557658   22852 load.go:23] Could not load config from "c:\\Users\\DELL\\employee-manager\\dataconnect": could not find dataconnect.yaml in `c:\Users\DELL\employee-manager\dataconnect`
 {"metadata":{"emulator":{"name":"dataconnect"},"message":"E0508 12:24:35.557658   22852 load.go:23] Could not load config from \"c:\\\\Users\\\\DELL\\\\employee-manager\\\\dataconnect\": could not find dataconnect.yaml in `c:\\Users\\DELL\\employee-manager\\dataconnect`\n"}}
[debug] [2025-05-08T06:54:45.569Z] E0508 12:24:45.570758   22852 load.go:23] Could not load config from "c:\\Users\\DELL\\employee-manager\\dataconnect": could not find dataconnect.yaml in `c:\Users\DELL\employee-manager\dataconnect`
 {"metadata":{"emulator":{"name":"dataconnect"},"message":"E0508 12:24:45.570758   22852 load.go:23] Could not load config from \"c:\\\\Users\\\\DELL\\\\employee-manager\\\\dataconnect\": could not find dataconnect.yaml in `c:\\Users\\DELL\\employee-manager\\dataconnect`\n"}}
[debug] [2025-05-08T06:54:55.566Z] E0508 12:24:55.567364   22852 load.go:23] Could not load config from "c:\\Users\\DELL\\employee-manager\\dataconnect": could not find dataconnect.yaml in `c:\Users\DELL\employee-manager\dataconnect`
 {"metadata":{"emulator":{"name":"dataconnect"},"message":"E0508 12:24:55.567364   22852 load.go:23] Could not load config from \"c:\\\\Users\\\\DELL\\\\employee-manager\\\\dataconnect\": could not find dataconnect.yaml in `c:\\Users\\DELL\\employee-manager\\dataconnect`\n"}}
[debug] [2025-05-08T06:55:05.569Z] E0508 12:25:05.570721   22852 load.go:23] Could not load config from "c:\\Users\\DELL\\employee-manager\\dataconnect": could not find dataconnect.yaml in `c:\Users\DELL\employee-manager\dataconnect`
 {"metadata":{"emulator":{"name":"dataconnect"},"message":"E0508 12:25:05.570721   22852 load.go:23] Could not load config from \"c:\\\\Users\\\\DELL\\\\employee-manager\\\\dataconnect\": could not find dataconnect.yaml in `c:\\Users\\DELL\\employee-manager\\dataconnect`\n"}}
[debug] [2025-05-08T06:55:15.561Z] E0508 12:25:15.562571   22852 load.go:23] Could not load config from "c:\\Users\\DELL\\employee-manager\\dataconnect": could not find dataconnect.yaml in `c:\Users\DELL\employee-manager\dataconnect`
 {"metadata":{"emulator":{"name":"dataconnect"},"message":"E0508 12:25:15.562571   22852 load.go:23] Could not load config from \"c:\\\\Users\\\\DELL\\\\employee-manager\\\\dataconnect\": could not find dataconnect.yaml in `c:\\Users\\DELL\\employee-manager\\dataconnect`\n"}}
[debug] [2025-05-08T06:55:25.558Z] E0508 12:25:25.559908   22852 load.go:23] Could not load config from "c:\\Users\\DELL\\employee-manager\\dataconnect": could not find dataconnect.yaml in `c:\Users\DELL\employee-manager\dataconnect`
 {"metadata":{"emulator":{"name":"dataconnect"},"message":"E0508 12:25:25.559908   22852 load.go:23] Could not load config from \"c:\\\\Users\\\\DELL\\\\employee-manager\\\\dataconnect\": could not find dataconnect.yaml in `c:\\Users\\DELL\\employee-manager\\dataconnect`\n"}}
[debug] [2025-05-08T06:55:35.566Z] E0508 12:25:35.566675   22852 load.go:23] Could not load config from "c:\\Users\\DELL\\employee-manager\\dataconnect": could not find dataconnect.yaml in `c:\Users\DELL\employee-manager\dataconnect`
 {"metadata":{"emulator":{"name":"dataconnect"},"message":"E0508 12:25:35.566675   22852 load.go:23] Could not load config from \"c:\\\\Users\\\\DELL\\\\employee-manager\\\\dataconnect\": could not find dataconnect.yaml in `c:\\Users\\DELL\\employee-manager\\dataconnect`\n"}}
[debug] [2025-05-08T06:55:45.571Z] E0508 12:25:45.571390   22852 load.go:23] Could not load config from "c:\\Users\\DELL\\employee-manager\\dataconnect": could not find dataconnect.yaml in `c:\Users\DELL\employee-manager\dataconnect`
 {"metadata":{"emulator":{"name":"dataconnect"},"message":"E0508 12:25:45.571390   22852 load.go:23] Could not load config from \"c:\\\\Users\\\\DELL\\\\employee-manager\\\\dataconnect\": could not find dataconnect.yaml in `c:\\Users\\DELL\\employee-manager\\dataconnect`\n"}}
[debug] [2025-05-08T06:55:55.565Z] E0508 12:25:55.564731   22852 load.go:23] Could not load config from "c:\\Users\\DELL\\employee-manager\\dataconnect": could not find dataconnect.yaml in `c:\Users\DELL\employee-manager\dataconnect`
 {"metadata":{"emulator":{"name":"dataconnect"},"message":"E0508 12:25:55.564731   22852 load.go:23] Could not load config from \"c:\\\\Users\\\\DELL\\\\employee-manager\\\\dataconnect\": could not find dataconnect.yaml in `c:\\Users\\DELL\\employee-manager\\dataconnect`\n"}}
[debug] [2025-05-08T06:56:05.678Z] E0508 12:26:05.677276   22852 load.go:23] Could not load config from "c:\\Users\\DELL\\employee-manager\\dataconnect": could not find dataconnect.yaml in `c:\Users\DELL\employee-manager\dataconnect`
E0508 12:26:05.677276   22852 watch.go:76] watchAllDir unable to walk dir `c:\Users\DELL\employee-manager\dataconnect`: on path "c:\\Users\\DELL\\employee-manager\\dataconnect" (DirEntry: <nil>): CreateFile c:\Users\DELL\employee-manager\dataconnect: The system cannot find the file specified.
 {"metadata":{"emulator":{"name":"dataconnect"},"message":"E0508 12:26:05.677276   22852 load.go:23] Could not load config from \"c:\\\\Users\\\\DELL\\\\employee-manager\\\\dataconnect\": could not find dataconnect.yaml in `c:\\Users\\DELL\\employee-manager\\dataconnect`\nE0508 12:26:05.677276   22852 watch.go:76] watchAllDir unable to walk dir `c:\\Users\\DELL\\employee-manager\\dataconnect`: on path \"c:\\\\Users\\\\DELL\\\\employee-manager\\\\dataconnect\" (DirEntry: <nil>): CreateFile c:\\Users\\DELL\\employee-manager\\dataconnect: The system cannot find the file specified.\n"}}
[debug] [2025-05-08T06:56:15.565Z] E0508 12:26:15.565258   22852 load.go:23] Could not load config from "c:\\Users\\DELL\\employee-manager\\dataconnect": could not find dataconnect.yaml in `c:\Users\DELL\employee-manager\dataconnect`
 {"metadata":{"emulator":{"name":"dataconnect"},"message":"E0508 12:26:15.565258   22852 load.go:23] Could not load config from \"c:\\\\Users\\\\DELL\\\\employee-manager\\\\dataconnect\": could not find dataconnect.yaml in `c:\\Users\\DELL\\employee-manager\\dataconnect`\n"}}
[debug] [2025-05-08T06:56:25.557Z] E0508 12:26:25.556793   22852 load.go:23] Could not load config from "c:\\Users\\DELL\\employee-manager\\dataconnect": could not find dataconnect.yaml in `c:\Users\DELL\employee-manager\dataconnect`
 {"metadata":{"emulator":{"name":"dataconnect"},"message":"E0508 12:26:25.556793   22852 load.go:23] Could not load config from \"c:\\\\Users\\\\DELL\\\\employee-manager\\\\dataconnect\": could not find dataconnect.yaml in `c:\\Users\\DELL\\employee-manager\\dataconnect`\n"}}
[debug] [2025-05-08T06:56:35.563Z] E0508 12:26:35.563670   22852 load.go:23] Could not load config from "c:\\Users\\DELL\\employee-manager\\dataconnect": could not find dataconnect.yaml in `c:\Users\DELL\employee-manager\dataconnect`
 {"metadata":{"emulator":{"name":"dataconnect"},"message":"E0508 12:26:35.563670   22852 load.go:23] Could not load config from \"c:\\\\Users\\\\DELL\\\\employee-manager\\\\dataconnect\": could not find dataconnect.yaml in `c:\\Users\\DELL\\employee-manager\\dataconnect`\n"}}
[debug] [2025-05-08T06:56:45.559Z] E0508 12:26:45.558971   22852 load.go:23] Could not load config from "c:\\Users\\DELL\\employee-manager\\dataconnect": could not find dataconnect.yaml in `c:\Users\DELL\employee-manager\dataconnect`
 {"metadata":{"emulator":{"name":"dataconnect"},"message":"E0508 12:26:45.558971   22852 load.go:23] Could not load config from \"c:\\\\Users\\\\DELL\\\\employee-manager\\\\dataconnect\": could not find dataconnect.yaml in `c:\\Users\\DELL\\employee-manager\\dataconnect`\n"}}
[debug] [2025-05-08T06:56:55.568Z] E0508 12:26:55.568435   22852 load.go:23] Could not load config from "c:\\Users\\DELL\\employee-manager\\dataconnect": could not find dataconnect.yaml in `c:\Users\DELL\employee-manager\dataconnect`
 {"metadata":{"emulator":{"name":"dataconnect"},"message":"E0508 12:26:55.568435   22852 load.go:23] Could not load config from \"c:\\\\Users\\\\DELL\\\\employee-manager\\\\dataconnect\": could not find dataconnect.yaml in `c:\\Users\\DELL\\employee-manager\\dataconnect`\n"}}
[debug] [2025-05-08T06:57:05.565Z] E0508 12:27:05.564379   22852 load.go:23] Could not load config from "c:\\Users\\DELL\\employee-manager\\dataconnect": could not find dataconnect.yaml in `c:\Users\DELL\employee-manager\dataconnect`
 {"metadata":{"emulator":{"name":"dataconnect"},"message":"E0508 12:27:05.564379   22852 load.go:23] Could not load config from \"c:\\\\Users\\\\DELL\\\\employee-manager\\\\dataconnect\": could not find dataconnect.yaml in `c:\\Users\\DELL\\employee-manager\\dataconnect`\n"}}
[debug] [2025-05-08T06:57:15.563Z] E0508 12:27:15.562749   22852 load.go:23] Could not load config from "c:\\Users\\DELL\\employee-manager\\dataconnect": could not find dataconnect.yaml in `c:\Users\DELL\employee-manager\dataconnect`
 {"metadata":{"emulator":{"name":"dataconnect"},"message":"E0508 12:27:15.562749   22852 load.go:23] Could not load config from \"c:\\\\Users\\\\DELL\\\\employee-manager\\\\dataconnect\": could not find dataconnect.yaml in `c:\\Users\\DELL\\employee-manager\\dataconnect`\n"}}
[debug] [2025-05-08T06:57:25.569Z] E0508 12:27:25.569201   22852 load.go:23] Could not load config from "c:\\Users\\DELL\\employee-manager\\dataconnect": could not find dataconnect.yaml in `c:\Users\DELL\employee-manager\dataconnect`
 {"metadata":{"emulator":{"name":"dataconnect"},"message":"E0508 12:27:25.569201   22852 load.go:23] Could not load config from \"c:\\\\Users\\\\DELL\\\\employee-manager\\\\dataconnect\": could not find dataconnect.yaml in `c:\\Users\\DELL\\employee-manager\\dataconnect`\n"}}
[debug] [2025-05-08T06:57:35.572Z] E0508 12:27:35.571813   22852 load.go:23] Could not load config from "c:\\Users\\DELL\\employee-manager\\dataconnect": could not find dataconnect.yaml in `c:\Users\DELL\employee-manager\dataconnect`
 {"metadata":{"emulator":{"name":"dataconnect"},"message":"E0508 12:27:35.571813   22852 load.go:23] Could not load config from \"c:\\\\Users\\\\DELL\\\\employee-manager\\\\dataconnect\": could not find dataconnect.yaml in `c:\\Users\\DELL\\employee-manager\\dataconnect`\n"}}
[debug] [2025-05-08T06:57:45.559Z] E0508 12:27:45.558884   22852 load.go:23] Could not load config from "c:\\Users\\DELL\\employee-manager\\dataconnect": could not find dataconnect.yaml in `c:\Users\DELL\employee-manager\dataconnect`
 {"metadata":{"emulator":{"name":"dataconnect"},"message":"E0508 12:27:45.558884   22852 load.go:23] Could not load config from \"c:\\\\Users\\\\DELL\\\\employee-manager\\\\dataconnect\": could not find dataconnect.yaml in `c:\\Users\\DELL\\employee-manager\\dataconnect`\n"}}
[debug] [2025-05-08T06:57:55.557Z] E0508 12:27:55.556956   22852 load.go:23] Could not load config from "c:\\Users\\DELL\\employee-manager\\dataconnect": could not find dataconnect.yaml in `c:\Users\DELL\employee-manager\dataconnect`
 {"metadata":{"emulator":{"name":"dataconnect"},"message":"E0508 12:27:55.556956   22852 load.go:23] Could not load config from \"c:\\\\Users\\\\DELL\\\\employee-manager\\\\dataconnect\": could not find dataconnect.yaml in `c:\\Users\\DELL\\employee-manager\\dataconnect`\n"}}
[debug] [2025-05-08T06:58:05.558Z] E0508 12:28:05.558500   22852 load.go:23] Could not load config from "c:\\Users\\DELL\\employee-manager\\dataconnect": could not find dataconnect.yaml in `c:\Users\DELL\employee-manager\dataconnect`
 {"metadata":{"emulator":{"name":"dataconnect"},"message":"E0508 12:28:05.558500   22852 load.go:23] Could not load config from \"c:\\\\Users\\\\DELL\\\\employee-manager\\\\dataconnect\": could not find dataconnect.yaml in `c:\\Users\\DELL\\employee-manager\\dataconnect`\n"}}
[debug] [2025-05-08T06:58:05.559Z] E0508 12:28:05.558500   22852 watch.go:76] watchAllDir unable to walk dir `c:\Users\DELL\employee-manager\dataconnect`: on path "c:\\Users\\DELL\\employee-manager\\dataconnect" (DirEntry: <nil>): CreateFile c:\Users\DELL\employee-manager\dataconnect: The system cannot find the file specified.
 {"metadata":{"emulator":{"name":"dataconnect"},"message":"E0508 12:28:05.558500   22852 watch.go:76] watchAllDir unable to walk dir `c:\\Users\\DELL\\employee-manager\\dataconnect`: on path \"c:\\\\Users\\\\DELL\\\\employee-manager\\\\dataconnect\" (DirEntry: <nil>): CreateFile c:\\Users\\DELL\\employee-manager\\dataconnect: The system cannot find the file specified.\n"}}
[debug] [2025-05-08T06:58:15.558Z] E0508 12:28:15.558657   22852 load.go:23] Could not load config from "c:\\Users\\DELL\\employee-manager\\dataconnect": could not find dataconnect.yaml in `c:\Users\DELL\employee-manager\dataconnect`
 {"metadata":{"emulator":{"name":"dataconnect"},"message":"E0508 12:28:15.558657   22852 load.go:23] Could not load config from \"c:\\\\Users\\\\DELL\\\\employee-manager\\\\dataconnect\": could not find dataconnect.yaml in `c:\\Users\\DELL\\employee-manager\\dataconnect`\n"}}
[debug] [2025-05-08T06:58:25.576Z] E0508 12:28:25.575675   22852 load.go:23] Could not load config from "c:\\Users\\DELL\\employee-manager\\dataconnect": could not find dataconnect.yaml in `c:\Users\DELL\employee-manager\dataconnect`
 {"metadata":{"emulator":{"name":"dataconnect"},"message":"E0508 12:28:25.575675   22852 load.go:23] Could not load config from \"c:\\\\Users\\\\DELL\\\\employee-manager\\\\dataconnect\": could not find dataconnect.yaml in `c:\\Users\\DELL\\employee-manager\\dataconnect`\n"}}
[debug] [2025-05-08T06:58:35.567Z] E0508 12:28:35.567244   22852 load.go:23] Could not load config from "c:\\Users\\DELL\\employee-manager\\dataconnect": could not find dataconnect.yaml in `c:\Users\DELL\employee-manager\dataconnect`
 {"metadata":{"emulator":{"name":"dataconnect"},"message":"E0508 12:28:35.567244   22852 load.go:23] Could not load config from \"c:\\\\Users\\\\DELL\\\\employee-manager\\\\dataconnect\": could not find dataconnect.yaml in `c:\\Users\\DELL\\employee-manager\\dataconnect`\n"}}
[debug] [2025-05-08T06:58:45.569Z] E0508 12:28:45.568499   22852 load.go:23] Could not load config from "c:\\Users\\DELL\\employee-manager\\dataconnect": could not find dataconnect.yaml in `c:\Users\DELL\employee-manager\dataconnect`
 {"metadata":{"emulator":{"name":"dataconnect"},"message":"E0508 12:28:45.568499   22852 load.go:23] Could not load config from \"c:\\\\Users\\\\DELL\\\\employee-manager\\\\dataconnect\": could not find dataconnect.yaml in `c:\\Users\\DELL\\employee-manager\\dataconnect`\n"}}
[debug] [2025-05-08T06:58:55.562Z] E0508 12:28:55.562312   22852 load.go:23] Could not load config from "c:\\Users\\DELL\\employee-manager\\dataconnect": could not find dataconnect.yaml in `c:\Users\DELL\employee-manager\dataconnect`
 {"metadata":{"emulator":{"name":"dataconnect"},"message":"E0508 12:28:55.562312   22852 load.go:23] Could not load config from \"c:\\\\Users\\\\DELL\\\\employee-manager\\\\dataconnect\": could not find dataconnect.yaml in `c:\\Users\\DELL\\employee-manager\\dataconnect`\n"}}
[debug] [2025-05-08T06:59:05.561Z] E0508 12:29:05.560633   22852 load.go:23] Could not load config from "c:\\Users\\DELL\\employee-manager\\dataconnect": could not find dataconnect.yaml in `c:\Users\DELL\employee-manager\dataconnect`
 {"metadata":{"emulator":{"name":"dataconnect"},"message":"E0508 12:29:05.560633   22852 load.go:23] Could not load config from \"c:\\\\Users\\\\DELL\\\\employee-manager\\\\dataconnect\": could not find dataconnect.yaml in `c:\\Users\\DELL\\employee-manager\\dataconnect`\n"}}
[debug] [2025-05-08T06:59:15.561Z] E0508 12:29:15.560660   22852 load.go:23] Could not load config from "c:\\Users\\DELL\\employee-manager\\dataconnect": could not find dataconnect.yaml in `c:\Users\DELL\employee-manager\dataconnect`
 {"metadata":{"emulator":{"name":"dataconnect"},"message":"E0508 12:29:15.560660   22852 load.go:23] Could not load config from \"c:\\\\Users\\\\DELL\\\\employee-manager\\\\dataconnect\": could not find dataconnect.yaml in `c:\\Users\\DELL\\employee-manager\\dataconnect`\n"}}
[debug] [2025-05-08T06:59:25.560Z] E0508 12:29:25.559507   22852 load.go:23] Could not load config from "c:\\Users\\DELL\\employee-manager\\dataconnect": could not find dataconnect.yaml in `c:\Users\DELL\employee-manager\dataconnect`
 {"metadata":{"emulator":{"name":"dataconnect"},"message":"E0508 12:29:25.559507   22852 load.go:23] Could not load config from \"c:\\\\Users\\\\DELL\\\\employee-manager\\\\dataconnect\": could not find dataconnect.yaml in `c:\\Users\\DELL\\employee-manager\\dataconnect`\n"}}
[debug] [2025-05-08T06:59:35.557Z] E0508 12:29:35.557158   22852 load.go:23] Could not load config from "c:\\Users\\DELL\\employee-manager\\dataconnect": could not find dataconnect.yaml in `c:\Users\DELL\employee-manager\dataconnect`
 {"metadata":{"emulator":{"name":"dataconnect"},"message":"E0508 12:29:35.557158   22852 load.go:23] Could not load config from \"c:\\\\Users\\\\DELL\\\\employee-manager\\\\dataconnect\": could not find dataconnect.yaml in `c:\\Users\\DELL\\employee-manager\\dataconnect`\n"}}
[debug] [2025-05-08T06:59:45.567Z] E0508 12:29:45.566484   22852 load.go:23] Could not load config from "c:\\Users\\DELL\\employee-manager\\dataconnect": could not find dataconnect.yaml in `c:\Users\DELL\employee-manager\dataconnect`
 {"metadata":{"emulator":{"name":"dataconnect"},"message":"E0508 12:29:45.566484   22852 load.go:23] Could not load config from \"c:\\\\Users\\\\DELL\\\\employee-manager\\\\dataconnect\": could not find dataconnect.yaml in `c:\\Users\\DELL\\employee-manager\\dataconnect`\n"}}
[debug] [2025-05-08T06:59:55.561Z] E0508 12:29:55.562439   22852 load.go:23] Could not load config from "c:\\Users\\DELL\\employee-manager\\dataconnect": could not find dataconnect.yaml in `c:\Users\DELL\employee-manager\dataconnect`
 {"metadata":{"emulator":{"name":"dataconnect"},"message":"E0508 12:29:55.562439   22852 load.go:23] Could not load config from \"c:\\\\Users\\\\DELL\\\\employee-manager\\\\dataconnect\": could not find dataconnect.yaml in `c:\\Users\\DELL\\employee-manager\\dataconnect`\n"}}
[debug] [2025-05-08T07:00:05.567Z] E0508 12:30:05.567723   22852 load.go:23] Could not load config from "c:\\Users\\DELL\\employee-manager\\dataconnect": could not find dataconnect.yaml in `c:\Users\DELL\employee-manager\dataconnect`
E0508 12:30:05.567723   22852 watch.go:76] watchAllDir unable to walk dir `c:\Users\DELL\employee-manager\dataconnect`: on path "c:\\Users\\DELL\\employee-manager\\dataconnect" (DirEntry: <nil>): CreateFile c:\Users\DELL\employee-manager\dataconnect: The system cannot find the file specified.
 {"metadata":{"emulator":{"name":"dataconnect"},"message":"E0508 12:30:05.567723   22852 load.go:23] Could not load config from \"c:\\\\Users\\\\DELL\\\\employee-manager\\\\dataconnect\": could not find dataconnect.yaml in `c:\\Users\\DELL\\employee-manager\\dataconnect`\nE0508 12:30:05.567723   22852 watch.go:76] watchAllDir unable to walk dir `c:\\Users\\DELL\\employee-manager\\dataconnect`: on path \"c:\\\\Users\\\\DELL\\\\employee-manager\\\\dataconnect\" (DirEntry: <nil>): CreateFile c:\\Users\\DELL\\employee-manager\\dataconnect: The system cannot find the file specified.\n"}}
[debug] [2025-05-08T07:00:15.556Z] E0508 12:30:15.556730   22852 load.go:23] Could not load config from "c:\\Users\\DELL\\employee-manager\\dataconnect": could not find dataconnect.yaml in `c:\Users\DELL\employee-manager\dataconnect`
 {"metadata":{"emulator":{"name":"dataconnect"},"message":"E0508 12:30:15.556730   22852 load.go:23] Could not load config from \"c:\\\\Users\\\\DELL\\\\employee-manager\\\\dataconnect\": could not find dataconnect.yaml in `c:\\Users\\DELL\\employee-manager\\dataconnect`\n"}}
[debug] [2025-05-08T07:00:25.569Z] E0508 12:30:25.570507   22852 load.go:23] Could not load config from "c:\\Users\\DELL\\employee-manager\\dataconnect": could not find dataconnect.yaml in `c:\Users\DELL\employee-manager\dataconnect`
 {"metadata":{"emulator":{"name":"dataconnect"},"message":"E0508 12:30:25.570507   22852 load.go:23] Could not load config from \"c:\\\\Users\\\\DELL\\\\employee-manager\\\\dataconnect\": could not find dataconnect.yaml in `c:\\Users\\DELL\\employee-manager\\dataconnect`\n"}}
[debug] [2025-05-08T07:00:35.566Z] E0508 12:30:35.567027   22852 load.go:23] Could not load config from "c:\\Users\\DELL\\employee-manager\\dataconnect": could not find dataconnect.yaml in `c:\Users\DELL\employee-manager\dataconnect`
 {"metadata":{"emulator":{"name":"dataconnect"},"message":"E0508 12:30:35.567027   22852 load.go:23] Could not load config from \"c:\\\\Users\\\\DELL\\\\employee-manager\\\\dataconnect\": could not find dataconnect.yaml in `c:\\Users\\DELL\\employee-manager\\dataconnect`\n"}}
[debug] [2025-05-08T07:00:45.562Z] E0508 12:30:45.563343   22852 load.go:23] Could not load config from "c:\\Users\\DELL\\employee-manager\\dataconnect": could not find dataconnect.yaml in `c:\Users\DELL\employee-manager\dataconnect`
 {"metadata":{"emulator":{"name":"dataconnect"},"message":"E0508 12:30:45.563343   22852 load.go:23] Could not load config from \"c:\\\\Users\\\\DELL\\\\employee-manager\\\\dataconnect\": could not find dataconnect.yaml in `c:\\Users\\DELL\\employee-manager\\dataconnect`\n"}}
[debug] [2025-05-08T07:00:55.556Z] E0508 12:30:55.556522   22852 load.go:23] Could not load config from "c:\\Users\\DELL\\employee-manager\\dataconnect": could not find dataconnect.yaml in `c:\Users\DELL\employee-manager\dataconnect`
 {"metadata":{"emulator":{"name":"dataconnect"},"message":"E0508 12:30:55.556522   22852 load.go:23] Could not load config from \"c:\\\\Users\\\\DELL\\\\employee-manager\\\\dataconnect\": could not find dataconnect.yaml in `c:\\Users\\DELL\\employee-manager\\dataconnect`\n"}}
[debug] [2025-05-08T07:01:05.569Z] E0508 12:31:05.569651   22852 load.go:23] Could not load config from "c:\\Users\\DELL\\employee-manager\\dataconnect": could not find dataconnect.yaml in `c:\Users\DELL\employee-manager\dataconnect`
 {"metadata":{"emulator":{"name":"dataconnect"},"message":"E0508 12:31:05.569651   22852 load.go:23] Could not load config from \"c:\\\\Users\\\\DELL\\\\employee-manager\\\\dataconnect\": could not find dataconnect.yaml in `c:\\Users\\DELL\\employee-manager\\dataconnect`\n"}}
[debug] [2025-05-08T07:01:15.583Z] E0508 12:31:15.557300   22852 load.go:23] Could not load config from "c:\\Users\\DELL\\employee-manager\\dataconnect": could not find dataconnect.yaml in `c:\Users\DELL\employee-manager\dataconnect`
 {"metadata":{"emulator":{"name":"dataconnect"},"message":"E0508 12:31:15.557300   22852 load.go:23] Could not load config from \"c:\\\\Users\\\\DELL\\\\employee-manager\\\\dataconnect\": could not find dataconnect.yaml in `c:\\Users\\DELL\\employee-manager\\dataconnect`\n"}}
[debug] [2025-05-08T07:01:25.569Z] E0508 12:31:25.569757   22852 load.go:23] Could not load config from "c:\\Users\\DELL\\employee-manager\\dataconnect": could not find dataconnect.yaml in `c:\Users\DELL\employee-manager\dataconnect`
 {"metadata":{"emulator":{"name":"dataconnect"},"message":"E0508 12:31:25.569757   22852 load.go:23] Could not load config from \"c:\\\\Users\\\\DELL\\\\employee-manager\\\\dataconnect\": could not find dataconnect.yaml in `c:\\Users\\DELL\\employee-manager\\dataconnect`\n"}}
[debug] [2025-05-08T07:01:35.559Z] E0508 12:31:35.560421   22852 load.go:23] Could not load config from "c:\\Users\\DELL\\employee-manager\\dataconnect": could not find dataconnect.yaml in `c:\Users\DELL\employee-manager\dataconnect`
 {"metadata":{"emulator":{"name":"dataconnect"},"message":"E0508 12:31:35.560421   22852 load.go:23] Could not load config from \"c:\\\\Users\\\\DELL\\\\employee-manager\\\\dataconnect\": could not find dataconnect.yaml in `c:\\Users\\DELL\\employee-manager\\dataconnect`\n"}}
[debug] [2025-05-08T07:01:45.561Z] E0508 12:31:45.562098   22852 load.go:23] Could not load config from "c:\\Users\\DELL\\employee-manager\\dataconnect": could not find dataconnect.yaml in `c:\Users\DELL\employee-manager\dataconnect`
 {"metadata":{"emulator":{"name":"dataconnect"},"message":"E0508 12:31:45.562098   22852 load.go:23] Could not load config from \"c:\\\\Users\\\\DELL\\\\employee-manager\\\\dataconnect\": could not find dataconnect.yaml in `c:\\Users\\DELL\\employee-manager\\dataconnect`\n"}}
[debug] [2025-05-08T07:01:55.569Z] E0508 12:31:55.569817   22852 load.go:23] Could not load config from "c:\\Users\\DELL\\employee-manager\\dataconnect": could not find dataconnect.yaml in `c:\Users\DELL\employee-manager\dataconnect`
 {"metadata":{"emulator":{"name":"dataconnect"},"message":"E0508 12:31:55.569817   22852 load.go:23] Could not load config from \"c:\\\\Users\\\\DELL\\\\employee-manager\\\\dataconnect\": could not find dataconnect.yaml in `c:\\Users\\DELL\\employee-manager\\dataconnect`\n"}}
[debug] [2025-05-08T07:02:05.559Z] E0508 12:32:05.558721   22852 load.go:23] Could not load config from "c:\\Users\\DELL\\employee-manager\\dataconnect": could not find dataconnect.yaml in `c:\Users\DELL\employee-manager\dataconnect`
 {"metadata":{"emulator":{"name":"dataconnect"},"message":"E0508 12:32:05.558721   22852 load.go:23] Could not load config from \"c:\\\\Users\\\\DELL\\\\employee-manager\\\\dataconnect\": could not find dataconnect.yaml in `c:\\Users\\DELL\\employee-manager\\dataconnect`\n"}}
[debug] [2025-05-08T07:02:05.560Z] E0508 12:32:05.559500   22852 watch.go:76] watchAllDir unable to walk dir `c:\Users\DELL\employee-manager\dataconnect`: on path "c:\\Users\\DELL\\employee-manager\\dataconnect" (DirEntry: <nil>): CreateFile c:\Users\DELL\employee-manager\dataconnect: The system cannot find the file specified.
 {"metadata":{"emulator":{"name":"dataconnect"},"message":"E0508 12:32:05.559500   22852 watch.go:76] watchAllDir unable to walk dir `c:\\Users\\DELL\\employee-manager\\dataconnect`: on path \"c:\\\\Users\\\\DELL\\\\employee-manager\\\\dataconnect\" (DirEntry: <nil>): CreateFile c:\\Users\\DELL\\employee-manager\\dataconnect: The system cannot find the file specified.\n"}}
[debug] [2025-05-08T07:02:15.568Z] E0508 12:32:15.566357   22852 load.go:23] Could not load config from "c:\\Users\\DELL\\employee-manager\\dataconnect": could not find dataconnect.yaml in `c:\Users\DELL\employee-manager\dataconnect`
 {"metadata":{"emulator":{"name":"dataconnect"},"message":"E0508 12:32:15.566357   22852 load.go:23] Could not load config from \"c:\\\\Users\\\\DELL\\\\employee-manager\\\\dataconnect\": could not find dataconnect.yaml in `c:\\Users\\DELL\\employee-manager\\dataconnect`\n"}}
[debug] [2025-05-08T07:02:25.564Z] E0508 12:32:25.564220   22852 load.go:23] Could not load config from "c:\\Users\\DELL\\employee-manager\\dataconnect": could not find dataconnect.yaml in `c:\Users\DELL\employee-manager\dataconnect`
 {"metadata":{"emulator":{"name":"dataconnect"},"message":"E0508 12:32:25.564220   22852 load.go:23] Could not load config from \"c:\\\\Users\\\\DELL\\\\employee-manager\\\\dataconnect\": could not find dataconnect.yaml in `c:\\Users\\DELL\\employee-manager\\dataconnect`\n"}}
[debug] [2025-05-08T07:02:35.556Z] E0508 12:32:35.556403   22852 load.go:23] Could not load config from "c:\\Users\\DELL\\employee-manager\\dataconnect": could not find dataconnect.yaml in `c:\Users\DELL\employee-manager\dataconnect`
 {"metadata":{"emulator":{"name":"dataconnect"},"message":"E0508 12:32:35.556403   22852 load.go:23] Could not load config from \"c:\\\\Users\\\\DELL\\\\employee-manager\\\\dataconnect\": could not find dataconnect.yaml in `c:\\Users\\DELL\\employee-manager\\dataconnect`\n"}}
[debug] [2025-05-08T07:02:45.566Z] E0508 12:32:45.566445   22852 load.go:23] Could not load config from "c:\\Users\\DELL\\employee-manager\\dataconnect": could not find dataconnect.yaml in `c:\Users\DELL\employee-manager\dataconnect`
 {"metadata":{"emulator":{"name":"dataconnect"},"message":"E0508 12:32:45.566445   22852 load.go:23] Could not load config from \"c:\\\\Users\\\\DELL\\\\employee-manager\\\\dataconnect\": could not find dataconnect.yaml in `c:\\Users\\DELL\\employee-manager\\dataconnect`\n"}}
[debug] [2025-05-08T07:02:55.563Z] E0508 12:32:55.562750   22852 load.go:23] Could not load config from "c:\\Users\\DELL\\employee-manager\\dataconnect": could not find dataconnect.yaml in `c:\Users\DELL\employee-manager\dataconnect`
 {"metadata":{"emulator":{"name":"dataconnect"},"message":"E0508 12:32:55.562750   22852 load.go:23] Could not load config from \"c:\\\\Users\\\\DELL\\\\employee-manager\\\\dataconnect\": could not find dataconnect.yaml in `c:\\Users\\DELL\\employee-manager\\dataconnect`\n"}}
[debug] [2025-05-08T07:03:05.569Z] E0508 12:33:05.568640   22852 load.go:23] Could not load config from "c:\\Users\\DELL\\employee-manager\\dataconnect": could not find dataconnect.yaml in `c:\Users\DELL\employee-manager\dataconnect`
 {"metadata":{"emulator":{"name":"dataconnect"},"message":"E0508 12:33:05.568640   22852 load.go:23] Could not load config from \"c:\\\\Users\\\\DELL\\\\employee-manager\\\\dataconnect\": could not find dataconnect.yaml in `c:\\Users\\DELL\\employee-manager\\dataconnect`\n"}}
[debug] [2025-05-08T07:03:15.560Z] E0508 12:33:15.560080   22852 load.go:23] Could not load config from "c:\\Users\\DELL\\employee-manager\\dataconnect": could not find dataconnect.yaml in `c:\Users\DELL\employee-manager\dataconnect`
 {"metadata":{"emulator":{"name":"dataconnect"},"message":"E0508 12:33:15.560080   22852 load.go:23] Could not load config from \"c:\\\\Users\\\\DELL\\\\employee-manager\\\\dataconnect\": could not find dataconnect.yaml in `c:\\Users\\DELL\\employee-manager\\dataconnect`\n"}}
[debug] [2025-05-08T07:03:25.562Z] E0508 12:33:25.562171   22852 load.go:23] Could not load config from "c:\\Users\\DELL\\employee-manager\\dataconnect": could not find dataconnect.yaml in `c:\Users\DELL\employee-manager\dataconnect`
 {"metadata":{"emulator":{"name":"dataconnect"},"message":"E0508 12:33:25.562171   22852 load.go:23] Could not load config from \"c:\\\\Users\\\\DELL\\\\employee-manager\\\\dataconnect\": could not find dataconnect.yaml in `c:\\Users\\DELL\\employee-manager\\dataconnect`\n"}}
[debug] [2025-05-08T07:03:35.559Z] E0508 12:33:35.559228   22852 load.go:23] Could not load config from "c:\\Users\\DELL\\employee-manager\\dataconnect": could not find dataconnect.yaml in `c:\Users\DELL\employee-manager\dataconnect`
 {"metadata":{"emulator":{"name":"dataconnect"},"message":"E0508 12:33:35.559228   22852 load.go:23] Could not load config from \"c:\\\\Users\\\\DELL\\\\employee-manager\\\\dataconnect\": could not find dataconnect.yaml in `c:\\Users\\DELL\\employee-manager\\dataconnect`\n"}}
[debug] [2025-05-08T07:03:45.568Z] E0508 12:33:45.567959   22852 load.go:23] Could not load config from "c:\\Users\\DELL\\employee-manager\\dataconnect": could not find dataconnect.yaml in `c:\Users\DELL\employee-manager\dataconnect`
 {"metadata":{"emulator":{"name":"dataconnect"},"message":"E0508 12:33:45.567959   22852 load.go:23] Could not load config from \"c:\\\\Users\\\\DELL\\\\employee-manager\\\\dataconnect\": could not find dataconnect.yaml in `c:\\Users\\DELL\\employee-manager\\dataconnect`\n"}}
[debug] [2025-05-08T07:03:55.564Z] E0508 12:33:55.563691   22852 load.go:23] Could not load config from "c:\\Users\\DELL\\employee-manager\\dataconnect": could not find dataconnect.yaml in `c:\Users\DELL\employee-manager\dataconnect`
 {"metadata":{"emulator":{"name":"dataconnect"},"message":"E0508 12:33:55.563691   22852 load.go:23] Could not load config from \"c:\\\\Users\\\\DELL\\\\employee-manager\\\\dataconnect\": could not find dataconnect.yaml in `c:\\Users\\DELL\\employee-manager\\dataconnect`\n"}}
[debug] [2025-05-08T07:04:05.564Z] E0508 12:34:05.563355   22852 load.go:23] Could not load config from "c:\\Users\\DELL\\employee-manager\\dataconnect": could not find dataconnect.yaml in `c:\Users\DELL\employee-manager\dataconnect`
E0508 12:34:05.564019   22852 watch.go:76] watchAllDir unable to walk dir `c:\Users\DELL\employee-manager\dataconnect`: on path "c:\\Users\\DELL\\employee-manager\\dataconnect" (DirEntry: <nil>): CreateFile c:\Users\DELL\employee-manager\dataconnect: The system cannot find the file specified.
 {"metadata":{"emulator":{"name":"dataconnect"},"message":"E0508 12:34:05.563355   22852 load.go:23] Could not load config from \"c:\\\\Users\\\\DELL\\\\employee-manager\\\\dataconnect\": could not find dataconnect.yaml in `c:\\Users\\DELL\\employee-manager\\dataconnect`\nE0508 12:34:05.564019   22852 watch.go:76] watchAllDir unable to walk dir `c:\\Users\\DELL\\employee-manager\\dataconnect`: on path \"c:\\\\Users\\\\DELL\\\\employee-manager\\\\dataconnect\" (DirEntry: <nil>): CreateFile c:\\Users\\DELL\\employee-manager\\dataconnect: The system cannot find the file specified.\n"}}
[debug] [2025-05-08T07:04:15.560Z] E0508 12:34:15.560002   22852 load.go:23] Could not load config from "c:\\Users\\DELL\\employee-manager\\dataconnect": could not find dataconnect.yaml in `c:\Users\DELL\employee-manager\dataconnect`
 {"metadata":{"emulator":{"name":"dataconnect"},"message":"E0508 12:34:15.560002   22852 load.go:23] Could not load config from \"c:\\\\Users\\\\DELL\\\\employee-manager\\\\dataconnect\": could not find dataconnect.yaml in `c:\\Users\\DELL\\employee-manager\\dataconnect`\n"}}
[debug] [2025-05-08T07:04:25.566Z] E0508 12:34:25.565610   22852 load.go:23] Could not load config from "c:\\Users\\DELL\\employee-manager\\dataconnect": could not find dataconnect.yaml in `c:\Users\DELL\employee-manager\dataconnect`
 {"metadata":{"emulator":{"name":"dataconnect"},"message":"E0508 12:34:25.565610   22852 load.go:23] Could not load config from \"c:\\\\Users\\\\DELL\\\\employee-manager\\\\dataconnect\": could not find dataconnect.yaml in `c:\\Users\\DELL\\employee-manager\\dataconnect`\n"}}
[debug] [2025-05-08T07:04:35.558Z] E0508 12:34:35.557389   22852 load.go:23] Could not load config from "c:\\Users\\DELL\\employee-manager\\dataconnect": could not find dataconnect.yaml in `c:\Users\DELL\employee-manager\dataconnect`
 {"metadata":{"emulator":{"name":"dataconnect"},"message":"E0508 12:34:35.557389   22852 load.go:23] Could not load config from \"c:\\\\Users\\\\DELL\\\\employee-manager\\\\dataconnect\": could not find dataconnect.yaml in `c:\\Users\\DELL\\employee-manager\\dataconnect`\n"}}
[debug] [2025-05-08T07:04:45.559Z] E0508 12:34:45.559372   22852 load.go:23] Could not load config from "c:\\Users\\DELL\\employee-manager\\dataconnect": could not find dataconnect.yaml in `c:\Users\DELL\employee-manager\dataconnect`
 {"metadata":{"emulator":{"name":"dataconnect"},"message":"E0508 12:34:45.559372   22852 load.go:23] Could not load config from \"c:\\\\Users\\\\DELL\\\\employee-manager\\\\dataconnect\": could not find dataconnect.yaml in `c:\\Users\\DELL\\employee-manager\\dataconnect`\n"}}
[debug] [2025-05-08T07:04:55.570Z] E0508 12:34:55.569527   22852 load.go:23] Could not load config from "c:\\Users\\DELL\\employee-manager\\dataconnect": could not find dataconnect.yaml in `c:\Users\DELL\employee-manager\dataconnect`
 {"metadata":{"emulator":{"name":"dataconnect"},"message":"E0508 12:34:55.569527   22852 load.go:23] Could not load config from \"c:\\\\Users\\\\DELL\\\\employee-manager\\\\dataconnect\": could not find dataconnect.yaml in `c:\\Users\\DELL\\employee-manager\\dataconnect`\n"}}
[debug] [2025-05-08T07:05:05.566Z] E0508 12:35:05.564819   22852 load.go:23] Could not load config from "c:\\Users\\DELL\\employee-manager\\dataconnect": could not find dataconnect.yaml in `c:\Users\DELL\employee-manager\dataconnect`
 {"metadata":{"emulator":{"name":"dataconnect"},"message":"E0508 12:35:05.564819   22852 load.go:23] Could not load config from \"c:\\\\Users\\\\DELL\\\\employee-manager\\\\dataconnect\": could not find dataconnect.yaml in `c:\\Users\\DELL\\employee-manager\\dataconnect`\n"}}
[debug] [2025-05-08T07:05:15.561Z] E0508 12:35:15.560695   22852 load.go:23] Could not load config from "c:\\Users\\DELL\\employee-manager\\dataconnect": could not find dataconnect.yaml in `c:\Users\DELL\employee-manager\dataconnect`
 {"metadata":{"emulator":{"name":"dataconnect"},"message":"E0508 12:35:15.560695   22852 load.go:23] Could not load config from \"c:\\\\Users\\\\DELL\\\\employee-manager\\\\dataconnect\": could not find dataconnect.yaml in `c:\\Users\\DELL\\employee-manager\\dataconnect`\n"}}
[debug] [2025-05-08T07:05:25.560Z] E0508 12:35:25.559042   22852 load.go:23] Could not load config from "c:\\Users\\DELL\\employee-manager\\dataconnect": could not find dataconnect.yaml in `c:\Users\DELL\employee-manager\dataconnect`
 {"metadata":{"emulator":{"name":"dataconnect"},"message":"E0508 12:35:25.559042   22852 load.go:23] Could not load config from \"c:\\\\Users\\\\DELL\\\\employee-manager\\\\dataconnect\": could not find dataconnect.yaml in `c:\\Users\\DELL\\employee-manager\\dataconnect`\n"}}
[debug] [2025-05-08T07:05:35.558Z] E0508 12:35:35.558052   22852 load.go:23] Could not load config from "c:\\Users\\DELL\\employee-manager\\dataconnect": could not find dataconnect.yaml in `c:\Users\DELL\employee-manager\dataconnect`
 {"metadata":{"emulator":{"name":"dataconnect"},"message":"E0508 12:35:35.558052   22852 load.go:23] Could not load config from \"c:\\\\Users\\\\DELL\\\\employee-manager\\\\dataconnect\": could not find dataconnect.yaml in `c:\\Users\\DELL\\employee-manager\\dataconnect`\n"}}
[debug] [2025-05-08T07:05:45.569Z] E0508 12:35:45.568775   22852 load.go:23] Could not load config from "c:\\Users\\DELL\\employee-manager\\dataconnect": could not find dataconnect.yaml in `c:\Users\DELL\employee-manager\dataconnect`
 {"metadata":{"emulator":{"name":"dataconnect"},"message":"E0508 12:35:45.568775   22852 load.go:23] Could not load config from \"c:\\\\Users\\\\DELL\\\\employee-manager\\\\dataconnect\": could not find dataconnect.yaml in `c:\\Users\\DELL\\employee-manager\\dataconnect`\n"}}
[debug] [2025-05-08T07:05:55.557Z] E0508 12:35:55.556991   22852 load.go:23] Could not load config from "c:\\Users\\DELL\\employee-manager\\dataconnect": could not find dataconnect.yaml in `c:\Users\DELL\employee-manager\dataconnect`
 {"metadata":{"emulator":{"name":"dataconnect"},"message":"E0508 12:35:55.556991   22852 load.go:23] Could not load config from \"c:\\\\Users\\\\DELL\\\\employee-manager\\\\dataconnect\": could not find dataconnect.yaml in `c:\\Users\\DELL\\employee-manager\\dataconnect`\n"}}
[debug] [2025-05-08T07:06:05.563Z] E0508 12:36:05.562766   22852 load.go:23] Could not load config from "c:\\Users\\DELL\\employee-manager\\dataconnect": could not find dataconnect.yaml in `c:\Users\DELL\employee-manager\dataconnect`
 {"metadata":{"emulator":{"name":"dataconnect"},"message":"E0508 12:36:05.562766   22852 load.go:23] Could not load config from \"c:\\\\Users\\\\DELL\\\\employee-manager\\\\dataconnect\": could not find dataconnect.yaml in `c:\\Users\\DELL\\employee-manager\\dataconnect`\n"}}
[debug] [2025-05-08T07:06:05.565Z] E0508 12:36:05.563345   22852 watch.go:76] watchAllDir unable to walk dir `c:\Users\DELL\employee-manager\dataconnect`: on path "c:\\Users\\DELL\\employee-manager\\dataconnect" (DirEntry: <nil>): CreateFile c:\Users\DELL\employee-manager\dataconnect: The system cannot find the file specified.
 {"metadata":{"emulator":{"name":"dataconnect"},"message":"E0508 12:36:05.563345   22852 watch.go:76] watchAllDir unable to walk dir `c:\\Users\\DELL\\employee-manager\\dataconnect`: on path \"c:\\\\Users\\\\DELL\\\\employee-manager\\\\dataconnect\" (DirEntry: <nil>): CreateFile c:\\Users\\DELL\\employee-manager\\dataconnect: The system cannot find the file specified.\n"}}
[debug] [2025-05-08T07:06:15.559Z] E0508 12:36:15.558849   22852 load.go:23] Could not load config from "c:\\Users\\DELL\\employee-manager\\dataconnect": could not find dataconnect.yaml in `c:\Users\DELL\employee-manager\dataconnect`
 {"metadata":{"emulator":{"name":"dataconnect"},"message":"E0508 12:36:15.558849   22852 load.go:23] Could not load config from \"c:\\\\Users\\\\DELL\\\\employee-manager\\\\dataconnect\": could not find dataconnect.yaml in `c:\\Users\\DELL\\employee-manager\\dataconnect`\n"}}
[debug] [2025-05-08T07:06:25.561Z] E0508 12:36:25.561553   22852 load.go:23] Could not load config from "c:\\Users\\DELL\\employee-manager\\dataconnect": could not find dataconnect.yaml in `c:\Users\DELL\employee-manager\dataconnect`
 {"metadata":{"emulator":{"name":"dataconnect"},"message":"E0508 12:36:25.561553   22852 load.go:23] Could not load config from \"c:\\\\Users\\\\DELL\\\\employee-manager\\\\dataconnect\": could not find dataconnect.yaml in `c:\\Users\\DELL\\employee-manager\\dataconnect`\n"}}
[debug] [2025-05-08T07:06:35.570Z] E0508 12:36:35.570699   22852 load.go:23] Could not load config from "c:\\Users\\DELL\\employee-manager\\dataconnect": could not find dataconnect.yaml in `c:\Users\DELL\employee-manager\dataconnect`
 {"metadata":{"emulator":{"name":"dataconnect"},"message":"E0508 12:36:35.570699   22852 load.go:23] Could not load config from \"c:\\\\Users\\\\DELL\\\\employee-manager\\\\dataconnect\": could not find dataconnect.yaml in `c:\\Users\\DELL\\employee-manager\\dataconnect`\n"}}
[debug] [2025-05-08T07:06:45.558Z] E0508 12:36:45.557811   22852 load.go:23] Could not load config from "c:\\Users\\DELL\\employee-manager\\dataconnect": could not find dataconnect.yaml in `c:\Users\DELL\employee-manager\dataconnect`
 {"metadata":{"emulator":{"name":"dataconnect"},"message":"E0508 12:36:45.557811   22852 load.go:23] Could not load config from \"c:\\\\Users\\\\DELL\\\\employee-manager\\\\dataconnect\": could not find dataconnect.yaml in `c:\\Users\\DELL\\employee-manager\\dataconnect`\n"}}
[debug] [2025-05-08T07:06:55.567Z] E0508 12:36:55.567069   22852 load.go:23] Could not load config from "c:\\Users\\DELL\\employee-manager\\dataconnect": could not find dataconnect.yaml in `c:\Users\DELL\employee-manager\dataconnect`
 {"metadata":{"emulator":{"name":"dataconnect"},"message":"E0508 12:36:55.567069   22852 load.go:23] Could not load config from \"c:\\\\Users\\\\DELL\\\\employee-manager\\\\dataconnect\": could not find dataconnect.yaml in `c:\\Users\\DELL\\employee-manager\\dataconnect`\n"}}
[debug] [2025-05-08T07:07:05.571Z] E0508 12:37:05.570392   22852 load.go:23] Could not load config from "c:\\Users\\DELL\\employee-manager\\dataconnect": could not find dataconnect.yaml in `c:\Users\DELL\employee-manager\dataconnect`
 {"metadata":{"emulator":{"name":"dataconnect"},"message":"E0508 12:37:05.570392   22852 load.go:23] Could not load config from \"c:\\\\Users\\\\DELL\\\\employee-manager\\\\dataconnect\": could not find dataconnect.yaml in `c:\\Users\\DELL\\employee-manager\\dataconnect`\n"}}
[debug] [2025-05-08T07:07:15.557Z] E0508 12:37:15.557124   22852 load.go:23] Could not load config from "c:\\Users\\DELL\\employee-manager\\dataconnect": could not find dataconnect.yaml in `c:\Users\DELL\employee-manager\dataconnect`
 {"metadata":{"emulator":{"name":"dataconnect"},"message":"E0508 12:37:15.557124   22852 load.go:23] Could not load config from \"c:\\\\Users\\\\DELL\\\\employee-manager\\\\dataconnect\": could not find dataconnect.yaml in `c:\\Users\\DELL\\employee-manager\\dataconnect`\n"}}
[debug] [2025-05-08T07:07:25.567Z] E0508 12:37:25.566761   22852 load.go:23] Could not load config from "c:\\Users\\DELL\\employee-manager\\dataconnect": could not find dataconnect.yaml in `c:\Users\DELL\employee-manager\dataconnect`
 {"metadata":{"emulator":{"name":"dataconnect"},"message":"E0508 12:37:25.566761   22852 load.go:23] Could not load config from \"c:\\\\Users\\\\DELL\\\\employee-manager\\\\dataconnect\": could not find dataconnect.yaml in `c:\\Users\\DELL\\employee-manager\\dataconnect`\n"}}
[debug] [2025-05-08T07:07:35.563Z] E0508 12:37:35.562521   22852 load.go:23] Could not load config from "c:\\Users\\DELL\\employee-manager\\dataconnect": could not find dataconnect.yaml in `c:\Users\DELL\employee-manager\dataconnect`
 {"metadata":{"emulator":{"name":"dataconnect"},"message":"E0508 12:37:35.562521   22852 load.go:23] Could not load config from \"c:\\\\Users\\\\DELL\\\\employee-manager\\\\dataconnect\": could not find dataconnect.yaml in `c:\\Users\\DELL\\employee-manager\\dataconnect`\n"}}
[debug] [2025-05-08T07:07:45.563Z] E0508 12:37:45.562557   22852 load.go:23] Could not load config from "c:\\Users\\DELL\\employee-manager\\dataconnect": could not find dataconnect.yaml in `c:\Users\DELL\employee-manager\dataconnect`
 {"metadata":{"emulator":{"name":"dataconnect"},"message":"E0508 12:37:45.562557   22852 load.go:23] Could not load config from \"c:\\\\Users\\\\DELL\\\\employee-manager\\\\dataconnect\": could not find dataconnect.yaml in `c:\\Users\\DELL\\employee-manager\\dataconnect`\n"}}
[debug] [2025-05-08T07:07:55.564Z] E0508 12:37:55.563601   22852 load.go:23] Could not load config from "c:\\Users\\DELL\\employee-manager\\dataconnect": could not find dataconnect.yaml in `c:\Users\DELL\employee-manager\dataconnect`
 {"metadata":{"emulator":{"name":"dataconnect"},"message":"E0508 12:37:55.563601   22852 load.go:23] Could not load config from \"c:\\\\Users\\\\DELL\\\\employee-manager\\\\dataconnect\": could not find dataconnect.yaml in `c:\\Users\\DELL\\employee-manager\\dataconnect`\n"}}
[debug] [2025-05-08T07:08:05.560Z] E0508 12:38:05.559325   22852 load.go:23] Could not load config from "c:\\Users\\DELL\\employee-manager\\dataconnect": could not find dataconnect.yaml in `c:\Users\DELL\employee-manager\dataconnect`
 {"metadata":{"emulator":{"name":"dataconnect"},"message":"E0508 12:38:05.559325   22852 load.go:23] Could not load config from \"c:\\\\Users\\\\DELL\\\\employee-manager\\\\dataconnect\": could not find dataconnect.yaml in `c:\\Users\\DELL\\employee-manager\\dataconnect`\n"}}
[debug] [2025-05-08T07:08:05.562Z] E0508 12:38:05.560037   22852 watch.go:76] watchAllDir unable to walk dir `c:\Users\DELL\employee-manager\dataconnect`: on path "c:\\Users\\DELL\\employee-manager\\dataconnect" (DirEntry: <nil>): CreateFile c:\Users\DELL\employee-manager\dataconnect: The system cannot find the file specified.
 {"metadata":{"emulator":{"name":"dataconnect"},"message":"E0508 12:38:05.560037   22852 watch.go:76] watchAllDir unable to walk dir `c:\\Users\\DELL\\employee-manager\\dataconnect`: on path \"c:\\\\Users\\\\DELL\\\\employee-manager\\\\dataconnect\" (DirEntry: <nil>): CreateFile c:\\Users\\DELL\\employee-manager\\dataconnect: The system cannot find the file specified.\n"}}
[debug] [2025-05-08T07:08:15.558Z] E0508 12:38:15.557901   22852 load.go:23] Could not load config from "c:\\Users\\DELL\\employee-manager\\dataconnect": could not find dataconnect.yaml in `c:\Users\DELL\employee-manager\dataconnect`
 {"metadata":{"emulator":{"name":"dataconnect"},"message":"E0508 12:38:15.557901   22852 load.go:23] Could not load config from \"c:\\\\Users\\\\DELL\\\\employee-manager\\\\dataconnect\": could not find dataconnect.yaml in `c:\\Users\\DELL\\employee-manager\\dataconnect`\n"}}
[debug] [2025-05-08T07:08:25.566Z] E0508 12:38:25.565771   22852 load.go:23] Could not load config from "c:\\Users\\DELL\\employee-manager\\dataconnect": could not find dataconnect.yaml in `c:\Users\DELL\employee-manager\dataconnect`
 {"metadata":{"emulator":{"name":"dataconnect"},"message":"E0508 12:38:25.565771   22852 load.go:23] Could not load config from \"c:\\\\Users\\\\DELL\\\\employee-manager\\\\dataconnect\": could not find dataconnect.yaml in `c:\\Users\\DELL\\employee-manager\\dataconnect`\n"}}
[debug] [2025-05-08T07:08:35.599Z] E0508 12:38:35.595323   22852 load.go:23] Could not load config from "c:\\Users\\DELL\\employee-manager\\dataconnect": could not find dataconnect.yaml in `c:\Users\DELL\employee-manager\dataconnect`
 {"metadata":{"emulator":{"name":"dataconnect"},"message":"E0508 12:38:35.595323   22852 load.go:23] Could not load config from \"c:\\\\Users\\\\DELL\\\\employee-manager\\\\dataconnect\": could not find dataconnect.yaml in `c:\\Users\\DELL\\employee-manager\\dataconnect`\n"}}
[debug] [2025-05-08T07:08:45.564Z] E0508 12:38:45.564094   22852 load.go:23] Could not load config from "c:\\Users\\DELL\\employee-manager\\dataconnect": could not find dataconnect.yaml in `c:\Users\DELL\employee-manager\dataconnect`
 {"metadata":{"emulator":{"name":"dataconnect"},"message":"E0508 12:38:45.564094   22852 load.go:23] Could not load config from \"c:\\\\Users\\\\DELL\\\\employee-manager\\\\dataconnect\": could not find dataconnect.yaml in `c:\\Users\\DELL\\employee-manager\\dataconnect`\n"}}
[debug] [2025-05-08T07:08:55.565Z] E0508 12:38:55.564800   22852 load.go:23] Could not load config from "c:\\Users\\DELL\\employee-manager\\dataconnect": could not find dataconnect.yaml in `c:\Users\DELL\employee-manager\dataconnect`
 {"metadata":{"emulator":{"name":"dataconnect"},"message":"E0508 12:38:55.564800   22852 load.go:23] Could not load config from \"c:\\\\Users\\\\DELL\\\\employee-manager\\\\dataconnect\": could not find dataconnect.yaml in `c:\\Users\\DELL\\employee-manager\\dataconnect`\n"}}
[debug] [2025-05-08T07:09:05.563Z] E0508 12:39:05.562985   22852 load.go:23] Could not load config from "c:\\Users\\DELL\\employee-manager\\dataconnect": could not find dataconnect.yaml in `c:\Users\DELL\employee-manager\dataconnect`
 {"metadata":{"emulator":{"name":"dataconnect"},"message":"E0508 12:39:05.562985   22852 load.go:23] Could not load config from \"c:\\\\Users\\\\DELL\\\\employee-manager\\\\dataconnect\": could not find dataconnect.yaml in `c:\\Users\\DELL\\employee-manager\\dataconnect`\n"}}
[debug] [2025-05-08T07:09:15.568Z] E0508 12:39:15.567868   22852 load.go:23] Could not load config from "c:\\Users\\DELL\\employee-manager\\dataconnect": could not find dataconnect.yaml in `c:\Users\DELL\employee-manager\dataconnect`
 {"metadata":{"emulator":{"name":"dataconnect"},"message":"E0508 12:39:15.567868   22852 load.go:23] Could not load config from \"c:\\\\Users\\\\DELL\\\\employee-manager\\\\dataconnect\": could not find dataconnect.yaml in `c:\\Users\\DELL\\employee-manager\\dataconnect`\n"}}
[debug] [2025-05-08T07:09:25.560Z] E0508 12:39:25.560419   22852 load.go:23] Could not load config from "c:\\Users\\DELL\\employee-manager\\dataconnect": could not find dataconnect.yaml in `c:\Users\DELL\employee-manager\dataconnect`
 {"metadata":{"emulator":{"name":"dataconnect"},"message":"E0508 12:39:25.560419   22852 load.go:23] Could not load config from \"c:\\\\Users\\\\DELL\\\\employee-manager\\\\dataconnect\": could not find dataconnect.yaml in `c:\\Users\\DELL\\employee-manager\\dataconnect`\n"}}
[debug] [2025-05-08T07:09:35.557Z] E0508 12:39:35.557366   22852 load.go:23] Could not load config from "c:\\Users\\DELL\\employee-manager\\dataconnect": could not find dataconnect.yaml in `c:\Users\DELL\employee-manager\dataconnect`
 {"metadata":{"emulator":{"name":"dataconnect"},"message":"E0508 12:39:35.557366   22852 load.go:23] Could not load config from \"c:\\\\Users\\\\DELL\\\\employee-manager\\\\dataconnect\": could not find dataconnect.yaml in `c:\\Users\\DELL\\employee-manager\\dataconnect`\n"}}
[debug] [2025-05-08T07:09:45.557Z] E0508 12:39:45.557345   22852 load.go:23] Could not load config from "c:\\Users\\DELL\\employee-manager\\dataconnect": could not find dataconnect.yaml in `c:\Users\DELL\employee-manager\dataconnect`
 {"metadata":{"emulator":{"name":"dataconnect"},"message":"E0508 12:39:45.557345   22852 load.go:23] Could not load config from \"c:\\\\Users\\\\DELL\\\\employee-manager\\\\dataconnect\": could not find dataconnect.yaml in `c:\\Users\\DELL\\employee-manager\\dataconnect`\n"}}
[debug] [2025-05-08T07:09:55.571Z] E0508 12:39:55.571042   22852 load.go:23] Could not load config from "c:\\Users\\DELL\\employee-manager\\dataconnect": could not find dataconnect.yaml in `c:\Users\DELL\employee-manager\dataconnect`
 {"metadata":{"emulator":{"name":"dataconnect"},"message":"E0508 12:39:55.571042   22852 load.go:23] Could not load config from \"c:\\\\Users\\\\DELL\\\\employee-manager\\\\dataconnect\": could not find dataconnect.yaml in `c:\\Users\\DELL\\employee-manager\\dataconnect`\n"}}
[debug] [2025-05-08T07:10:05.556Z] E0508 12:40:05.555972   22852 load.go:23] Could not load config from "c:\\Users\\DELL\\employee-manager\\dataconnect": could not find dataconnect.yaml in `c:\Users\DELL\employee-manager\dataconnect`
E0508 12:40:05.556685   22852 watch.go:76] watchAllDir unable to walk dir `c:\Users\DELL\employee-manager\dataconnect`: on path "c:\\Users\\DELL\\employee-manager\\dataconnect" (DirEntry: <nil>): CreateFile c:\Users\DELL\employee-manager\dataconnect: The system cannot find the file specified.
 {"metadata":{"emulator":{"name":"dataconnect"},"message":"E0508 12:40:05.555972   22852 load.go:23] Could not load config from \"c:\\\\Users\\\\DELL\\\\employee-manager\\\\dataconnect\": could not find dataconnect.yaml in `c:\\Users\\DELL\\employee-manager\\dataconnect`\nE0508 12:40:05.556685   22852 watch.go:76] watchAllDir unable to walk dir `c:\\Users\\DELL\\employee-manager\\dataconnect`: on path \"c:\\\\Users\\\\DELL\\\\employee-manager\\\\dataconnect\" (DirEntry: <nil>): CreateFile c:\\Users\\DELL\\employee-manager\\dataconnect: The system cannot find the file specified.\n"}}
[debug] [2025-05-08T07:10:15.566Z] E0508 12:40:15.566453   22852 load.go:23] Could not load config from "c:\\Users\\DELL\\employee-manager\\dataconnect": could not find dataconnect.yaml in `c:\Users\DELL\employee-manager\dataconnect`
 {"metadata":{"emulator":{"name":"dataconnect"},"message":"E0508 12:40:15.566453   22852 load.go:23] Could not load config from \"c:\\\\Users\\\\DELL\\\\employee-manager\\\\dataconnect\": could not find dataconnect.yaml in `c:\\Users\\DELL\\employee-manager\\dataconnect`\n"}}
[debug] [2025-05-08T07:10:25.560Z] E0508 12:40:25.559982   22852 load.go:23] Could not load config from "c:\\Users\\DELL\\employee-manager\\dataconnect": could not find dataconnect.yaml in `c:\Users\DELL\employee-manager\dataconnect`
 {"metadata":{"emulator":{"name":"dataconnect"},"message":"E0508 12:40:25.559982   22852 load.go:23] Could not load config from \"c:\\\\Users\\\\DELL\\\\employee-manager\\\\dataconnect\": could not find dataconnect.yaml in `c:\\Users\\DELL\\employee-manager\\dataconnect`\n"}}
[debug] [2025-05-08T07:10:35.560Z] E0508 12:40:35.559664   22852 load.go:23] Could not load config from "c:\\Users\\DELL\\employee-manager\\dataconnect": could not find dataconnect.yaml in `c:\Users\DELL\employee-manager\dataconnect`
 {"metadata":{"emulator":{"name":"dataconnect"},"message":"E0508 12:40:35.559664   22852 load.go:23] Could not load config from \"c:\\\\Users\\\\DELL\\\\employee-manager\\\\dataconnect\": could not find dataconnect.yaml in `c:\\Users\\DELL\\employee-manager\\dataconnect`\n"}}
[debug] [2025-05-08T07:10:45.571Z] E0508 12:40:45.570568   22852 load.go:23] Could not load config from "c:\\Users\\DELL\\employee-manager\\dataconnect": could not find dataconnect.yaml in `c:\Users\DELL\employee-manager\dataconnect`
 {"metadata":{"emulator":{"name":"dataconnect"},"message":"E0508 12:40:45.570568   22852 load.go:23] Could not load config from \"c:\\\\Users\\\\DELL\\\\employee-manager\\\\dataconnect\": could not find dataconnect.yaml in `c:\\Users\\DELL\\employee-manager\\dataconnect`\n"}}
[debug] [2025-05-08T07:10:55.560Z] E0508 12:40:55.559931   22852 load.go:23] Could not load config from "c:\\Users\\DELL\\employee-manager\\dataconnect": could not find dataconnect.yaml in `c:\Users\DELL\employee-manager\dataconnect`
 {"metadata":{"emulator":{"name":"dataconnect"},"message":"E0508 12:40:55.559931   22852 load.go:23] Could not load config from \"c:\\\\Users\\\\DELL\\\\employee-manager\\\\dataconnect\": could not find dataconnect.yaml in `c:\\Users\\DELL\\employee-manager\\dataconnect`\n"}}
[debug] [2025-05-08T07:11:05.562Z] E0508 12:41:05.561627   22852 load.go:23] Could not load config from "c:\\Users\\DELL\\employee-manager\\dataconnect": could not find dataconnect.yaml in `c:\Users\DELL\employee-manager\dataconnect`
 {"metadata":{"emulator":{"name":"dataconnect"},"message":"E0508 12:41:05.561627   22852 load.go:23] Could not load config from \"c:\\\\Users\\\\DELL\\\\employee-manager\\\\dataconnect\": could not find dataconnect.yaml in `c:\\Users\\DELL\\employee-manager\\dataconnect`\n"}}
[debug] [2025-05-08T07:11:15.564Z] E0508 12:41:15.563729   22852 load.go:23] Could not load config from "c:\\Users\\DELL\\employee-manager\\dataconnect": could not find dataconnect.yaml in `c:\Users\DELL\employee-manager\dataconnect`
 {"metadata":{"emulator":{"name":"dataconnect"},"message":"E0508 12:41:15.563729   22852 load.go:23] Could not load config from \"c:\\\\Users\\\\DELL\\\\employee-manager\\\\dataconnect\": could not find dataconnect.yaml in `c:\\Users\\DELL\\employee-manager\\dataconnect`\n"}}
[debug] [2025-05-08T07:11:25.559Z] E0508 12:41:25.558565   22852 load.go:23] Could not load config from "c:\\Users\\DELL\\employee-manager\\dataconnect": could not find dataconnect.yaml in `c:\Users\DELL\employee-manager\dataconnect`
 {"metadata":{"emulator":{"name":"dataconnect"},"message":"E0508 12:41:25.558565   22852 load.go:23] Could not load config from \"c:\\\\Users\\\\DELL\\\\employee-manager\\\\dataconnect\": could not find dataconnect.yaml in `c:\\Users\\DELL\\employee-manager\\dataconnect`\n"}}
[debug] [2025-05-08T07:11:35.563Z] E0508 12:41:35.563013   22852 load.go:23] Could not load config from "c:\\Users\\DELL\\employee-manager\\dataconnect": could not find dataconnect.yaml in `c:\Users\DELL\employee-manager\dataconnect`
 {"metadata":{"emulator":{"name":"dataconnect"},"message":"E0508 12:41:35.563013   22852 load.go:23] Could not load config from \"c:\\\\Users\\\\DELL\\\\employee-manager\\\\dataconnect\": could not find dataconnect.yaml in `c:\\Users\\DELL\\employee-manager\\dataconnect`\n"}}
[debug] [2025-05-08T07:11:45.564Z] E0508 12:41:45.564621   22852 load.go:23] Could not load config from "c:\\Users\\DELL\\employee-manager\\dataconnect": could not find dataconnect.yaml in `c:\Users\DELL\employee-manager\dataconnect`
 {"metadata":{"emulator":{"name":"dataconnect"},"message":"E0508 12:41:45.564621   22852 load.go:23] Could not load config from \"c:\\\\Users\\\\DELL\\\\employee-manager\\\\dataconnect\": could not find dataconnect.yaml in `c:\\Users\\DELL\\employee-manager\\dataconnect`\n"}}
[debug] [2025-05-08T07:11:55.555Z] E0508 12:41:55.555322   22852 load.go:23] Could not load config from "c:\\Users\\DELL\\employee-manager\\dataconnect": could not find dataconnect.yaml in `c:\Users\DELL\employee-manager\dataconnect`
 {"metadata":{"emulator":{"name":"dataconnect"},"message":"E0508 12:41:55.555322   22852 load.go:23] Could not load config from \"c:\\\\Users\\\\DELL\\\\employee-manager\\\\dataconnect\": could not find dataconnect.yaml in `c:\\Users\\DELL\\employee-manager\\dataconnect`\n"}}
[debug] [2025-05-08T07:12:05.564Z] E0508 12:42:05.563308   22852 load.go:23] Could not load config from "c:\\Users\\DELL\\employee-manager\\dataconnect": could not find dataconnect.yaml in `c:\Users\DELL\employee-manager\dataconnect`
 {"metadata":{"emulator":{"name":"dataconnect"},"message":"E0508 12:42:05.563308   22852 load.go:23] Could not load config from \"c:\\\\Users\\\\DELL\\\\employee-manager\\\\dataconnect\": could not find dataconnect.yaml in `c:\\Users\\DELL\\employee-manager\\dataconnect`\n"}}
[debug] [2025-05-08T07:12:05.565Z] E0508 12:42:05.563919   22852 watch.go:76] watchAllDir unable to walk dir `c:\Users\DELL\employee-manager\dataconnect`: on path "c:\\Users\\DELL\\employee-manager\\dataconnect" (DirEntry: <nil>): CreateFile c:\Users\DELL\employee-manager\dataconnect: The system cannot find the file specified.
 {"metadata":{"emulator":{"name":"dataconnect"},"message":"E0508 12:42:05.563919   22852 watch.go:76] watchAllDir unable to walk dir `c:\\Users\\DELL\\employee-manager\\dataconnect`: on path \"c:\\\\Users\\\\DELL\\\\employee-manager\\\\dataconnect\" (DirEntry: <nil>): CreateFile c:\\Users\\DELL\\employee-manager\\dataconnect: The system cannot find the file specified.\n"}}
[debug] [2025-05-08T07:12:15.567Z] E0508 12:42:15.566447   22852 load.go:23] Could not load config from "c:\\Users\\DELL\\employee-manager\\dataconnect": could not find dataconnect.yaml in `c:\Users\DELL\employee-manager\dataconnect`
 {"metadata":{"emulator":{"name":"dataconnect"},"message":"E0508 12:42:15.566447   22852 load.go:23] Could not load config from \"c:\\\\Users\\\\DELL\\\\employee-manager\\\\dataconnect\": could not find dataconnect.yaml in `c:\\Users\\DELL\\employee-manager\\dataconnect`\n"}}
[debug] [2025-05-08T07:12:25.556Z] E0508 12:42:25.556320   22852 load.go:23] Could not load config from "c:\\Users\\DELL\\employee-manager\\dataconnect": could not find dataconnect.yaml in `c:\Users\DELL\employee-manager\dataconnect`
 {"metadata":{"emulator":{"name":"dataconnect"},"message":"E0508 12:42:25.556320   22852 load.go:23] Could not load config from \"c:\\\\Users\\\\DELL\\\\employee-manager\\\\dataconnect\": could not find dataconnect.yaml in `c:\\Users\\DELL\\employee-manager\\dataconnect`\n"}}
[debug] [2025-05-08T07:12:35.554Z] E0508 12:42:35.556801   22852 load.go:23] Could not load config from "c:\\Users\\DELL\\employee-manager\\dataconnect": could not find dataconnect.yaml in `c:\Users\DELL\employee-manager\dataconnect`
 {"metadata":{"emulator":{"name":"dataconnect"},"message":"E0508 12:42:35.556801   22852 load.go:23] Could not load config from \"c:\\\\Users\\\\DELL\\\\employee-manager\\\\dataconnect\": could not find dataconnect.yaml in `c:\\Users\\DELL\\employee-manager\\dataconnect`\n"}}
[debug] [2025-05-08T07:12:45.563Z] E0508 12:42:45.565134   22852 load.go:23] Could not load config from "c:\\Users\\DELL\\employee-manager\\dataconnect": could not find dataconnect.yaml in `c:\Users\DELL\employee-manager\dataconnect`
 {"metadata":{"emulator":{"name":"dataconnect"},"message":"E0508 12:42:45.565134   22852 load.go:23] Could not load config from \"c:\\\\Users\\\\DELL\\\\employee-manager\\\\dataconnect\": could not find dataconnect.yaml in `c:\\Users\\DELL\\employee-manager\\dataconnect`\n"}}
[debug] [2025-05-08T07:12:55.557Z] E0508 12:42:55.559593   22852 load.go:23] Could not load config from "c:\\Users\\DELL\\employee-manager\\dataconnect": could not find dataconnect.yaml in `c:\Users\DELL\employee-manager\dataconnect`
 {"metadata":{"emulator":{"name":"dataconnect"},"message":"E0508 12:42:55.559593   22852 load.go:23] Could not load config from \"c:\\\\Users\\\\DELL\\\\employee-manager\\\\dataconnect\": could not find dataconnect.yaml in `c:\\Users\\DELL\\employee-manager\\dataconnect`\n"}}
[debug] [2025-05-08T07:13:05.561Z] E0508 12:43:05.562701   22852 load.go:23] Could not load config from "c:\\Users\\DELL\\employee-manager\\dataconnect": could not find dataconnect.yaml in `c:\Users\DELL\employee-manager\dataconnect`
 {"metadata":{"emulator":{"name":"dataconnect"},"message":"E0508 12:43:05.562701   22852 load.go:23] Could not load config from \"c:\\\\Users\\\\DELL\\\\employee-manager\\\\dataconnect\": could not find dataconnect.yaml in `c:\\Users\\DELL\\employee-manager\\dataconnect`\n"}}
[debug] [2025-05-08T07:13:15.569Z] E0508 12:43:15.571141   22852 load.go:23] Could not load config from "c:\\Users\\DELL\\employee-manager\\dataconnect": could not find dataconnect.yaml in `c:\Users\DELL\employee-manager\dataconnect`
 {"metadata":{"emulator":{"name":"dataconnect"},"message":"E0508 12:43:15.571141   22852 load.go:23] Could not load config from \"c:\\\\Users\\\\DELL\\\\employee-manager\\\\dataconnect\": could not find dataconnect.yaml in `c:\\Users\\DELL\\employee-manager\\dataconnect`\n"}}
[debug] [2025-05-08T07:13:25.555Z] E0508 12:43:25.557137   22852 load.go:23] Could not load config from "c:\\Users\\DELL\\employee-manager\\dataconnect": could not find dataconnect.yaml in `c:\Users\DELL\employee-manager\dataconnect`
 {"metadata":{"emulator":{"name":"dataconnect"},"message":"E0508 12:43:25.557137   22852 load.go:23] Could not load config from \"c:\\\\Users\\\\DELL\\\\employee-manager\\\\dataconnect\": could not find dataconnect.yaml in `c:\\Users\\DELL\\employee-manager\\dataconnect`\n"}}
[debug] [2025-05-08T07:13:35.559Z] E0508 12:43:35.561683   22852 load.go:23] Could not load config from "c:\\Users\\DELL\\employee-manager\\dataconnect": could not find dataconnect.yaml in `c:\Users\DELL\employee-manager\dataconnect`
 {"metadata":{"emulator":{"name":"dataconnect"},"message":"E0508 12:43:35.561683   22852 load.go:23] Could not load config from \"c:\\\\Users\\\\DELL\\\\employee-manager\\\\dataconnect\": could not find dataconnect.yaml in `c:\\Users\\DELL\\employee-manager\\dataconnect`\n"}}
[debug] [2025-05-08T07:13:45.563Z] E0508 12:43:45.566078   22852 load.go:23] Could not load config from "c:\\Users\\DELL\\employee-manager\\dataconnect": could not find dataconnect.yaml in `c:\Users\DELL\employee-manager\dataconnect`
 {"metadata":{"emulator":{"name":"dataconnect"},"message":"E0508 12:43:45.566078   22852 load.go:23] Could not load config from \"c:\\\\Users\\\\DELL\\\\employee-manager\\\\dataconnect\": could not find dataconnect.yaml in `c:\\Users\\DELL\\employee-manager\\dataconnect`\n"}}
[debug] [2025-05-08T07:13:55.559Z] E0508 12:43:55.561541   22852 load.go:23] Could not load config from "c:\\Users\\DELL\\employee-manager\\dataconnect": could not find dataconnect.yaml in `c:\Users\DELL\employee-manager\dataconnect`
 {"metadata":{"emulator":{"name":"dataconnect"},"message":"E0508 12:43:55.561541   22852 load.go:23] Could not load config from \"c:\\\\Users\\\\DELL\\\\employee-manager\\\\dataconnect\": could not find dataconnect.yaml in `c:\\Users\\DELL\\employee-manager\\dataconnect`\n"}}
[debug] [2025-05-08T07:14:05.555Z] E0508 12:44:05.557725   22852 load.go:23] Could not load config from "c:\\Users\\DELL\\employee-manager\\dataconnect": could not find dataconnect.yaml in `c:\Users\DELL\employee-manager\dataconnect`
 {"metadata":{"emulator":{"name":"dataconnect"},"message":"E0508 12:44:05.557725   22852 load.go:23] Could not load config from \"c:\\\\Users\\\\DELL\\\\employee-manager\\\\dataconnect\": could not find dataconnect.yaml in `c:\\Users\\DELL\\employee-manager\\dataconnect`\n"}}
[debug] [2025-05-08T07:14:05.557Z] E0508 12:44:05.557725   22852 watch.go:76] watchAllDir unable to walk dir `c:\Users\DELL\employee-manager\dataconnect`: on path "c:\\Users\\DELL\\employee-manager\\dataconnect" (DirEntry: <nil>): CreateFile c:\Users\DELL\employee-manager\dataconnect: The system cannot find the file specified.
 {"metadata":{"emulator":{"name":"dataconnect"},"message":"E0508 12:44:05.557725   22852 watch.go:76] watchAllDir unable to walk dir `c:\\Users\\DELL\\employee-manager\\dataconnect`: on path \"c:\\\\Users\\\\DELL\\\\employee-manager\\\\dataconnect\" (DirEntry: <nil>): CreateFile c:\\Users\\DELL\\employee-manager\\dataconnect: The system cannot find the file specified.\n"}}
[debug] [2025-05-08T07:14:15.564Z] E0508 12:44:15.566840   22852 load.go:23] Could not load config from "c:\\Users\\DELL\\employee-manager\\dataconnect": could not find dataconnect.yaml in `c:\Users\DELL\employee-manager\dataconnect`
 {"metadata":{"emulator":{"name":"dataconnect"},"message":"E0508 12:44:15.566840   22852 load.go:23] Could not load config from \"c:\\\\Users\\\\DELL\\\\employee-manager\\\\dataconnect\": could not find dataconnect.yaml in `c:\\Users\\DELL\\employee-manager\\dataconnect`\n"}}
[debug] [2025-05-08T07:14:25.563Z] E0508 12:44:25.562820   22852 load.go:23] Could not load config from "c:\\Users\\DELL\\employee-manager\\dataconnect": could not find dataconnect.yaml in `c:\Users\DELL\employee-manager\dataconnect`
 {"metadata":{"emulator":{"name":"dataconnect"},"message":"E0508 12:44:25.562820   22852 load.go:23] Could not load config from \"c:\\\\Users\\\\DELL\\\\employee-manager\\\\dataconnect\": could not find dataconnect.yaml in `c:\\Users\\DELL\\employee-manager\\dataconnect`\n"}}
[debug] [2025-05-08T07:14:35.562Z] E0508 12:44:35.561736   22852 load.go:23] Could not load config from "c:\\Users\\DELL\\employee-manager\\dataconnect": could not find dataconnect.yaml in `c:\Users\DELL\employee-manager\dataconnect`
 {"metadata":{"emulator":{"name":"dataconnect"},"message":"E0508 12:44:35.561736   22852 load.go:23] Could not load config from \"c:\\\\Users\\\\DELL\\\\employee-manager\\\\dataconnect\": could not find dataconnect.yaml in `c:\\Users\\DELL\\employee-manager\\dataconnect`\n"}}
[debug] [2025-05-08T07:14:45.560Z] E0508 12:44:45.559830   22852 load.go:23] Could not load config from "c:\\Users\\DELL\\employee-manager\\dataconnect": could not find dataconnect.yaml in `c:\Users\DELL\employee-manager\dataconnect`
 {"metadata":{"emulator":{"name":"dataconnect"},"message":"E0508 12:44:45.559830   22852 load.go:23] Could not load config from \"c:\\\\Users\\\\DELL\\\\employee-manager\\\\dataconnect\": could not find dataconnect.yaml in `c:\\Users\\DELL\\employee-manager\\dataconnect`\n"}}
[debug] [2025-05-08T07:14:55.566Z] E0508 12:44:55.564880   22852 load.go:23] Could not load config from "c:\\Users\\DELL\\employee-manager\\dataconnect": could not find dataconnect.yaml in `c:\Users\DELL\employee-manager\dataconnect`
 {"metadata":{"emulator":{"name":"dataconnect"},"message":"E0508 12:44:55.564880   22852 load.go:23] Could not load config from \"c:\\\\Users\\\\DELL\\\\employee-manager\\\\dataconnect\": could not find dataconnect.yaml in `c:\\Users\\DELL\\employee-manager\\dataconnect`\n"}}
[debug] [2025-05-08T07:15:05.566Z] E0508 12:45:05.566301   22852 load.go:23] Could not load config from "c:\\Users\\DELL\\employee-manager\\dataconnect": could not find dataconnect.yaml in `c:\Users\DELL\employee-manager\dataconnect`
 {"metadata":{"emulator":{"name":"dataconnect"},"message":"E0508 12:45:05.566301   22852 load.go:23] Could not load config from \"c:\\\\Users\\\\DELL\\\\employee-manager\\\\dataconnect\": could not find dataconnect.yaml in `c:\\Users\\DELL\\employee-manager\\dataconnect`\n"}}
[debug] [2025-05-08T07:15:15.562Z] E0508 12:45:15.561546   22852 load.go:23] Could not load config from "c:\\Users\\DELL\\employee-manager\\dataconnect": could not find dataconnect.yaml in `c:\Users\DELL\employee-manager\dataconnect`
 {"metadata":{"emulator":{"name":"dataconnect"},"message":"E0508 12:45:15.561546   22852 load.go:23] Could not load config from \"c:\\\\Users\\\\DELL\\\\employee-manager\\\\dataconnect\": could not find dataconnect.yaml in `c:\\Users\\DELL\\employee-manager\\dataconnect`\n"}}
[debug] [2025-05-08T07:15:25.561Z] E0508 12:45:25.561030   22852 load.go:23] Could not load config from "c:\\Users\\DELL\\employee-manager\\dataconnect": could not find dataconnect.yaml in `c:\Users\DELL\employee-manager\dataconnect`
 {"metadata":{"emulator":{"name":"dataconnect"},"message":"E0508 12:45:25.561030   22852 load.go:23] Could not load config from \"c:\\\\Users\\\\DELL\\\\employee-manager\\\\dataconnect\": could not find dataconnect.yaml in `c:\\Users\\DELL\\employee-manager\\dataconnect`\n"}}
[debug] [2025-05-08T07:15:35.560Z] E0508 12:45:35.561877   22852 load.go:23] Could not load config from "c:\\Users\\DELL\\employee-manager\\dataconnect": could not find dataconnect.yaml in `c:\Users\DELL\employee-manager\dataconnect`
 {"metadata":{"emulator":{"name":"dataconnect"},"message":"E0508 12:45:35.561877   22852 load.go:23] Could not load config from \"c:\\\\Users\\\\DELL\\\\employee-manager\\\\dataconnect\": could not find dataconnect.yaml in `c:\\Users\\DELL\\employee-manager\\dataconnect`\n"}}
[debug] [2025-05-08T07:15:45.556Z] E0508 12:45:45.557556   22852 load.go:23] Could not load config from "c:\\Users\\DELL\\employee-manager\\dataconnect": could not find dataconnect.yaml in `c:\Users\DELL\employee-manager\dataconnect`
 {"metadata":{"emulator":{"name":"dataconnect"},"message":"E0508 12:45:45.557556   22852 load.go:23] Could not load config from \"c:\\\\Users\\\\DELL\\\\employee-manager\\\\dataconnect\": could not find dataconnect.yaml in `c:\\Users\\DELL\\employee-manager\\dataconnect`\n"}}
[debug] [2025-05-08T07:15:55.565Z] E0508 12:45:55.566863   22852 load.go:23] Could not load config from "c:\\Users\\DELL\\employee-manager\\dataconnect": could not find dataconnect.yaml in `c:\Users\DELL\employee-manager\dataconnect`
 {"metadata":{"emulator":{"name":"dataconnect"},"message":"E0508 12:45:55.566863   22852 load.go:23] Could not load config from \"c:\\\\Users\\\\DELL\\\\employee-manager\\\\dataconnect\": could not find dataconnect.yaml in `c:\\Users\\DELL\\employee-manager\\dataconnect`\n"}}
[debug] [2025-05-08T07:16:05.559Z] E0508 12:46:05.561278   22852 load.go:23] Could not load config from "c:\\Users\\DELL\\employee-manager\\dataconnect": could not find dataconnect.yaml in `c:\Users\DELL\employee-manager\dataconnect`
 {"metadata":{"emulator":{"name":"dataconnect"},"message":"E0508 12:46:05.561278   22852 load.go:23] Could not load config from \"c:\\\\Users\\\\DELL\\\\employee-manager\\\\dataconnect\": could not find dataconnect.yaml in `c:\\Users\\DELL\\employee-manager\\dataconnect`\n"}}
[debug] [2025-05-08T07:16:05.561Z] E0508 12:46:05.561278   22852 watch.go:76] watchAllDir unable to walk dir `c:\Users\DELL\employee-manager\dataconnect`: on path "c:\\Users\\DELL\\employee-manager\\dataconnect" (DirEntry: <nil>): CreateFile c:\Users\DELL\employee-manager\dataconnect: The system cannot find the file specified.
 {"metadata":{"emulator":{"name":"dataconnect"},"message":"E0508 12:46:05.561278   22852 watch.go:76] watchAllDir unable to walk dir `c:\\Users\\DELL\\employee-manager\\dataconnect`: on path \"c:\\\\Users\\\\DELL\\\\employee-manager\\\\dataconnect\" (DirEntry: <nil>): CreateFile c:\\Users\\DELL\\employee-manager\\dataconnect: The system cannot find the file specified.\n"}}
[debug] [2025-05-08T07:16:15.566Z] E0508 12:46:15.567954   22852 load.go:23] Could not load config from "c:\\Users\\DELL\\employee-manager\\dataconnect": could not find dataconnect.yaml in `c:\Users\DELL\employee-manager\dataconnect`
 {"metadata":{"emulator":{"name":"dataconnect"},"message":"E0508 12:46:15.567954   22852 load.go:23] Could not load config from \"c:\\\\Users\\\\DELL\\\\employee-manager\\\\dataconnect\": could not find dataconnect.yaml in `c:\\Users\\DELL\\employee-manager\\dataconnect`\n"}}
[debug] [2025-05-08T07:16:25.557Z] E0508 12:46:25.559448   22852 load.go:23] Could not load config from "c:\\Users\\DELL\\employee-manager\\dataconnect": could not find dataconnect.yaml in `c:\Users\DELL\employee-manager\dataconnect`
 {"metadata":{"emulator":{"name":"dataconnect"},"message":"E0508 12:46:25.559448   22852 load.go:23] Could not load config from \"c:\\\\Users\\\\DELL\\\\employee-manager\\\\dataconnect\": could not find dataconnect.yaml in `c:\\Users\\DELL\\employee-manager\\dataconnect`\n"}}
[debug] [2025-05-08T07:16:35.567Z] E0508 12:46:35.566632   22852 load.go:23] Could not load config from "c:\\Users\\DELL\\employee-manager\\dataconnect": could not find dataconnect.yaml in `c:\Users\DELL\employee-manager\dataconnect`
 {"metadata":{"emulator":{"name":"dataconnect"},"message":"E0508 12:46:35.566632   22852 load.go:23] Could not load config from \"c:\\\\Users\\\\DELL\\\\employee-manager\\\\dataconnect\": could not find dataconnect.yaml in `c:\\Users\\DELL\\employee-manager\\dataconnect`\n"}}
[debug] [2025-05-08T07:16:45.560Z] E0508 12:46:45.560258   22852 load.go:23] Could not load config from "c:\\Users\\DELL\\employee-manager\\dataconnect": could not find dataconnect.yaml in `c:\Users\DELL\employee-manager\dataconnect`
 {"metadata":{"emulator":{"name":"dataconnect"},"message":"E0508 12:46:45.560258   22852 load.go:23] Could not load config from \"c:\\\\Users\\\\DELL\\\\employee-manager\\\\dataconnect\": could not find dataconnect.yaml in `c:\\Users\\DELL\\employee-manager\\dataconnect`\n"}}
[debug] [2025-05-08T07:16:55.558Z] E0508 12:46:55.557846   22852 load.go:23] Could not load config from "c:\\Users\\DELL\\employee-manager\\dataconnect": could not find dataconnect.yaml in `c:\Users\DELL\employee-manager\dataconnect`
 {"metadata":{"emulator":{"name":"dataconnect"},"message":"E0508 12:46:55.557846   22852 load.go:23] Could not load config from \"c:\\\\Users\\\\DELL\\\\employee-manager\\\\dataconnect\": could not find dataconnect.yaml in `c:\\Users\\DELL\\employee-manager\\dataconnect`\n"}}
[debug] [2025-05-08T07:17:05.563Z] E0508 12:47:05.562915   22852 load.go:23] Could not load config from "c:\\Users\\DELL\\employee-manager\\dataconnect": could not find dataconnect.yaml in `c:\Users\DELL\employee-manager\dataconnect`
 {"metadata":{"emulator":{"name":"dataconnect"},"message":"E0508 12:47:05.562915   22852 load.go:23] Could not load config from \"c:\\\\Users\\\\DELL\\\\employee-manager\\\\dataconnect\": could not find dataconnect.yaml in `c:\\Users\\DELL\\employee-manager\\dataconnect`\n"}}
[debug] [2025-05-08T07:17:15.570Z] E0508 12:47:15.570672   22852 load.go:23] Could not load config from "c:\\Users\\DELL\\employee-manager\\dataconnect": could not find dataconnect.yaml in `c:\Users\DELL\employee-manager\dataconnect`
 {"metadata":{"emulator":{"name":"dataconnect"},"message":"E0508 12:47:15.570672   22852 load.go:23] Could not load config from \"c:\\\\Users\\\\DELL\\\\employee-manager\\\\dataconnect\": could not find dataconnect.yaml in `c:\\Users\\DELL\\employee-manager\\dataconnect`\n"}}
[debug] [2025-05-08T07:17:25.559Z] E0508 12:47:25.558711   22852 load.go:23] Could not load config from "c:\\Users\\DELL\\employee-manager\\dataconnect": could not find dataconnect.yaml in `c:\Users\DELL\employee-manager\dataconnect`
 {"metadata":{"emulator":{"name":"dataconnect"},"message":"E0508 12:47:25.558711   22852 load.go:23] Could not load config from \"c:\\\\Users\\\\DELL\\\\employee-manager\\\\dataconnect\": could not find dataconnect.yaml in `c:\\Users\\DELL\\employee-manager\\dataconnect`\n"}}
[debug] [2025-05-08T07:17:35.569Z] E0508 12:47:35.569091   22852 load.go:23] Could not load config from "c:\\Users\\DELL\\employee-manager\\dataconnect": could not find dataconnect.yaml in `c:\Users\DELL\employee-manager\dataconnect`
 {"metadata":{"emulator":{"name":"dataconnect"},"message":"E0508 12:47:35.569091   22852 load.go:23] Could not load config from \"c:\\\\Users\\\\DELL\\\\employee-manager\\\\dataconnect\": could not find dataconnect.yaml in `c:\\Users\\DELL\\employee-manager\\dataconnect`\n"}}
[debug] [2025-05-08T07:17:45.561Z] E0508 12:47:45.561602   22852 load.go:23] Could not load config from "c:\\Users\\DELL\\employee-manager\\dataconnect": could not find dataconnect.yaml in `c:\Users\DELL\employee-manager\dataconnect`
 {"metadata":{"emulator":{"name":"dataconnect"},"message":"E0508 12:47:45.561602   22852 load.go:23] Could not load config from \"c:\\\\Users\\\\DELL\\\\employee-manager\\\\dataconnect\": could not find dataconnect.yaml in `c:\\Users\\DELL\\employee-manager\\dataconnect`\n"}}
[debug] [2025-05-08T07:17:55.563Z] E0508 12:47:55.562622   22852 load.go:23] Could not load config from "c:\\Users\\DELL\\employee-manager\\dataconnect": could not find dataconnect.yaml in `c:\Users\DELL\employee-manager\dataconnect`
 {"metadata":{"emulator":{"name":"dataconnect"},"message":"E0508 12:47:55.562622   22852 load.go:23] Could not load config from \"c:\\\\Users\\\\DELL\\\\employee-manager\\\\dataconnect\": could not find dataconnect.yaml in `c:\\Users\\DELL\\employee-manager\\dataconnect`\n"}}
[debug] [2025-05-08T07:18:05.563Z] E0508 12:48:05.562470   22852 load.go:23] Could not load config from "c:\\Users\\DELL\\employee-manager\\dataconnect": could not find dataconnect.yaml in `c:\Users\DELL\employee-manager\dataconnect`
 {"metadata":{"emulator":{"name":"dataconnect"},"message":"E0508 12:48:05.562470   22852 load.go:23] Could not load config from \"c:\\\\Users\\\\DELL\\\\employee-manager\\\\dataconnect\": could not find dataconnect.yaml in `c:\\Users\\DELL\\employee-manager\\dataconnect`\n"}}
[debug] [2025-05-08T07:18:05.564Z] E0508 12:48:05.563039   22852 watch.go:76] watchAllDir unable to walk dir `c:\Users\DELL\employee-manager\dataconnect`: on path "c:\\Users\\DELL\\employee-manager\\dataconnect" (DirEntry: <nil>): CreateFile c:\Users\DELL\employee-manager\dataconnect: The system cannot find the file specified.
 {"metadata":{"emulator":{"name":"dataconnect"},"message":"E0508 12:48:05.563039   22852 watch.go:76] watchAllDir unable to walk dir `c:\\Users\\DELL\\employee-manager\\dataconnect`: on path \"c:\\\\Users\\\\DELL\\\\employee-manager\\\\dataconnect\" (DirEntry: <nil>): CreateFile c:\\Users\\DELL\\employee-manager\\dataconnect: The system cannot find the file specified.\n"}}
[debug] [2025-05-08T07:18:15.563Z] E0508 12:48:15.563107   22852 load.go:23] Could not load config from "c:\\Users\\DELL\\employee-manager\\dataconnect": could not find dataconnect.yaml in `c:\Users\DELL\employee-manager\dataconnect`
 {"metadata":{"emulator":{"name":"dataconnect"},"message":"E0508 12:48:15.563107   22852 load.go:23] Could not load config from \"c:\\\\Users\\\\DELL\\\\employee-manager\\\\dataconnect\": could not find dataconnect.yaml in `c:\\Users\\DELL\\employee-manager\\dataconnect`\n"}}
[debug] [2025-05-08T07:18:25.560Z] E0508 12:48:25.559507   22852 load.go:23] Could not load config from "c:\\Users\\DELL\\employee-manager\\dataconnect": could not find dataconnect.yaml in `c:\Users\DELL\employee-manager\dataconnect`
 {"metadata":{"emulator":{"name":"dataconnect"},"message":"E0508 12:48:25.559507   22852 load.go:23] Could not load config from \"c:\\\\Users\\\\DELL\\\\employee-manager\\\\dataconnect\": could not find dataconnect.yaml in `c:\\Users\\DELL\\employee-manager\\dataconnect`\n"}}
[debug] [2025-05-08T07:18:35.564Z] E0508 12:48:35.564435   22852 load.go:23] Could not load config from "c:\\Users\\DELL\\employee-manager\\dataconnect": could not find dataconnect.yaml in `c:\Users\DELL\employee-manager\dataconnect`
 {"metadata":{"emulator":{"name":"dataconnect"},"message":"E0508 12:48:35.564435   22852 load.go:23] Could not load config from \"c:\\\\Users\\\\DELL\\\\employee-manager\\\\dataconnect\": could not find dataconnect.yaml in `c:\\Users\\DELL\\employee-manager\\dataconnect`\n"}}
[debug] [2025-05-08T07:18:45.557Z] E0508 12:48:45.556856   22852 load.go:23] Could not load config from "c:\\Users\\DELL\\employee-manager\\dataconnect": could not find dataconnect.yaml in `c:\Users\DELL\employee-manager\dataconnect`
 {"metadata":{"emulator":{"name":"dataconnect"},"message":"E0508 12:48:45.556856   22852 load.go:23] Could not load config from \"c:\\\\Users\\\\DELL\\\\employee-manager\\\\dataconnect\": could not find dataconnect.yaml in `c:\\Users\\DELL\\employee-manager\\dataconnect`\n"}}
[debug] [2025-05-08T07:18:55.561Z] E0508 12:48:55.560847   22852 load.go:23] Could not load config from "c:\\Users\\DELL\\employee-manager\\dataconnect": could not find dataconnect.yaml in `c:\Users\DELL\employee-manager\dataconnect`
 {"metadata":{"emulator":{"name":"dataconnect"},"message":"E0508 12:48:55.560847   22852 load.go:23] Could not load config from \"c:\\\\Users\\\\DELL\\\\employee-manager\\\\dataconnect\": could not find dataconnect.yaml in `c:\\Users\\DELL\\employee-manager\\dataconnect`\n"}}
[debug] [2025-05-08T07:19:05.563Z] E0508 12:49:05.562720   22852 load.go:23] Could not load config from "c:\\Users\\DELL\\employee-manager\\dataconnect": could not find dataconnect.yaml in `c:\Users\DELL\employee-manager\dataconnect`
 {"metadata":{"emulator":{"name":"dataconnect"},"message":"E0508 12:49:05.562720   22852 load.go:23] Could not load config from \"c:\\\\Users\\\\DELL\\\\employee-manager\\\\dataconnect\": could not find dataconnect.yaml in `c:\\Users\\DELL\\employee-manager\\dataconnect`\n"}}
[debug] [2025-05-08T07:19:15.566Z] E0508 12:49:15.566084   22852 load.go:23] Could not load config from "c:\\Users\\DELL\\employee-manager\\dataconnect": could not find dataconnect.yaml in `c:\Users\DELL\employee-manager\dataconnect`
 {"metadata":{"emulator":{"name":"dataconnect"},"message":"E0508 12:49:15.566084   22852 load.go:23] Could not load config from \"c:\\\\Users\\\\DELL\\\\employee-manager\\\\dataconnect\": could not find dataconnect.yaml in `c:\\Users\\DELL\\employee-manager\\dataconnect`\n"}}
[debug] [2025-05-08T07:19:25.560Z] E0508 12:49:25.560136   22852 load.go:23] Could not load config from "c:\\Users\\DELL\\employee-manager\\dataconnect": could not find dataconnect.yaml in `c:\Users\DELL\employee-manager\dataconnect`
 {"metadata":{"emulator":{"name":"dataconnect"},"message":"E0508 12:49:25.560136   22852 load.go:23] Could not load config from \"c:\\\\Users\\\\DELL\\\\employee-manager\\\\dataconnect\": could not find dataconnect.yaml in `c:\\Users\\DELL\\employee-manager\\dataconnect`\n"}}
[debug] [2025-05-08T07:19:35.557Z] E0508 12:49:35.557674   22852 load.go:23] Could not load config from "c:\\Users\\DELL\\employee-manager\\dataconnect": could not find dataconnect.yaml in `c:\Users\DELL\employee-manager\dataconnect`
 {"metadata":{"emulator":{"name":"dataconnect"},"message":"E0508 12:49:35.557674   22852 load.go:23] Could not load config from \"c:\\\\Users\\\\DELL\\\\employee-manager\\\\dataconnect\": could not find dataconnect.yaml in `c:\\Users\\DELL\\employee-manager\\dataconnect`\n"}}
[debug] [2025-05-08T07:19:45.562Z] E0508 12:49:45.561594   22852 load.go:23] Could not load config from "c:\\Users\\DELL\\employee-manager\\dataconnect": could not find dataconnect.yaml in `c:\Users\DELL\employee-manager\dataconnect`
 {"metadata":{"emulator":{"name":"dataconnect"},"message":"E0508 12:49:45.561594   22852 load.go:23] Could not load config from \"c:\\\\Users\\\\DELL\\\\employee-manager\\\\dataconnect\": could not find dataconnect.yaml in `c:\\Users\\DELL\\employee-manager\\dataconnect`\n"}}
[debug] [2025-05-08T07:19:55.557Z] E0508 12:49:55.556273   22852 load.go:23] Could not load config from "c:\\Users\\DELL\\employee-manager\\dataconnect": could not find dataconnect.yaml in `c:\Users\DELL\employee-manager\dataconnect`
 {"metadata":{"emulator":{"name":"dataconnect"},"message":"E0508 12:49:55.556273   22852 load.go:23] Could not load config from \"c:\\\\Users\\\\DELL\\\\employee-manager\\\\dataconnect\": could not find dataconnect.yaml in `c:\\Users\\DELL\\employee-manager\\dataconnect`\n"}}
[debug] [2025-05-08T07:20:05.563Z] E0508 12:50:05.562959   22852 load.go:23] Could not load config from "c:\\Users\\DELL\\employee-manager\\dataconnect": could not find dataconnect.yaml in `c:\Users\DELL\employee-manager\dataconnect`
E0508 12:50:05.562959   22852 watch.go:76] watchAllDir unable to walk dir `c:\Users\DELL\employee-manager\dataconnect`: on path "c:\\Users\\DELL\\employee-manager\\dataconnect" (DirEntry: <nil>): CreateFile c:\Users\DELL\employee-manager\dataconnect: The system cannot find the file specified.
 {"metadata":{"emulator":{"name":"dataconnect"},"message":"E0508 12:50:05.562959   22852 load.go:23] Could not load config from \"c:\\\\Users\\\\DELL\\\\employee-manager\\\\dataconnect\": could not find dataconnect.yaml in `c:\\Users\\DELL\\employee-manager\\dataconnect`\nE0508 12:50:05.562959   22852 watch.go:76] watchAllDir unable to walk dir `c:\\Users\\DELL\\employee-manager\\dataconnect`: on path \"c:\\\\Users\\\\DELL\\\\employee-manager\\\\dataconnect\" (DirEntry: <nil>): CreateFile c:\\Users\\DELL\\employee-manager\\dataconnect: The system cannot find the file specified.\n"}}
[debug] [2025-05-08T07:20:15.572Z] E0508 12:50:15.571755   22852 load.go:23] Could not load config from "c:\\Users\\DELL\\employee-manager\\dataconnect": could not find dataconnect.yaml in `c:\Users\DELL\employee-manager\dataconnect`
 {"metadata":{"emulator":{"name":"dataconnect"},"message":"E0508 12:50:15.571755   22852 load.go:23] Could not load config from \"c:\\\\Users\\\\DELL\\\\employee-manager\\\\dataconnect\": could not find dataconnect.yaml in `c:\\Users\\DELL\\employee-manager\\dataconnect`\n"}}
[debug] [2025-05-08T07:20:25.568Z] E0508 12:50:25.568343   22852 load.go:23] Could not load config from "c:\\Users\\DELL\\employee-manager\\dataconnect": could not find dataconnect.yaml in `c:\Users\DELL\employee-manager\dataconnect`
 {"metadata":{"emulator":{"name":"dataconnect"},"message":"E0508 12:50:25.568343   22852 load.go:23] Could not load config from \"c:\\\\Users\\\\DELL\\\\employee-manager\\\\dataconnect\": could not find dataconnect.yaml in `c:\\Users\\DELL\\employee-manager\\dataconnect`\n"}}
[debug] [2025-05-08T07:20:35.565Z] E0508 12:50:35.564792   22852 load.go:23] Could not load config from "c:\\Users\\DELL\\employee-manager\\dataconnect": could not find dataconnect.yaml in `c:\Users\DELL\employee-manager\dataconnect`
 {"metadata":{"emulator":{"name":"dataconnect"},"message":"E0508 12:50:35.564792   22852 load.go:23] Could not load config from \"c:\\\\Users\\\\DELL\\\\employee-manager\\\\dataconnect\": could not find dataconnect.yaml in `c:\\Users\\DELL\\employee-manager\\dataconnect`\n"}}
[debug] [2025-05-08T07:20:45.564Z] E0508 12:50:45.564760   22852 load.go:23] Could not load config from "c:\\Users\\DELL\\employee-manager\\dataconnect": could not find dataconnect.yaml in `c:\Users\DELL\employee-manager\dataconnect`
 {"metadata":{"emulator":{"name":"dataconnect"},"message":"E0508 12:50:45.564760   22852 load.go:23] Could not load config from \"c:\\\\Users\\\\DELL\\\\employee-manager\\\\dataconnect\": could not find dataconnect.yaml in `c:\\Users\\DELL\\employee-manager\\dataconnect`\n"}}
[debug] [2025-05-08T07:20:55.564Z] E0508 12:50:55.563673   22852 load.go:23] Could not load config from "c:\\Users\\DELL\\employee-manager\\dataconnect": could not find dataconnect.yaml in `c:\Users\DELL\employee-manager\dataconnect`
 {"metadata":{"emulator":{"name":"dataconnect"},"message":"E0508 12:50:55.563673   22852 load.go:23] Could not load config from \"c:\\\\Users\\\\DELL\\\\employee-manager\\\\dataconnect\": could not find dataconnect.yaml in `c:\\Users\\DELL\\employee-manager\\dataconnect`\n"}}
[debug] [2025-05-08T07:21:05.608Z] E0508 12:51:05.562669   22852 load.go:23] Could not load config from "c:\\Users\\DELL\\employee-manager\\dataconnect": could not find dataconnect.yaml in `c:\Users\DELL\employee-manager\dataconnect`
 {"metadata":{"emulator":{"name":"dataconnect"},"message":"E0508 12:51:05.562669   22852 load.go:23] Could not load config from \"c:\\\\Users\\\\DELL\\\\employee-manager\\\\dataconnect\": could not find dataconnect.yaml in `c:\\Users\\DELL\\employee-manager\\dataconnect`\n"}}
[debug] [2025-05-08T07:21:15.569Z] E0508 12:51:15.568882   22852 load.go:23] Could not load config from "c:\\Users\\DELL\\employee-manager\\dataconnect": could not find dataconnect.yaml in `c:\Users\DELL\employee-manager\dataconnect`
 {"metadata":{"emulator":{"name":"dataconnect"},"message":"E0508 12:51:15.568882   22852 load.go:23] Could not load config from \"c:\\\\Users\\\\DELL\\\\employee-manager\\\\dataconnect\": could not find dataconnect.yaml in `c:\\Users\\DELL\\employee-manager\\dataconnect`\n"}}
[debug] [2025-05-08T07:21:25.562Z] E0508 12:51:25.561539   22852 load.go:23] Could not load config from "c:\\Users\\DELL\\employee-manager\\dataconnect": could not find dataconnect.yaml in `c:\Users\DELL\employee-manager\dataconnect`
 {"metadata":{"emulator":{"name":"dataconnect"},"message":"E0508 12:51:25.561539   22852 load.go:23] Could not load config from \"c:\\\\Users\\\\DELL\\\\employee-manager\\\\dataconnect\": could not find dataconnect.yaml in `c:\\Users\\DELL\\employee-manager\\dataconnect`\n"}}
[debug] [2025-05-08T07:21:35.559Z] E0508 12:51:35.558407   22852 load.go:23] Could not load config from "c:\\Users\\DELL\\employee-manager\\dataconnect": could not find dataconnect.yaml in `c:\Users\DELL\employee-manager\dataconnect`
 {"metadata":{"emulator":{"name":"dataconnect"},"message":"E0508 12:51:35.558407   22852 load.go:23] Could not load config from \"c:\\\\Users\\\\DELL\\\\employee-manager\\\\dataconnect\": could not find dataconnect.yaml in `c:\\Users\\DELL\\employee-manager\\dataconnect`\n"}}
[debug] [2025-05-08T07:21:45.571Z] E0508 12:51:45.571132   22852 load.go:23] Could not load config from "c:\\Users\\DELL\\employee-manager\\dataconnect": could not find dataconnect.yaml in `c:\Users\DELL\employee-manager\dataconnect`
 {"metadata":{"emulator":{"name":"dataconnect"},"message":"E0508 12:51:45.571132   22852 load.go:23] Could not load config from \"c:\\\\Users\\\\DELL\\\\employee-manager\\\\dataconnect\": could not find dataconnect.yaml in `c:\\Users\\DELL\\employee-manager\\dataconnect`\n"}}
[debug] [2025-05-08T07:21:55.560Z] E0508 12:51:55.559951   22852 load.go:23] Could not load config from "c:\\Users\\DELL\\employee-manager\\dataconnect": could not find dataconnect.yaml in `c:\Users\DELL\employee-manager\dataconnect`
 {"metadata":{"emulator":{"name":"dataconnect"},"message":"E0508 12:51:55.559951   22852 load.go:23] Could not load config from \"c:\\\\Users\\\\DELL\\\\employee-manager\\\\dataconnect\": could not find dataconnect.yaml in `c:\\Users\\DELL\\employee-manager\\dataconnect`\n"}}
[debug] [2025-05-08T07:22:05.561Z] E0508 12:52:05.561263   22852 load.go:23] Could not load config from "c:\\Users\\DELL\\employee-manager\\dataconnect": could not find dataconnect.yaml in `c:\Users\DELL\employee-manager\dataconnect`
 {"metadata":{"emulator":{"name":"dataconnect"},"message":"E0508 12:52:05.561263   22852 load.go:23] Could not load config from \"c:\\\\Users\\\\DELL\\\\employee-manager\\\\dataconnect\": could not find dataconnect.yaml in `c:\\Users\\DELL\\employee-manager\\dataconnect`\n"}}
[debug] [2025-05-08T07:22:05.563Z] E0508 12:52:05.561263   22852 watch.go:76] watchAllDir unable to walk dir `c:\Users\DELL\employee-manager\dataconnect`: on path "c:\\Users\\DELL\\employee-manager\\dataconnect" (DirEntry: <nil>): CreateFile c:\Users\DELL\employee-manager\dataconnect: The system cannot find the file specified.
 {"metadata":{"emulator":{"name":"dataconnect"},"message":"E0508 12:52:05.561263   22852 watch.go:76] watchAllDir unable to walk dir `c:\\Users\\DELL\\employee-manager\\dataconnect`: on path \"c:\\\\Users\\\\DELL\\\\employee-manager\\\\dataconnect\" (DirEntry: <nil>): CreateFile c:\\Users\\DELL\\employee-manager\\dataconnect: The system cannot find the file specified.\n"}}
[debug] [2025-05-08T07:22:15.559Z] E0508 12:52:15.559519   22852 load.go:23] Could not load config from "c:\\Users\\DELL\\employee-manager\\dataconnect": could not find dataconnect.yaml in `c:\Users\DELL\employee-manager\dataconnect`
 {"metadata":{"emulator":{"name":"dataconnect"},"message":"E0508 12:52:15.559519   22852 load.go:23] Could not load config from \"c:\\\\Users\\\\DELL\\\\employee-manager\\\\dataconnect\": could not find dataconnect.yaml in `c:\\Users\\DELL\\employee-manager\\dataconnect`\n"}}
[debug] [2025-05-08T07:22:25.570Z] E0508 12:52:25.570301   22852 load.go:23] Could not load config from "c:\\Users\\DELL\\employee-manager\\dataconnect": could not find dataconnect.yaml in `c:\Users\DELL\employee-manager\dataconnect`
 {"metadata":{"emulator":{"name":"dataconnect"},"message":"E0508 12:52:25.570301   22852 load.go:23] Could not load config from \"c:\\\\Users\\\\DELL\\\\employee-manager\\\\dataconnect\": could not find dataconnect.yaml in `c:\\Users\\DELL\\employee-manager\\dataconnect`\n"}}
[debug] [2025-05-08T07:22:35.564Z] E0508 12:52:35.563970   22852 load.go:23] Could not load config from "c:\\Users\\DELL\\employee-manager\\dataconnect": could not find dataconnect.yaml in `c:\Users\DELL\employee-manager\dataconnect`
 {"metadata":{"emulator":{"name":"dataconnect"},"message":"E0508 12:52:35.563970   22852 load.go:23] Could not load config from \"c:\\\\Users\\\\DELL\\\\employee-manager\\\\dataconnect\": could not find dataconnect.yaml in `c:\\Users\\DELL\\employee-manager\\dataconnect`\n"}}
[debug] [2025-05-08T07:22:45.558Z] E0508 12:52:45.557808   22852 load.go:23] Could not load config from "c:\\Users\\DELL\\employee-manager\\dataconnect": could not find dataconnect.yaml in `c:\Users\DELL\employee-manager\dataconnect`
 {"metadata":{"emulator":{"name":"dataconnect"},"message":"E0508 12:52:45.557808   22852 load.go:23] Could not load config from \"c:\\\\Users\\\\DELL\\\\employee-manager\\\\dataconnect\": could not find dataconnect.yaml in `c:\\Users\\DELL\\employee-manager\\dataconnect`\n"}}
[debug] [2025-05-08T07:22:55.558Z] E0508 12:52:55.558559   22852 load.go:23] Could not load config from "c:\\Users\\DELL\\employee-manager\\dataconnect": could not find dataconnect.yaml in `c:\Users\DELL\employee-manager\dataconnect`
 {"metadata":{"emulator":{"name":"dataconnect"},"message":"E0508 12:52:55.558559   22852 load.go:23] Could not load config from \"c:\\\\Users\\\\DELL\\\\employee-manager\\\\dataconnect\": could not find dataconnect.yaml in `c:\\Users\\DELL\\employee-manager\\dataconnect`\n"}}
[debug] [2025-05-08T07:23:05.560Z] E0508 12:53:05.559712   22852 load.go:23] Could not load config from "c:\\Users\\DELL\\employee-manager\\dataconnect": could not find dataconnect.yaml in `c:\Users\DELL\employee-manager\dataconnect`
 {"metadata":{"emulator":{"name":"dataconnect"},"message":"E0508 12:53:05.559712   22852 load.go:23] Could not load config from \"c:\\\\Users\\\\DELL\\\\employee-manager\\\\dataconnect\": could not find dataconnect.yaml in `c:\\Users\\DELL\\employee-manager\\dataconnect`\n"}}
[debug] [2025-05-08T07:23:15.568Z] E0508 12:53:15.568508   22852 load.go:23] Could not load config from "c:\\Users\\DELL\\employee-manager\\dataconnect": could not find dataconnect.yaml in `c:\Users\DELL\employee-manager\dataconnect`
 {"metadata":{"emulator":{"name":"dataconnect"},"message":"E0508 12:53:15.568508   22852 load.go:23] Could not load config from \"c:\\\\Users\\\\DELL\\\\employee-manager\\\\dataconnect\": could not find dataconnect.yaml in `c:\\Users\\DELL\\employee-manager\\dataconnect`\n"}}
[debug] [2025-05-08T07:23:25.562Z] E0508 12:53:25.562089   22852 load.go:23] Could not load config from "c:\\Users\\DELL\\employee-manager\\dataconnect": could not find dataconnect.yaml in `c:\Users\DELL\employee-manager\dataconnect`
 {"metadata":{"emulator":{"name":"dataconnect"},"message":"E0508 12:53:25.562089   22852 load.go:23] Could not load config from \"c:\\\\Users\\\\DELL\\\\employee-manager\\\\dataconnect\": could not find dataconnect.yaml in `c:\\Users\\DELL\\employee-manager\\dataconnect`\n"}}
[debug] [2025-05-08T07:23:35.562Z] E0508 12:53:35.562341   22852 load.go:23] Could not load config from "c:\\Users\\DELL\\employee-manager\\dataconnect": could not find dataconnect.yaml in `c:\Users\DELL\employee-manager\dataconnect`
 {"metadata":{"emulator":{"name":"dataconnect"},"message":"E0508 12:53:35.562341   22852 load.go:23] Could not load config from \"c:\\\\Users\\\\DELL\\\\employee-manager\\\\dataconnect\": could not find dataconnect.yaml in `c:\\Users\\DELL\\employee-manager\\dataconnect`\n"}}
[debug] [2025-05-08T07:23:45.568Z] E0508 12:53:45.568503   22852 load.go:23] Could not load config from "c:\\Users\\DELL\\employee-manager\\dataconnect": could not find dataconnect.yaml in `c:\Users\DELL\employee-manager\dataconnect`
 {"metadata":{"emulator":{"name":"dataconnect"},"message":"E0508 12:53:45.568503   22852 load.go:23] Could not load config from \"c:\\\\Users\\\\DELL\\\\employee-manager\\\\dataconnect\": could not find dataconnect.yaml in `c:\\Users\\DELL\\employee-manager\\dataconnect`\n"}}
[debug] [2025-05-08T07:23:55.560Z] E0508 12:53:55.560070   22852 load.go:23] Could not load config from "c:\\Users\\DELL\\employee-manager\\dataconnect": could not find dataconnect.yaml in `c:\Users\DELL\employee-manager\dataconnect`
 {"metadata":{"emulator":{"name":"dataconnect"},"message":"E0508 12:53:55.560070   22852 load.go:23] Could not load config from \"c:\\\\Users\\\\DELL\\\\employee-manager\\\\dataconnect\": could not find dataconnect.yaml in `c:\\Users\\DELL\\employee-manager\\dataconnect`\n"}}
[debug] [2025-05-08T07:24:05.563Z] E0508 12:54:05.562758   22852 load.go:23] Could not load config from "c:\\Users\\DELL\\employee-manager\\dataconnect": could not find dataconnect.yaml in `c:\Users\DELL\employee-manager\dataconnect`
 {"metadata":{"emulator":{"name":"dataconnect"},"message":"E0508 12:54:05.562758   22852 load.go:23] Could not load config from \"c:\\\\Users\\\\DELL\\\\employee-manager\\\\dataconnect\": could not find dataconnect.yaml in `c:\\Users\\DELL\\employee-manager\\dataconnect`\n"}}
[debug] [2025-05-08T07:24:05.564Z] E0508 12:54:05.562758   22852 watch.go:76] watchAllDir unable to walk dir `c:\Users\DELL\employee-manager\dataconnect`: on path "c:\\Users\\DELL\\employee-manager\\dataconnect" (DirEntry: <nil>): CreateFile c:\Users\DELL\employee-manager\dataconnect: The system cannot find the file specified.
 {"metadata":{"emulator":{"name":"dataconnect"},"message":"E0508 12:54:05.562758   22852 watch.go:76] watchAllDir unable to walk dir `c:\\Users\\DELL\\employee-manager\\dataconnect`: on path \"c:\\\\Users\\\\DELL\\\\employee-manager\\\\dataconnect\" (DirEntry: <nil>): CreateFile c:\\Users\\DELL\\employee-manager\\dataconnect: The system cannot find the file specified.\n"}}
[debug] [2025-05-08T07:24:15.561Z] E0508 12:54:15.561096   22852 load.go:23] Could not load config from "c:\\Users\\DELL\\employee-manager\\dataconnect": could not find dataconnect.yaml in `c:\Users\DELL\employee-manager\dataconnect`
 {"metadata":{"emulator":{"name":"dataconnect"},"message":"E0508 12:54:15.561096   22852 load.go:23] Could not load config from \"c:\\\\Users\\\\DELL\\\\employee-manager\\\\dataconnect\": could not find dataconnect.yaml in `c:\\Users\\DELL\\employee-manager\\dataconnect`\n"}}
[debug] [2025-05-08T07:24:25.562Z] E0508 12:54:25.561561   22852 load.go:23] Could not load config from "c:\\Users\\DELL\\employee-manager\\dataconnect": could not find dataconnect.yaml in `c:\Users\DELL\employee-manager\dataconnect`
 {"metadata":{"emulator":{"name":"dataconnect"},"message":"E0508 12:54:25.561561   22852 load.go:23] Could not load config from \"c:\\\\Users\\\\DELL\\\\employee-manager\\\\dataconnect\": could not find dataconnect.yaml in `c:\\Users\\DELL\\employee-manager\\dataconnect`\n"}}
[debug] [2025-05-08T07:24:35.605Z] E0508 12:54:35.568118   22852 load.go:23] Could not load config from "c:\\Users\\DELL\\employee-manager\\dataconnect": could not find dataconnect.yaml in `c:\Users\DELL\employee-manager\dataconnect`
 {"metadata":{"emulator":{"name":"dataconnect"},"message":"E0508 12:54:35.568118   22852 load.go:23] Could not load config from \"c:\\\\Users\\\\DELL\\\\employee-manager\\\\dataconnect\": could not find dataconnect.yaml in `c:\\Users\\DELL\\employee-manager\\dataconnect`\n"}}
[debug] [2025-05-08T07:24:45.562Z] E0508 12:54:45.562209   22852 load.go:23] Could not load config from "c:\\Users\\DELL\\employee-manager\\dataconnect": could not find dataconnect.yaml in `c:\Users\DELL\employee-manager\dataconnect`
 {"metadata":{"emulator":{"name":"dataconnect"},"message":"E0508 12:54:45.562209   22852 load.go:23] Could not load config from \"c:\\\\Users\\\\DELL\\\\employee-manager\\\\dataconnect\": could not find dataconnect.yaml in `c:\\Users\\DELL\\employee-manager\\dataconnect`\n"}}
[debug] [2025-05-08T07:24:55.563Z] E0508 12:54:55.563795   22852 load.go:23] Could not load config from "c:\\Users\\DELL\\employee-manager\\dataconnect": could not find dataconnect.yaml in `c:\Users\DELL\employee-manager\dataconnect`
 {"metadata":{"emulator":{"name":"dataconnect"},"message":"E0508 12:54:55.563795   22852 load.go:23] Could not load config from \"c:\\\\Users\\\\DELL\\\\employee-manager\\\\dataconnect\": could not find dataconnect.yaml in `c:\\Users\\DELL\\employee-manager\\dataconnect`\n"}}
[debug] [2025-05-08T07:25:05.564Z] E0508 12:55:05.564775   22852 load.go:23] Could not load config from "c:\\Users\\DELL\\employee-manager\\dataconnect": could not find dataconnect.yaml in `c:\Users\DELL\employee-manager\dataconnect`
 {"metadata":{"emulator":{"name":"dataconnect"},"message":"E0508 12:55:05.564775   22852 load.go:23] Could not load config from \"c:\\\\Users\\\\DELL\\\\employee-manager\\\\dataconnect\": could not find dataconnect.yaml in `c:\\Users\\DELL\\employee-manager\\dataconnect`\n"}}
[debug] [2025-05-08T07:25:15.560Z] E0508 12:55:15.561073   22852 load.go:23] Could not load config from "c:\\Users\\DELL\\employee-manager\\dataconnect": could not find dataconnect.yaml in `c:\Users\DELL\employee-manager\dataconnect`
 {"metadata":{"emulator":{"name":"dataconnect"},"message":"E0508 12:55:15.561073   22852 load.go:23] Could not load config from \"c:\\\\Users\\\\DELL\\\\employee-manager\\\\dataconnect\": could not find dataconnect.yaml in `c:\\Users\\DELL\\employee-manager\\dataconnect`\n"}}
[debug] [2025-05-08T07:25:25.556Z] E0508 12:55:25.556521   22852 load.go:23] Could not load config from "c:\\Users\\DELL\\employee-manager\\dataconnect": could not find dataconnect.yaml in `c:\Users\DELL\employee-manager\dataconnect`
 {"metadata":{"emulator":{"name":"dataconnect"},"message":"E0508 12:55:25.556521   22852 load.go:23] Could not load config from \"c:\\\\Users\\\\DELL\\\\employee-manager\\\\dataconnect\": could not find dataconnect.yaml in `c:\\Users\\DELL\\employee-manager\\dataconnect`\n"}}
[debug] [2025-05-08T07:25:35.568Z] E0508 12:55:35.568168   22852 load.go:23] Could not load config from "c:\\Users\\DELL\\employee-manager\\dataconnect": could not find dataconnect.yaml in `c:\Users\DELL\employee-manager\dataconnect`
 {"metadata":{"emulator":{"name":"dataconnect"},"message":"E0508 12:55:35.568168   22852 load.go:23] Could not load config from \"c:\\\\Users\\\\DELL\\\\employee-manager\\\\dataconnect\": could not find dataconnect.yaml in `c:\\Users\\DELL\\employee-manager\\dataconnect`\n"}}
[debug] [2025-05-08T07:25:45.565Z] E0508 12:55:45.565370   22852 load.go:23] Could not load config from "c:\\Users\\DELL\\employee-manager\\dataconnect": could not find dataconnect.yaml in `c:\Users\DELL\employee-manager\dataconnect`
 {"metadata":{"emulator":{"name":"dataconnect"},"message":"E0508 12:55:45.565370   22852 load.go:23] Could not load config from \"c:\\\\Users\\\\DELL\\\\employee-manager\\\\dataconnect\": could not find dataconnect.yaml in `c:\\Users\\DELL\\employee-manager\\dataconnect`\n"}}
[debug] [2025-05-08T07:25:55.564Z] E0508 12:55:55.564542   22852 load.go:23] Could not load config from "c:\\Users\\DELL\\employee-manager\\dataconnect": could not find dataconnect.yaml in `c:\Users\DELL\employee-manager\dataconnect`
 {"metadata":{"emulator":{"name":"dataconnect"},"message":"E0508 12:55:55.564542   22852 load.go:23] Could not load config from \"c:\\\\Users\\\\DELL\\\\employee-manager\\\\dataconnect\": could not find dataconnect.yaml in `c:\\Users\\DELL\\employee-manager\\dataconnect`\n"}}
[debug] [2025-05-08T07:26:05.568Z] E0508 12:56:05.567387   22852 load.go:23] Could not load config from "c:\\Users\\DELL\\employee-manager\\dataconnect": could not find dataconnect.yaml in `c:\Users\DELL\employee-manager\dataconnect`
E0508 12:56:05.568151   22852 watch.go:76] watchAllDir unable to walk dir `c:\Users\DELL\employee-manager\dataconnect`: on path "c:\\Users\\DELL\\employee-manager\\dataconnect" (DirEntry: <nil>): CreateFile c:\Users\DELL\employee-manager\dataconnect: The system cannot find the file specified.
 {"metadata":{"emulator":{"name":"dataconnect"},"message":"E0508 12:56:05.567387   22852 load.go:23] Could not load config from \"c:\\\\Users\\\\DELL\\\\employee-manager\\\\dataconnect\": could not find dataconnect.yaml in `c:\\Users\\DELL\\employee-manager\\dataconnect`\nE0508 12:56:05.568151   22852 watch.go:76] watchAllDir unable to walk dir `c:\\Users\\DELL\\employee-manager\\dataconnect`: on path \"c:\\\\Users\\\\DELL\\\\employee-manager\\\\dataconnect\" (DirEntry: <nil>): CreateFile c:\\Users\\DELL\\employee-manager\\dataconnect: The system cannot find the file specified.\n"}}
[debug] [2025-05-08T07:26:15.565Z] E0508 12:56:15.565008   22852 load.go:23] Could not load config from "c:\\Users\\DELL\\employee-manager\\dataconnect": could not find dataconnect.yaml in `c:\Users\DELL\employee-manager\dataconnect`
 {"metadata":{"emulator":{"name":"dataconnect"},"message":"E0508 12:56:15.565008   22852 load.go:23] Could not load config from \"c:\\\\Users\\\\DELL\\\\employee-manager\\\\dataconnect\": could not find dataconnect.yaml in `c:\\Users\\DELL\\employee-manager\\dataconnect`\n"}}
[debug] [2025-05-08T07:26:25.564Z] E0508 12:56:25.564789   22852 load.go:23] Could not load config from "c:\\Users\\DELL\\employee-manager\\dataconnect": could not find dataconnect.yaml in `c:\Users\DELL\employee-manager\dataconnect`
 {"metadata":{"emulator":{"name":"dataconnect"},"message":"E0508 12:56:25.564789   22852 load.go:23] Could not load config from \"c:\\\\Users\\\\DELL\\\\employee-manager\\\\dataconnect\": could not find dataconnect.yaml in `c:\\Users\\DELL\\employee-manager\\dataconnect`\n"}}
[debug] [2025-05-08T07:26:35.570Z] E0508 12:56:35.570681   22852 load.go:23] Could not load config from "c:\\Users\\DELL\\employee-manager\\dataconnect": could not find dataconnect.yaml in `c:\Users\DELL\employee-manager\dataconnect`
 {"metadata":{"emulator":{"name":"dataconnect"},"message":"E0508 12:56:35.570681   22852 load.go:23] Could not load config from \"c:\\\\Users\\\\DELL\\\\employee-manager\\\\dataconnect\": could not find dataconnect.yaml in `c:\\Users\\DELL\\employee-manager\\dataconnect`\n"}}
[debug] [2025-05-08T07:26:45.567Z] E0508 12:56:45.567140   22852 load.go:23] Could not load config from "c:\\Users\\DELL\\employee-manager\\dataconnect": could not find dataconnect.yaml in `c:\Users\DELL\employee-manager\dataconnect`
 {"metadata":{"emulator":{"name":"dataconnect"},"message":"E0508 12:56:45.567140   22852 load.go:23] Could not load config from \"c:\\\\Users\\\\DELL\\\\employee-manager\\\\dataconnect\": could not find dataconnect.yaml in `c:\\Users\\DELL\\employee-manager\\dataconnect`\n"}}
[debug] [2025-05-08T07:26:55.563Z] E0508 12:56:55.563032   22852 load.go:23] Could not load config from "c:\\Users\\DELL\\employee-manager\\dataconnect": could not find dataconnect.yaml in `c:\Users\DELL\employee-manager\dataconnect`
 {"metadata":{"emulator":{"name":"dataconnect"},"message":"E0508 12:56:55.563032   22852 load.go:23] Could not load config from \"c:\\\\Users\\\\DELL\\\\employee-manager\\\\dataconnect\": could not find dataconnect.yaml in `c:\\Users\\DELL\\employee-manager\\dataconnect`\n"}}
[debug] [2025-05-08T07:27:05.569Z] E0508 12:57:05.571668   22852 load.go:23] Could not load config from "c:\\Users\\DELL\\employee-manager\\dataconnect": could not find dataconnect.yaml in `c:\Users\DELL\employee-manager\dataconnect`
 {"metadata":{"emulator":{"name":"dataconnect"},"message":"E0508 12:57:05.571668   22852 load.go:23] Could not load config from \"c:\\\\Users\\\\DELL\\\\employee-manager\\\\dataconnect\": could not find dataconnect.yaml in `c:\\Users\\DELL\\employee-manager\\dataconnect`\n"}}
[debug] [2025-05-08T07:27:15.560Z] E0508 12:57:15.561875   22852 load.go:23] Could not load config from "c:\\Users\\DELL\\employee-manager\\dataconnect": could not find dataconnect.yaml in `c:\Users\DELL\employee-manager\dataconnect`
 {"metadata":{"emulator":{"name":"dataconnect"},"message":"E0508 12:57:15.561875   22852 load.go:23] Could not load config from \"c:\\\\Users\\\\DELL\\\\employee-manager\\\\dataconnect\": could not find dataconnect.yaml in `c:\\Users\\DELL\\employee-manager\\dataconnect`\n"}}
[debug] [2025-05-08T07:27:25.561Z] E0508 12:57:25.563285   22852 load.go:23] Could not load config from "c:\\Users\\DELL\\employee-manager\\dataconnect": could not find dataconnect.yaml in `c:\Users\DELL\employee-manager\dataconnect`
 {"metadata":{"emulator":{"name":"dataconnect"},"message":"E0508 12:57:25.563285   22852 load.go:23] Could not load config from \"c:\\\\Users\\\\DELL\\\\employee-manager\\\\dataconnect\": could not find dataconnect.yaml in `c:\\Users\\DELL\\employee-manager\\dataconnect`\n"}}
[debug] [2025-05-08T07:27:35.555Z] E0508 12:57:35.557149   22852 load.go:23] Could not load config from "c:\\Users\\DELL\\employee-manager\\dataconnect": could not find dataconnect.yaml in `c:\Users\DELL\employee-manager\dataconnect`
 {"metadata":{"emulator":{"name":"dataconnect"},"message":"E0508 12:57:35.557149   22852 load.go:23] Could not load config from \"c:\\\\Users\\\\DELL\\\\employee-manager\\\\dataconnect\": could not find dataconnect.yaml in `c:\\Users\\DELL\\employee-manager\\dataconnect`\n"}}
[debug] [2025-05-08T07:27:45.566Z] E0508 12:57:45.568828   22852 load.go:23] Could not load config from "c:\\Users\\DELL\\employee-manager\\dataconnect": could not find dataconnect.yaml in `c:\Users\DELL\employee-manager\dataconnect`
 {"metadata":{"emulator":{"name":"dataconnect"},"message":"E0508 12:57:45.568828   22852 load.go:23] Could not load config from \"c:\\\\Users\\\\DELL\\\\employee-manager\\\\dataconnect\": could not find dataconnect.yaml in `c:\\Users\\DELL\\employee-manager\\dataconnect`\n"}}
[debug] [2025-05-08T07:27:55.557Z] E0508 12:57:55.558788   22852 load.go:23] Could not load config from "c:\\Users\\DELL\\employee-manager\\dataconnect": could not find dataconnect.yaml in `c:\Users\DELL\employee-manager\dataconnect`
 {"metadata":{"emulator":{"name":"dataconnect"},"message":"E0508 12:57:55.558788   22852 load.go:23] Could not load config from \"c:\\\\Users\\\\DELL\\\\employee-manager\\\\dataconnect\": could not find dataconnect.yaml in `c:\\Users\\DELL\\employee-manager\\dataconnect`\n"}}
[debug] [2025-05-08T07:28:05.558Z] E0508 12:58:05.557998   22852 load.go:23] Could not load config from "c:\\Users\\DELL\\employee-manager\\dataconnect": could not find dataconnect.yaml in `c:\Users\DELL\employee-manager\dataconnect`
 {"metadata":{"emulator":{"name":"dataconnect"},"message":"E0508 12:58:05.557998   22852 load.go:23] Could not load config from \"c:\\\\Users\\\\DELL\\\\employee-manager\\\\dataconnect\": could not find dataconnect.yaml in `c:\\Users\\DELL\\employee-manager\\dataconnect`\n"}}
[debug] [2025-05-08T07:28:05.560Z] E0508 12:58:05.557998   22852 watch.go:76] watchAllDir unable to walk dir `c:\Users\DELL\employee-manager\dataconnect`: on path "c:\\Users\\DELL\\employee-manager\\dataconnect" (DirEntry: <nil>): CreateFile c:\Users\DELL\employee-manager\dataconnect: The system cannot find the file specified.
 {"metadata":{"emulator":{"name":"dataconnect"},"message":"E0508 12:58:05.557998   22852 watch.go:76] watchAllDir unable to walk dir `c:\\Users\\DELL\\employee-manager\\dataconnect`: on path \"c:\\\\Users\\\\DELL\\\\employee-manager\\\\dataconnect\" (DirEntry: <nil>): CreateFile c:\\Users\\DELL\\employee-manager\\dataconnect: The system cannot find the file specified.\n"}}
[debug] [2025-05-08T07:28:15.562Z] E0508 12:58:15.561815   22852 load.go:23] Could not load config from "c:\\Users\\DELL\\employee-manager\\dataconnect": could not find dataconnect.yaml in `c:\Users\DELL\employee-manager\dataconnect`
 {"metadata":{"emulator":{"name":"dataconnect"},"message":"E0508 12:58:15.561815   22852 load.go:23] Could not load config from \"c:\\\\Users\\\\DELL\\\\employee-manager\\\\dataconnect\": could not find dataconnect.yaml in `c:\\Users\\DELL\\employee-manager\\dataconnect`\n"}}
[debug] [2025-05-08T07:28:25.567Z] E0508 12:58:25.566837   22852 load.go:23] Could not load config from "c:\\Users\\DELL\\employee-manager\\dataconnect": could not find dataconnect.yaml in `c:\Users\DELL\employee-manager\dataconnect`
 {"metadata":{"emulator":{"name":"dataconnect"},"message":"E0508 12:58:25.566837   22852 load.go:23] Could not load config from \"c:\\\\Users\\\\DELL\\\\employee-manager\\\\dataconnect\": could not find dataconnect.yaml in `c:\\Users\\DELL\\employee-manager\\dataconnect`\n"}}
[debug] [2025-05-08T07:28:35.566Z] E0508 12:58:35.565124   22852 load.go:23] Could not load config from "c:\\Users\\DELL\\employee-manager\\dataconnect": could not find dataconnect.yaml in `c:\Users\DELL\employee-manager\dataconnect`
 {"metadata":{"emulator":{"name":"dataconnect"},"message":"E0508 12:58:35.565124   22852 load.go:23] Could not load config from \"c:\\\\Users\\\\DELL\\\\employee-manager\\\\dataconnect\": could not find dataconnect.yaml in `c:\\Users\\DELL\\employee-manager\\dataconnect`\n"}}
[debug] [2025-05-08T07:28:45.568Z] E0508 12:58:45.567479   22852 load.go:23] Could not load config from "c:\\Users\\DELL\\employee-manager\\dataconnect": could not find dataconnect.yaml in `c:\Users\DELL\employee-manager\dataconnect`
 {"metadata":{"emulator":{"name":"dataconnect"},"message":"E0508 12:58:45.567479   22852 load.go:23] Could not load config from \"c:\\\\Users\\\\DELL\\\\employee-manager\\\\dataconnect\": could not find dataconnect.yaml in `c:\\Users\\DELL\\employee-manager\\dataconnect`\n"}}
[debug] [2025-05-08T07:28:55.564Z] E0508 12:58:55.563726   22852 load.go:23] Could not load config from "c:\\Users\\DELL\\employee-manager\\dataconnect": could not find dataconnect.yaml in `c:\Users\DELL\employee-manager\dataconnect`
 {"metadata":{"emulator":{"name":"dataconnect"},"message":"E0508 12:58:55.563726   22852 load.go:23] Could not load config from \"c:\\\\Users\\\\DELL\\\\employee-manager\\\\dataconnect\": could not find dataconnect.yaml in `c:\\Users\\DELL\\employee-manager\\dataconnect`\n"}}
[debug] [2025-05-08T07:29:05.561Z] E0508 12:59:05.561777   22852 load.go:23] Could not load config from "c:\\Users\\DELL\\employee-manager\\dataconnect": could not find dataconnect.yaml in `c:\Users\DELL\employee-manager\dataconnect`
 {"metadata":{"emulator":{"name":"dataconnect"},"message":"E0508 12:59:05.561777   22852 load.go:23] Could not load config from \"c:\\\\Users\\\\DELL\\\\employee-manager\\\\dataconnect\": could not find dataconnect.yaml in `c:\\Users\\DELL\\employee-manager\\dataconnect`\n"}}
[debug] [2025-05-08T07:29:15.570Z] E0508 12:59:15.570021   22852 load.go:23] Could not load config from "c:\\Users\\DELL\\employee-manager\\dataconnect": could not find dataconnect.yaml in `c:\Users\DELL\employee-manager\dataconnect`
 {"metadata":{"emulator":{"name":"dataconnect"},"message":"E0508 12:59:15.570021   22852 load.go:23] Could not load config from \"c:\\\\Users\\\\DELL\\\\employee-manager\\\\dataconnect\": could not find dataconnect.yaml in `c:\\Users\\DELL\\employee-manager\\dataconnect`\n"}}
[debug] [2025-05-08T07:29:25.559Z] E0508 12:59:25.559415   22852 load.go:23] Could not load config from "c:\\Users\\DELL\\employee-manager\\dataconnect": could not find dataconnect.yaml in `c:\Users\DELL\employee-manager\dataconnect`
 {"metadata":{"emulator":{"name":"dataconnect"},"message":"E0508 12:59:25.559415   22852 load.go:23] Could not load config from \"c:\\\\Users\\\\DELL\\\\employee-manager\\\\dataconnect\": could not find dataconnect.yaml in `c:\\Users\\DELL\\employee-manager\\dataconnect`\n"}}
[debug] [2025-05-08T07:29:35.571Z] E0508 12:59:35.570875   22852 load.go:23] Could not load config from "c:\\Users\\DELL\\employee-manager\\dataconnect": could not find dataconnect.yaml in `c:\Users\DELL\employee-manager\dataconnect`
 {"metadata":{"emulator":{"name":"dataconnect"},"message":"E0508 12:59:35.570875   22852 load.go:23] Could not load config from \"c:\\\\Users\\\\DELL\\\\employee-manager\\\\dataconnect\": could not find dataconnect.yaml in `c:\\Users\\DELL\\employee-manager\\dataconnect`\n"}}
[debug] [2025-05-08T07:29:45.557Z] E0508 12:59:45.557260   22852 load.go:23] Could not load config from "c:\\Users\\DELL\\employee-manager\\dataconnect": could not find dataconnect.yaml in `c:\Users\DELL\employee-manager\dataconnect`
 {"metadata":{"emulator":{"name":"dataconnect"},"message":"E0508 12:59:45.557260   22852 load.go:23] Could not load config from \"c:\\\\Users\\\\DELL\\\\employee-manager\\\\dataconnect\": could not find dataconnect.yaml in `c:\\Users\\DELL\\employee-manager\\dataconnect`\n"}}
[debug] [2025-05-08T07:29:55.571Z] E0508 12:59:55.571771   22852 load.go:23] Could not load config from "c:\\Users\\DELL\\employee-manager\\dataconnect": could not find dataconnect.yaml in `c:\Users\DELL\employee-manager\dataconnect`
 {"metadata":{"emulator":{"name":"dataconnect"},"message":"E0508 12:59:55.571771   22852 load.go:23] Could not load config from \"c:\\\\Users\\\\DELL\\\\employee-manager\\\\dataconnect\": could not find dataconnect.yaml in `c:\\Users\\DELL\\employee-manager\\dataconnect`\n"}}
[debug] [2025-05-08T07:30:05.564Z] E0508 13:00:05.564048   22852 load.go:23] Could not load config from "c:\\Users\\DELL\\employee-manager\\dataconnect": could not find dataconnect.yaml in `c:\Users\DELL\employee-manager\dataconnect`
 {"metadata":{"emulator":{"name":"dataconnect"},"message":"E0508 13:00:05.564048   22852 load.go:23] Could not load config from \"c:\\\\Users\\\\DELL\\\\employee-manager\\\\dataconnect\": could not find dataconnect.yaml in `c:\\Users\\DELL\\employee-manager\\dataconnect`\n"}}
[debug] [2025-05-08T07:30:05.566Z] E0508 13:00:05.564048   22852 watch.go:76] watchAllDir unable to walk dir `c:\Users\DELL\employee-manager\dataconnect`: on path "c:\\Users\\DELL\\employee-manager\\dataconnect" (DirEntry: <nil>): CreateFile c:\Users\DELL\employee-manager\dataconnect: The system cannot find the file specified.
 {"metadata":{"emulator":{"name":"dataconnect"},"message":"E0508 13:00:05.564048   22852 watch.go:76] watchAllDir unable to walk dir `c:\\Users\\DELL\\employee-manager\\dataconnect`: on path \"c:\\\\Users\\\\DELL\\\\employee-manager\\\\dataconnect\" (DirEntry: <nil>): CreateFile c:\\Users\\DELL\\employee-manager\\dataconnect: The system cannot find the file specified.\n"}}
[debug] [2025-05-08T07:30:15.558Z] E0508 13:00:15.558041   22852 load.go:23] Could not load config from "c:\\Users\\DELL\\employee-manager\\dataconnect": could not find dataconnect.yaml in `c:\Users\DELL\employee-manager\dataconnect`
 {"metadata":{"emulator":{"name":"dataconnect"},"message":"E0508 13:00:15.558041   22852 load.go:23] Could not load config from \"c:\\\\Users\\\\DELL\\\\employee-manager\\\\dataconnect\": could not find dataconnect.yaml in `c:\\Users\\DELL\\employee-manager\\dataconnect`\n"}}
[debug] [2025-05-08T07:30:25.562Z] E0508 13:00:25.562124   22852 load.go:23] Could not load config from "c:\\Users\\DELL\\employee-manager\\dataconnect": could not find dataconnect.yaml in `c:\Users\DELL\employee-manager\dataconnect`
 {"metadata":{"emulator":{"name":"dataconnect"},"message":"E0508 13:00:25.562124   22852 load.go:23] Could not load config from \"c:\\\\Users\\\\DELL\\\\employee-manager\\\\dataconnect\": could not find dataconnect.yaml in `c:\\Users\\DELL\\employee-manager\\dataconnect`\n"}}
[debug] [2025-05-08T07:30:35.567Z] E0508 13:00:35.567502   22852 load.go:23] Could not load config from "c:\\Users\\DELL\\employee-manager\\dataconnect": could not find dataconnect.yaml in `c:\Users\DELL\employee-manager\dataconnect`
 {"metadata":{"emulator":{"name":"dataconnect"},"message":"E0508 13:00:35.567502   22852 load.go:23] Could not load config from \"c:\\\\Users\\\\DELL\\\\employee-manager\\\\dataconnect\": could not find dataconnect.yaml in `c:\\Users\\DELL\\employee-manager\\dataconnect`\n"}}
[debug] [2025-05-08T07:30:45.564Z] E0508 13:00:45.563558   22852 load.go:23] Could not load config from "c:\\Users\\DELL\\employee-manager\\dataconnect": could not find dataconnect.yaml in `c:\Users\DELL\employee-manager\dataconnect`
 {"metadata":{"emulator":{"name":"dataconnect"},"message":"E0508 13:00:45.563558   22852 load.go:23] Could not load config from \"c:\\\\Users\\\\DELL\\\\employee-manager\\\\dataconnect\": could not find dataconnect.yaml in `c:\\Users\\DELL\\employee-manager\\dataconnect`\n"}}
[debug] [2025-05-08T07:30:55.560Z] E0508 13:00:55.559676   22852 load.go:23] Could not load config from "c:\\Users\\DELL\\employee-manager\\dataconnect": could not find dataconnect.yaml in `c:\Users\DELL\employee-manager\dataconnect`
 {"metadata":{"emulator":{"name":"dataconnect"},"message":"E0508 13:00:55.559676   22852 load.go:23] Could not load config from \"c:\\\\Users\\\\DELL\\\\employee-manager\\\\dataconnect\": could not find dataconnect.yaml in `c:\\Users\\DELL\\employee-manager\\dataconnect`\n"}}
[debug] [2025-05-08T07:31:05.563Z] E0508 13:01:05.562727   22852 load.go:23] Could not load config from "c:\\Users\\DELL\\employee-manager\\dataconnect": could not find dataconnect.yaml in `c:\Users\DELL\employee-manager\dataconnect`
 {"metadata":{"emulator":{"name":"dataconnect"},"message":"E0508 13:01:05.562727   22852 load.go:23] Could not load config from \"c:\\\\Users\\\\DELL\\\\employee-manager\\\\dataconnect\": could not find dataconnect.yaml in `c:\\Users\\DELL\\employee-manager\\dataconnect`\n"}}
[debug] [2025-05-08T07:31:15.562Z] E0508 13:01:15.562258   22852 load.go:23] Could not load config from "c:\\Users\\DELL\\employee-manager\\dataconnect": could not find dataconnect.yaml in `c:\Users\DELL\employee-manager\dataconnect`
 {"metadata":{"emulator":{"name":"dataconnect"},"message":"E0508 13:01:15.562258   22852 load.go:23] Could not load config from \"c:\\\\Users\\\\DELL\\\\employee-manager\\\\dataconnect\": could not find dataconnect.yaml in `c:\\Users\\DELL\\employee-manager\\dataconnect`\n"}}
[debug] [2025-05-08T07:31:25.560Z] E0508 13:01:25.560460   22852 load.go:23] Could not load config from "c:\\Users\\DELL\\employee-manager\\dataconnect": could not find dataconnect.yaml in `c:\Users\DELL\employee-manager\dataconnect`
 {"metadata":{"emulator":{"name":"dataconnect"},"message":"E0508 13:01:25.560460   22852 load.go:23] Could not load config from \"c:\\\\Users\\\\DELL\\\\employee-manager\\\\dataconnect\": could not find dataconnect.yaml in `c:\\Users\\DELL\\employee-manager\\dataconnect`\n"}}
[debug] [2025-05-08T07:31:35.561Z] E0508 13:01:35.560293   22852 load.go:23] Could not load config from "c:\\Users\\DELL\\employee-manager\\dataconnect": could not find dataconnect.yaml in `c:\Users\DELL\employee-manager\dataconnect`
 {"metadata":{"emulator":{"name":"dataconnect"},"message":"E0508 13:01:35.560293   22852 load.go:23] Could not load config from \"c:\\\\Users\\\\DELL\\\\employee-manager\\\\dataconnect\": could not find dataconnect.yaml in `c:\\Users\\DELL\\employee-manager\\dataconnect`\n"}}
[debug] [2025-05-08T07:31:45.569Z] E0508 13:01:45.568388   22852 load.go:23] Could not load config from "c:\\Users\\DELL\\employee-manager\\dataconnect": could not find dataconnect.yaml in `c:\Users\DELL\employee-manager\dataconnect`
 {"metadata":{"emulator":{"name":"dataconnect"},"message":"E0508 13:01:45.568388   22852 load.go:23] Could not load config from \"c:\\\\Users\\\\DELL\\\\employee-manager\\\\dataconnect\": could not find dataconnect.yaml in `c:\\Users\\DELL\\employee-manager\\dataconnect`\n"}}
[debug] [2025-05-08T07:31:55.559Z] E0508 13:01:55.558972   22852 load.go:23] Could not load config from "c:\\Users\\DELL\\employee-manager\\dataconnect": could not find dataconnect.yaml in `c:\Users\DELL\employee-manager\dataconnect`
 {"metadata":{"emulator":{"name":"dataconnect"},"message":"E0508 13:01:55.558972   22852 load.go:23] Could not load config from \"c:\\\\Users\\\\DELL\\\\employee-manager\\\\dataconnect\": could not find dataconnect.yaml in `c:\\Users\\DELL\\employee-manager\\dataconnect`\n"}}
[debug] [2025-05-08T07:32:05.564Z] E0508 13:02:05.563227   22852 load.go:23] Could not load config from "c:\\Users\\DELL\\employee-manager\\dataconnect": could not find dataconnect.yaml in `c:\Users\DELL\employee-manager\dataconnect`
 {"metadata":{"emulator":{"name":"dataconnect"},"message":"E0508 13:02:05.563227   22852 load.go:23] Could not load config from \"c:\\\\Users\\\\DELL\\\\employee-manager\\\\dataconnect\": could not find dataconnect.yaml in `c:\\Users\\DELL\\employee-manager\\dataconnect`\n"}}
[debug] [2025-05-08T07:32:05.565Z] E0508 13:02:05.563877   22852 watch.go:76] watchAllDir unable to walk dir `c:\Users\DELL\employee-manager\dataconnect`: on path "c:\\Users\\DELL\\employee-manager\\dataconnect" (DirEntry: <nil>): CreateFile c:\Users\DELL\employee-manager\dataconnect: The system cannot find the file specified.
 {"metadata":{"emulator":{"name":"dataconnect"},"message":"E0508 13:02:05.563877   22852 watch.go:76] watchAllDir unable to walk dir `c:\\Users\\DELL\\employee-manager\\dataconnect`: on path \"c:\\\\Users\\\\DELL\\\\employee-manager\\\\dataconnect\" (DirEntry: <nil>): CreateFile c:\\Users\\DELL\\employee-manager\\dataconnect: The system cannot find the file specified.\n"}}
[debug] [2025-05-08T07:32:15.563Z] E0508 13:02:15.562590   22852 load.go:23] Could not load config from "c:\\Users\\DELL\\employee-manager\\dataconnect": could not find dataconnect.yaml in `c:\Users\DELL\employee-manager\dataconnect`
 {"metadata":{"emulator":{"name":"dataconnect"},"message":"E0508 13:02:15.562590   22852 load.go:23] Could not load config from \"c:\\\\Users\\\\DELL\\\\employee-manager\\\\dataconnect\": could not find dataconnect.yaml in `c:\\Users\\DELL\\employee-manager\\dataconnect`\n"}}
[debug] [2025-05-08T07:32:25.556Z] E0508 13:02:25.556142   22852 load.go:23] Could not load config from "c:\\Users\\DELL\\employee-manager\\dataconnect": could not find dataconnect.yaml in `c:\Users\DELL\employee-manager\dataconnect`
 {"metadata":{"emulator":{"name":"dataconnect"},"message":"E0508 13:02:25.556142   22852 load.go:23] Could not load config from \"c:\\\\Users\\\\DELL\\\\employee-manager\\\\dataconnect\": could not find dataconnect.yaml in `c:\\Users\\DELL\\employee-manager\\dataconnect`\n"}}
[debug] [2025-05-08T07:32:35.560Z] E0508 13:02:35.559840   22852 load.go:23] Could not load config from "c:\\Users\\DELL\\employee-manager\\dataconnect": could not find dataconnect.yaml in `c:\Users\DELL\employee-manager\dataconnect`
 {"metadata":{"emulator":{"name":"dataconnect"},"message":"E0508 13:02:35.559840   22852 load.go:23] Could not load config from \"c:\\\\Users\\\\DELL\\\\employee-manager\\\\dataconnect\": could not find dataconnect.yaml in `c:\\Users\\DELL\\employee-manager\\dataconnect`\n"}}
[debug] [2025-05-08T07:32:45.563Z] E0508 13:02:45.563392   22852 load.go:23] Could not load config from "c:\\Users\\DELL\\employee-manager\\dataconnect": could not find dataconnect.yaml in `c:\Users\DELL\employee-manager\dataconnect`
 {"metadata":{"emulator":{"name":"dataconnect"},"message":"E0508 13:02:45.563392   22852 load.go:23] Could not load config from \"c:\\\\Users\\\\DELL\\\\employee-manager\\\\dataconnect\": could not find dataconnect.yaml in `c:\\Users\\DELL\\employee-manager\\dataconnect`\n"}}
[debug] [2025-05-08T07:32:55.563Z] E0508 13:02:55.562169   22852 load.go:23] Could not load config from "c:\\Users\\DELL\\employee-manager\\dataconnect": could not find dataconnect.yaml in `c:\Users\DELL\employee-manager\dataconnect`
 {"metadata":{"emulator":{"name":"dataconnect"},"message":"E0508 13:02:55.562169   22852 load.go:23] Could not load config from \"c:\\\\Users\\\\DELL\\\\employee-manager\\\\dataconnect\": could not find dataconnect.yaml in `c:\\Users\\DELL\\employee-manager\\dataconnect`\n"}}
[debug] [2025-05-08T07:33:05.557Z] E0508 13:03:05.557406   22852 load.go:23] Could not load config from "c:\\Users\\DELL\\employee-manager\\dataconnect": could not find dataconnect.yaml in `c:\Users\DELL\employee-manager\dataconnect`
 {"metadata":{"emulator":{"name":"dataconnect"},"message":"E0508 13:03:05.557406   22852 load.go:23] Could not load config from \"c:\\\\Users\\\\DELL\\\\employee-manager\\\\dataconnect\": could not find dataconnect.yaml in `c:\\Users\\DELL\\employee-manager\\dataconnect`\n"}}
[debug] [2025-05-08T07:33:15.569Z] E0508 13:03:15.569058   22852 load.go:23] Could not load config from "c:\\Users\\DELL\\employee-manager\\dataconnect": could not find dataconnect.yaml in `c:\Users\DELL\employee-manager\dataconnect`
 {"metadata":{"emulator":{"name":"dataconnect"},"message":"E0508 13:03:15.569058   22852 load.go:23] Could not load config from \"c:\\\\Users\\\\DELL\\\\employee-manager\\\\dataconnect\": could not find dataconnect.yaml in `c:\\Users\\DELL\\employee-manager\\dataconnect`\n"}}
[debug] [2025-05-08T07:33:25.563Z] E0508 13:03:25.563113   22852 load.go:23] Could not load config from "c:\\Users\\DELL\\employee-manager\\dataconnect": could not find dataconnect.yaml in `c:\Users\DELL\employee-manager\dataconnect`
 {"metadata":{"emulator":{"name":"dataconnect"},"message":"E0508 13:03:25.563113   22852 load.go:23] Could not load config from \"c:\\\\Users\\\\DELL\\\\employee-manager\\\\dataconnect\": could not find dataconnect.yaml in `c:\\Users\\DELL\\employee-manager\\dataconnect`\n"}}
[debug] [2025-05-08T07:33:35.561Z] E0508 13:03:35.560745   22852 load.go:23] Could not load config from "c:\\Users\\DELL\\employee-manager\\dataconnect": could not find dataconnect.yaml in `c:\Users\DELL\employee-manager\dataconnect`
 {"metadata":{"emulator":{"name":"dataconnect"},"message":"E0508 13:03:35.560745   22852 load.go:23] Could not load config from \"c:\\\\Users\\\\DELL\\\\employee-manager\\\\dataconnect\": could not find dataconnect.yaml in `c:\\Users\\DELL\\employee-manager\\dataconnect`\n"}}
[debug] [2025-05-08T07:33:45.557Z] E0508 13:03:45.557402   22852 load.go:23] Could not load config from "c:\\Users\\DELL\\employee-manager\\dataconnect": could not find dataconnect.yaml in `c:\Users\DELL\employee-manager\dataconnect`
 {"metadata":{"emulator":{"name":"dataconnect"},"message":"E0508 13:03:45.557402   22852 load.go:23] Could not load config from \"c:\\\\Users\\\\DELL\\\\employee-manager\\\\dataconnect\": could not find dataconnect.yaml in `c:\\Users\\DELL\\employee-manager\\dataconnect`\n"}}
[debug] [2025-05-08T07:33:55.571Z] E0508 13:03:55.571230   22852 load.go:23] Could not load config from "c:\\Users\\DELL\\employee-manager\\dataconnect": could not find dataconnect.yaml in `c:\Users\DELL\employee-manager\dataconnect`
 {"metadata":{"emulator":{"name":"dataconnect"},"message":"E0508 13:03:55.571230   22852 load.go:23] Could not load config from \"c:\\\\Users\\\\DELL\\\\employee-manager\\\\dataconnect\": could not find dataconnect.yaml in `c:\\Users\\DELL\\employee-manager\\dataconnect`\n"}}
[debug] [2025-05-08T07:34:05.569Z] E0508 13:04:05.568333   22852 load.go:23] Could not load config from "c:\\Users\\DELL\\employee-manager\\dataconnect": could not find dataconnect.yaml in `c:\Users\DELL\employee-manager\dataconnect`
 {"metadata":{"emulator":{"name":"dataconnect"},"message":"E0508 13:04:05.568333   22852 load.go:23] Could not load config from \"c:\\\\Users\\\\DELL\\\\employee-manager\\\\dataconnect\": could not find dataconnect.yaml in `c:\\Users\\DELL\\employee-manager\\dataconnect`\n"}}
[debug] [2025-05-08T07:34:05.570Z] E0508 13:04:05.568964   22852 watch.go:76] watchAllDir unable to walk dir `c:\Users\DELL\employee-manager\dataconnect`: on path "c:\\Users\\DELL\\employee-manager\\dataconnect" (DirEntry: <nil>): CreateFile c:\Users\DELL\employee-manager\dataconnect: The system cannot find the file specified.
 {"metadata":{"emulator":{"name":"dataconnect"},"message":"E0508 13:04:05.568964   22852 watch.go:76] watchAllDir unable to walk dir `c:\\Users\\DELL\\employee-manager\\dataconnect`: on path \"c:\\\\Users\\\\DELL\\\\employee-manager\\\\dataconnect\" (DirEntry: <nil>): CreateFile c:\\Users\\DELL\\employee-manager\\dataconnect: The system cannot find the file specified.\n"}}
[debug] [2025-05-08T07:34:15.564Z] E0508 13:04:15.564343   22852 load.go:23] Could not load config from "c:\\Users\\DELL\\employee-manager\\dataconnect": could not find dataconnect.yaml in `c:\Users\DELL\employee-manager\dataconnect`
 {"metadata":{"emulator":{"name":"dataconnect"},"message":"E0508 13:04:15.564343   22852 load.go:23] Could not load config from \"c:\\\\Users\\\\DELL\\\\employee-manager\\\\dataconnect\": could not find dataconnect.yaml in `c:\\Users\\DELL\\employee-manager\\dataconnect`\n"}}
[debug] [2025-05-08T07:34:25.562Z] E0508 13:04:25.561368   22852 load.go:23] Could not load config from "c:\\Users\\DELL\\employee-manager\\dataconnect": could not find dataconnect.yaml in `c:\Users\DELL\employee-manager\dataconnect`
 {"metadata":{"emulator":{"name":"dataconnect"},"message":"E0508 13:04:25.561368   22852 load.go:23] Could not load config from \"c:\\\\Users\\\\DELL\\\\employee-manager\\\\dataconnect\": could not find dataconnect.yaml in `c:\\Users\\DELL\\employee-manager\\dataconnect`\n"}}
[debug] [2025-05-08T07:34:35.565Z] E0508 13:04:35.564722   22852 load.go:23] Could not load config from "c:\\Users\\DELL\\employee-manager\\dataconnect": could not find dataconnect.yaml in `c:\Users\DELL\employee-manager\dataconnect`
 {"metadata":{"emulator":{"name":"dataconnect"},"message":"E0508 13:04:35.564722   22852 load.go:23] Could not load config from \"c:\\\\Users\\\\DELL\\\\employee-manager\\\\dataconnect\": could not find dataconnect.yaml in `c:\\Users\\DELL\\employee-manager\\dataconnect`\n"}}
[debug] [2025-05-08T07:34:45.565Z] E0508 13:04:45.564801   22852 load.go:23] Could not load config from "c:\\Users\\DELL\\employee-manager\\dataconnect": could not find dataconnect.yaml in `c:\Users\DELL\employee-manager\dataconnect`
 {"metadata":{"emulator":{"name":"dataconnect"},"message":"E0508 13:04:45.564801   22852 load.go:23] Could not load config from \"c:\\\\Users\\\\DELL\\\\employee-manager\\\\dataconnect\": could not find dataconnect.yaml in `c:\\Users\\DELL\\employee-manager\\dataconnect`\n"}}
[debug] [2025-05-08T07:34:55.564Z] E0508 13:04:55.563697   22852 load.go:23] Could not load config from "c:\\Users\\DELL\\employee-manager\\dataconnect": could not find dataconnect.yaml in `c:\Users\DELL\employee-manager\dataconnect`
 {"metadata":{"emulator":{"name":"dataconnect"},"message":"E0508 13:04:55.563697   22852 load.go:23] Could not load config from \"c:\\\\Users\\\\DELL\\\\employee-manager\\\\dataconnect\": could not find dataconnect.yaml in `c:\\Users\\DELL\\employee-manager\\dataconnect`\n"}}
[debug] [2025-05-08T07:35:05.573Z] E0508 13:05:05.572891   22852 load.go:23] Could not load config from "c:\\Users\\DELL\\employee-manager\\dataconnect": could not find dataconnect.yaml in `c:\Users\DELL\employee-manager\dataconnect`
 {"metadata":{"emulator":{"name":"dataconnect"},"message":"E0508 13:05:05.572891   22852 load.go:23] Could not load config from \"c:\\\\Users\\\\DELL\\\\employee-manager\\\\dataconnect\": could not find dataconnect.yaml in `c:\\Users\\DELL\\employee-manager\\dataconnect`\n"}}
[debug] [2025-05-08T07:35:15.556Z] E0508 13:05:15.556273   22852 load.go:23] Could not load config from "c:\\Users\\DELL\\employee-manager\\dataconnect": could not find dataconnect.yaml in `c:\Users\DELL\employee-manager\dataconnect`
 {"metadata":{"emulator":{"name":"dataconnect"},"message":"E0508 13:05:15.556273   22852 load.go:23] Could not load config from \"c:\\\\Users\\\\DELL\\\\employee-manager\\\\dataconnect\": could not find dataconnect.yaml in `c:\\Users\\DELL\\employee-manager\\dataconnect`\n"}}
[debug] [2025-05-08T07:35:25.559Z] E0508 13:05:25.559149   22852 load.go:23] Could not load config from "c:\\Users\\DELL\\employee-manager\\dataconnect": could not find dataconnect.yaml in `c:\Users\DELL\employee-manager\dataconnect`
 {"metadata":{"emulator":{"name":"dataconnect"},"message":"E0508 13:05:25.559149   22852 load.go:23] Could not load config from \"c:\\\\Users\\\\DELL\\\\employee-manager\\\\dataconnect\": could not find dataconnect.yaml in `c:\\Users\\DELL\\employee-manager\\dataconnect`\n"}}
[debug] [2025-05-08T07:35:35.570Z] E0508 13:05:35.570240   22852 load.go:23] Could not load config from "c:\\Users\\DELL\\employee-manager\\dataconnect": could not find dataconnect.yaml in `c:\Users\DELL\employee-manager\dataconnect`
 {"metadata":{"emulator":{"name":"dataconnect"},"message":"E0508 13:05:35.570240   22852 load.go:23] Could not load config from \"c:\\\\Users\\\\DELL\\\\employee-manager\\\\dataconnect\": could not find dataconnect.yaml in `c:\\Users\\DELL\\employee-manager\\dataconnect`\n"}}
[debug] [2025-05-08T07:35:45.561Z] E0508 13:05:45.561292   22852 load.go:23] Could not load config from "c:\\Users\\DELL\\employee-manager\\dataconnect": could not find dataconnect.yaml in `c:\Users\DELL\employee-manager\dataconnect`
 {"metadata":{"emulator":{"name":"dataconnect"},"message":"E0508 13:05:45.561292   22852 load.go:23] Could not load config from \"c:\\\\Users\\\\DELL\\\\employee-manager\\\\dataconnect\": could not find dataconnect.yaml in `c:\\Users\\DELL\\employee-manager\\dataconnect`\n"}}
[debug] [2025-05-08T07:35:55.568Z] E0508 13:05:55.567970   22852 load.go:23] Could not load config from "c:\\Users\\DELL\\employee-manager\\dataconnect": could not find dataconnect.yaml in `c:\Users\DELL\employee-manager\dataconnect`
 {"metadata":{"emulator":{"name":"dataconnect"},"message":"E0508 13:05:55.567970   22852 load.go:23] Could not load config from \"c:\\\\Users\\\\DELL\\\\employee-manager\\\\dataconnect\": could not find dataconnect.yaml in `c:\\Users\\DELL\\employee-manager\\dataconnect`\n"}}
[debug] [2025-05-08T07:36:05.569Z] E0508 13:06:05.568745   22852 load.go:23] Could not load config from "c:\\Users\\DELL\\employee-manager\\dataconnect": could not find dataconnect.yaml in `c:\Users\DELL\employee-manager\dataconnect`
 {"metadata":{"emulator":{"name":"dataconnect"},"message":"E0508 13:06:05.568745   22852 load.go:23] Could not load config from \"c:\\\\Users\\\\DELL\\\\employee-manager\\\\dataconnect\": could not find dataconnect.yaml in `c:\\Users\\DELL\\employee-manager\\dataconnect`\n"}}
[debug] [2025-05-08T07:36:05.571Z] E0508 13:06:05.569356   22852 watch.go:76] watchAllDir unable to walk dir `c:\Users\DELL\employee-manager\dataconnect`: on path "c:\\Users\\DELL\\employee-manager\\dataconnect" (DirEntry: <nil>): CreateFile c:\Users\DELL\employee-manager\dataconnect: The system cannot find the file specified.
 {"metadata":{"emulator":{"name":"dataconnect"},"message":"E0508 13:06:05.569356   22852 watch.go:76] watchAllDir unable to walk dir `c:\\Users\\DELL\\employee-manager\\dataconnect`: on path \"c:\\\\Users\\\\DELL\\\\employee-manager\\\\dataconnect\" (DirEntry: <nil>): CreateFile c:\\Users\\DELL\\employee-manager\\dataconnect: The system cannot find the file specified.\n"}}
[debug] [2025-05-08T07:36:15.563Z] E0508 13:06:15.562947   22852 load.go:23] Could not load config from "c:\\Users\\DELL\\employee-manager\\dataconnect": could not find dataconnect.yaml in `c:\Users\DELL\employee-manager\dataconnect`
 {"metadata":{"emulator":{"name":"dataconnect"},"message":"E0508 13:06:15.562947   22852 load.go:23] Could not load config from \"c:\\\\Users\\\\DELL\\\\employee-manager\\\\dataconnect\": could not find dataconnect.yaml in `c:\\Users\\DELL\\employee-manager\\dataconnect`\n"}}
[debug] [2025-05-08T07:36:25.564Z] E0508 13:06:25.563450   22852 load.go:23] Could not load config from "c:\\Users\\DELL\\employee-manager\\dataconnect": could not find dataconnect.yaml in `c:\Users\DELL\employee-manager\dataconnect`
 {"metadata":{"emulator":{"name":"dataconnect"},"message":"E0508 13:06:25.563450   22852 load.go:23] Could not load config from \"c:\\\\Users\\\\DELL\\\\employee-manager\\\\dataconnect\": could not find dataconnect.yaml in `c:\\Users\\DELL\\employee-manager\\dataconnect`\n"}}
[debug] [2025-05-08T07:36:35.556Z] E0508 13:06:35.556464   22852 load.go:23] Could not load config from "c:\\Users\\DELL\\employee-manager\\dataconnect": could not find dataconnect.yaml in `c:\Users\DELL\employee-manager\dataconnect`
 {"metadata":{"emulator":{"name":"dataconnect"},"message":"E0508 13:06:35.556464   22852 load.go:23] Could not load config from \"c:\\\\Users\\\\DELL\\\\employee-manager\\\\dataconnect\": could not find dataconnect.yaml in `c:\\Users\\DELL\\employee-manager\\dataconnect`\n"}}
[debug] [2025-05-08T07:36:45.560Z] E0508 13:06:45.559588   22852 load.go:23] Could not load config from "c:\\Users\\DELL\\employee-manager\\dataconnect": could not find dataconnect.yaml in `c:\Users\DELL\employee-manager\dataconnect`
 {"metadata":{"emulator":{"name":"dataconnect"},"message":"E0508 13:06:45.559588   22852 load.go:23] Could not load config from \"c:\\\\Users\\\\DELL\\\\employee-manager\\\\dataconnect\": could not find dataconnect.yaml in `c:\\Users\\DELL\\employee-manager\\dataconnect`\n"}}
[debug] [2025-05-08T07:36:55.560Z] E0508 13:06:55.559701   22852 load.go:23] Could not load config from "c:\\Users\\DELL\\employee-manager\\dataconnect": could not find dataconnect.yaml in `c:\Users\DELL\employee-manager\dataconnect`
 {"metadata":{"emulator":{"name":"dataconnect"},"message":"E0508 13:06:55.559701   22852 load.go:23] Could not load config from \"c:\\\\Users\\\\DELL\\\\employee-manager\\\\dataconnect\": could not find dataconnect.yaml in `c:\\Users\\DELL\\employee-manager\\dataconnect`\n"}}
[debug] [2025-05-08T07:37:05.558Z] E0508 13:07:05.558470   22852 load.go:23] Could not load config from "c:\\Users\\DELL\\employee-manager\\dataconnect": could not find dataconnect.yaml in `c:\Users\DELL\employee-manager\dataconnect`
 {"metadata":{"emulator":{"name":"dataconnect"},"message":"E0508 13:07:05.558470   22852 load.go:23] Could not load config from \"c:\\\\Users\\\\DELL\\\\employee-manager\\\\dataconnect\": could not find dataconnect.yaml in `c:\\Users\\DELL\\employee-manager\\dataconnect`\n"}}
[debug] [2025-05-08T07:37:15.571Z] E0508 13:07:15.570475   22852 load.go:23] Could not load config from "c:\\Users\\DELL\\employee-manager\\dataconnect": could not find dataconnect.yaml in `c:\Users\DELL\employee-manager\dataconnect`
 {"metadata":{"emulator":{"name":"dataconnect"},"message":"E0508 13:07:15.570475   22852 load.go:23] Could not load config from \"c:\\\\Users\\\\DELL\\\\employee-manager\\\\dataconnect\": could not find dataconnect.yaml in `c:\\Users\\DELL\\employee-manager\\dataconnect`\n"}}
[debug] [2025-05-08T07:37:25.566Z] E0508 13:07:25.566411   22852 load.go:23] Could not load config from "c:\\Users\\DELL\\employee-manager\\dataconnect": could not find dataconnect.yaml in `c:\Users\DELL\employee-manager\dataconnect`
 {"metadata":{"emulator":{"name":"dataconnect"},"message":"E0508 13:07:25.566411   22852 load.go:23] Could not load config from \"c:\\\\Users\\\\DELL\\\\employee-manager\\\\dataconnect\": could not find dataconnect.yaml in `c:\\Users\\DELL\\employee-manager\\dataconnect`\n"}}
[debug] [2025-05-08T07:37:35.571Z] E0508 13:07:35.570630   22852 load.go:23] Could not load config from "c:\\Users\\DELL\\employee-manager\\dataconnect": could not find dataconnect.yaml in `c:\Users\DELL\employee-manager\dataconnect`
 {"metadata":{"emulator":{"name":"dataconnect"},"message":"E0508 13:07:35.570630   22852 load.go:23] Could not load config from \"c:\\\\Users\\\\DELL\\\\employee-manager\\\\dataconnect\": could not find dataconnect.yaml in `c:\\Users\\DELL\\employee-manager\\dataconnect`\n"}}
[debug] [2025-05-08T07:37:45.567Z] E0508 13:07:45.566854   22852 load.go:23] Could not load config from "c:\\Users\\DELL\\employee-manager\\dataconnect": could not find dataconnect.yaml in `c:\Users\DELL\employee-manager\dataconnect`
 {"metadata":{"emulator":{"name":"dataconnect"},"message":"E0508 13:07:45.566854   22852 load.go:23] Could not load config from \"c:\\\\Users\\\\DELL\\\\employee-manager\\\\dataconnect\": could not find dataconnect.yaml in `c:\\Users\\DELL\\employee-manager\\dataconnect`\n"}}
[debug] [2025-05-08T07:37:55.556Z] E0508 13:07:55.556117   22852 load.go:23] Could not load config from "c:\\Users\\DELL\\employee-manager\\dataconnect": could not find dataconnect.yaml in `c:\Users\DELL\employee-manager\dataconnect`
 {"metadata":{"emulator":{"name":"dataconnect"},"message":"E0508 13:07:55.556117   22852 load.go:23] Could not load config from \"c:\\\\Users\\\\DELL\\\\employee-manager\\\\dataconnect\": could not find dataconnect.yaml in `c:\\Users\\DELL\\employee-manager\\dataconnect`\n"}}
[debug] [2025-05-08T07:38:05.561Z] E0508 13:08:05.560523   22852 load.go:23] Could not load config from "c:\\Users\\DELL\\employee-manager\\dataconnect": could not find dataconnect.yaml in `c:\Users\DELL\employee-manager\dataconnect`
 {"metadata":{"emulator":{"name":"dataconnect"},"message":"E0508 13:08:05.560523   22852 load.go:23] Could not load config from \"c:\\\\Users\\\\DELL\\\\employee-manager\\\\dataconnect\": could not find dataconnect.yaml in `c:\\Users\\DELL\\employee-manager\\dataconnect`\n"}}
[debug] [2025-05-08T07:38:05.561Z] E0508 13:08:05.561136   22852 watch.go:76] watchAllDir unable to walk dir `c:\Users\DELL\employee-manager\dataconnect`: on path "c:\\Users\\DELL\\employee-manager\\dataconnect" (DirEntry: <nil>): CreateFile c:\Users\DELL\employee-manager\dataconnect: The system cannot find the file specified.
 {"metadata":{"emulator":{"name":"dataconnect"},"message":"E0508 13:08:05.561136   22852 watch.go:76] watchAllDir unable to walk dir `c:\\Users\\DELL\\employee-manager\\dataconnect`: on path \"c:\\\\Users\\\\DELL\\\\employee-manager\\\\dataconnect\" (DirEntry: <nil>): CreateFile c:\\Users\\DELL\\employee-manager\\dataconnect: The system cannot find the file specified.\n"}}
[debug] [2025-05-08T07:38:15.557Z] E0508 13:08:15.556941   22852 load.go:23] Could not load config from "c:\\Users\\DELL\\employee-manager\\dataconnect": could not find dataconnect.yaml in `c:\Users\DELL\employee-manager\dataconnect`
 {"metadata":{"emulator":{"name":"dataconnect"},"message":"E0508 13:08:15.556941   22852 load.go:23] Could not load config from \"c:\\\\Users\\\\DELL\\\\employee-manager\\\\dataconnect\": could not find dataconnect.yaml in `c:\\Users\\DELL\\employee-manager\\dataconnect`\n"}}
[debug] [2025-05-08T07:38:25.563Z] E0508 13:08:25.562463   22852 load.go:23] Could not load config from "c:\\Users\\DELL\\employee-manager\\dataconnect": could not find dataconnect.yaml in `c:\Users\DELL\employee-manager\dataconnect`
 {"metadata":{"emulator":{"name":"dataconnect"},"message":"E0508 13:08:25.562463   22852 load.go:23] Could not load config from \"c:\\\\Users\\\\DELL\\\\employee-manager\\\\dataconnect\": could not find dataconnect.yaml in `c:\\Users\\DELL\\employee-manager\\dataconnect`\n"}}
[debug] [2025-05-08T07:38:35.571Z] E0508 13:08:35.571007   22852 load.go:23] Could not load config from "c:\\Users\\DELL\\employee-manager\\dataconnect": could not find dataconnect.yaml in `c:\Users\DELL\employee-manager\dataconnect`
 {"metadata":{"emulator":{"name":"dataconnect"},"message":"E0508 13:08:35.571007   22852 load.go:23] Could not load config from \"c:\\\\Users\\\\DELL\\\\employee-manager\\\\dataconnect\": could not find dataconnect.yaml in `c:\\Users\\DELL\\employee-manager\\dataconnect`\n"}}
[debug] [2025-05-08T07:38:45.565Z] E0508 13:08:45.565201   22852 load.go:23] Could not load config from "c:\\Users\\DELL\\employee-manager\\dataconnect": could not find dataconnect.yaml in `c:\Users\DELL\employee-manager\dataconnect`
 {"metadata":{"emulator":{"name":"dataconnect"},"message":"E0508 13:08:45.565201   22852 load.go:23] Could not load config from \"c:\\\\Users\\\\DELL\\\\employee-manager\\\\dataconnect\": could not find dataconnect.yaml in `c:\\Users\\DELL\\employee-manager\\dataconnect`\n"}}
[debug] [2025-05-08T07:38:55.561Z] E0508 13:08:55.561000   22852 load.go:23] Could not load config from "c:\\Users\\DELL\\employee-manager\\dataconnect": could not find dataconnect.yaml in `c:\Users\DELL\employee-manager\dataconnect`
 {"metadata":{"emulator":{"name":"dataconnect"},"message":"E0508 13:08:55.561000   22852 load.go:23] Could not load config from \"c:\\\\Users\\\\DELL\\\\employee-manager\\\\dataconnect\": could not find dataconnect.yaml in `c:\\Users\\DELL\\employee-manager\\dataconnect`\n"}}
[debug] [2025-05-08T07:39:05.566Z] E0508 13:09:05.566013   22852 load.go:23] Could not load config from "c:\\Users\\DELL\\employee-manager\\dataconnect": could not find dataconnect.yaml in `c:\Users\DELL\employee-manager\dataconnect`
 {"metadata":{"emulator":{"name":"dataconnect"},"message":"E0508 13:09:05.566013   22852 load.go:23] Could not load config from \"c:\\\\Users\\\\DELL\\\\employee-manager\\\\dataconnect\": could not find dataconnect.yaml in `c:\\Users\\DELL\\employee-manager\\dataconnect`\n"}}
[debug] [2025-05-08T07:39:15.568Z] E0508 13:09:15.567689   22852 load.go:23] Could not load config from "c:\\Users\\DELL\\employee-manager\\dataconnect": could not find dataconnect.yaml in `c:\Users\DELL\employee-manager\dataconnect`
 {"metadata":{"emulator":{"name":"dataconnect"},"message":"E0508 13:09:15.567689   22852 load.go:23] Could not load config from \"c:\\\\Users\\\\DELL\\\\employee-manager\\\\dataconnect\": could not find dataconnect.yaml in `c:\\Users\\DELL\\employee-manager\\dataconnect`\n"}}
[debug] [2025-05-08T07:39:25.562Z] E0508 13:09:25.561831   22852 load.go:23] Could not load config from "c:\\Users\\DELL\\employee-manager\\dataconnect": could not find dataconnect.yaml in `c:\Users\DELL\employee-manager\dataconnect`
 {"metadata":{"emulator":{"name":"dataconnect"},"message":"E0508 13:09:25.561831   22852 load.go:23] Could not load config from \"c:\\\\Users\\\\DELL\\\\employee-manager\\\\dataconnect\": could not find dataconnect.yaml in `c:\\Users\\DELL\\employee-manager\\dataconnect`\n"}}
[debug] [2025-05-08T07:39:35.561Z] E0508 13:09:35.560648   22852 load.go:23] Could not load config from "c:\\Users\\DELL\\employee-manager\\dataconnect": could not find dataconnect.yaml in `c:\Users\DELL\employee-manager\dataconnect`
 {"metadata":{"emulator":{"name":"dataconnect"},"message":"E0508 13:09:35.560648   22852 load.go:23] Could not load config from \"c:\\\\Users\\\\DELL\\\\employee-manager\\\\dataconnect\": could not find dataconnect.yaml in `c:\\Users\\DELL\\employee-manager\\dataconnect`\n"}}
[debug] [2025-05-08T07:39:45.564Z] E0508 13:09:45.564175   22852 load.go:23] Could not load config from "c:\\Users\\DELL\\employee-manager\\dataconnect": could not find dataconnect.yaml in `c:\Users\DELL\employee-manager\dataconnect`
 {"metadata":{"emulator":{"name":"dataconnect"},"message":"E0508 13:09:45.564175   22852 load.go:23] Could not load config from \"c:\\\\Users\\\\DELL\\\\employee-manager\\\\dataconnect\": could not find dataconnect.yaml in `c:\\Users\\DELL\\employee-manager\\dataconnect`\n"}}
[debug] [2025-05-08T07:39:55.556Z] E0508 13:09:55.556193   22852 load.go:23] Could not load config from "c:\\Users\\DELL\\employee-manager\\dataconnect": could not find dataconnect.yaml in `c:\Users\DELL\employee-manager\dataconnect`
 {"metadata":{"emulator":{"name":"dataconnect"},"message":"E0508 13:09:55.556193   22852 load.go:23] Could not load config from \"c:\\\\Users\\\\DELL\\\\employee-manager\\\\dataconnect\": could not find dataconnect.yaml in `c:\\Users\\DELL\\employee-manager\\dataconnect`\n"}}
[debug] [2025-05-08T07:40:05.561Z] E0508 13:10:05.561104   22852 load.go:23] Could not load config from "c:\\Users\\DELL\\employee-manager\\dataconnect": could not find dataconnect.yaml in `c:\Users\DELL\employee-manager\dataconnect`
E0508 13:10:05.561104   22852 watch.go:76] watchAllDir unable to walk dir `c:\Users\DELL\employee-manager\dataconnect`: on path "c:\\Users\\DELL\\employee-manager\\dataconnect" (DirEntry: <nil>): CreateFile c:\Users\DELL\employee-manager\dataconnect: The system cannot find the file specified.
 {"metadata":{"emulator":{"name":"dataconnect"},"message":"E0508 13:10:05.561104   22852 load.go:23] Could not load config from \"c:\\\\Users\\\\DELL\\\\employee-manager\\\\dataconnect\": could not find dataconnect.yaml in `c:\\Users\\DELL\\employee-manager\\dataconnect`\nE0508 13:10:05.561104   22852 watch.go:76] watchAllDir unable to walk dir `c:\\Users\\DELL\\employee-manager\\dataconnect`: on path \"c:\\\\Users\\\\DELL\\\\employee-manager\\\\dataconnect\" (DirEntry: <nil>): CreateFile c:\\Users\\DELL\\employee-manager\\dataconnect: The system cannot find the file specified.\n"}}
[debug] [2025-05-08T07:40:15.567Z] E0508 13:10:15.566835   22852 load.go:23] Could not load config from "c:\\Users\\DELL\\employee-manager\\dataconnect": could not find dataconnect.yaml in `c:\Users\DELL\employee-manager\dataconnect`
 {"metadata":{"emulator":{"name":"dataconnect"},"message":"E0508 13:10:15.566835   22852 load.go:23] Could not load config from \"c:\\\\Users\\\\DELL\\\\employee-manager\\\\dataconnect\": could not find dataconnect.yaml in `c:\\Users\\DELL\\employee-manager\\dataconnect`\n"}}
[debug] [2025-05-08T07:40:25.570Z] E0508 13:10:25.570554   22852 load.go:23] Could not load config from "c:\\Users\\DELL\\employee-manager\\dataconnect": could not find dataconnect.yaml in `c:\Users\DELL\employee-manager\dataconnect`
 {"metadata":{"emulator":{"name":"dataconnect"},"message":"E0508 13:10:25.570554   22852 load.go:23] Could not load config from \"c:\\\\Users\\\\DELL\\\\employee-manager\\\\dataconnect\": could not find dataconnect.yaml in `c:\\Users\\DELL\\employee-manager\\dataconnect`\n"}}
[debug] [2025-05-08T07:40:35.560Z] E0508 13:10:35.559787   22852 load.go:23] Could not load config from "c:\\Users\\DELL\\employee-manager\\dataconnect": could not find dataconnect.yaml in `c:\Users\DELL\employee-manager\dataconnect`
 {"metadata":{"emulator":{"name":"dataconnect"},"message":"E0508 13:10:35.559787   22852 load.go:23] Could not load config from \"c:\\\\Users\\\\DELL\\\\employee-manager\\\\dataconnect\": could not find dataconnect.yaml in `c:\\Users\\DELL\\employee-manager\\dataconnect`\n"}}
[debug] [2025-05-08T07:40:45.556Z] E0508 13:10:45.556725   22852 load.go:23] Could not load config from "c:\\Users\\DELL\\employee-manager\\dataconnect": could not find dataconnect.yaml in `c:\Users\DELL\employee-manager\dataconnect`
 {"metadata":{"emulator":{"name":"dataconnect"},"message":"E0508 13:10:45.556725   22852 load.go:23] Could not load config from \"c:\\\\Users\\\\DELL\\\\employee-manager\\\\dataconnect\": could not find dataconnect.yaml in `c:\\Users\\DELL\\employee-manager\\dataconnect`\n"}}
[debug] [2025-05-08T07:40:55.566Z] E0508 13:10:55.566104   22852 load.go:23] Could not load config from "c:\\Users\\DELL\\employee-manager\\dataconnect": could not find dataconnect.yaml in `c:\Users\DELL\employee-manager\dataconnect`
 {"metadata":{"emulator":{"name":"dataconnect"},"message":"E0508 13:10:55.566104   22852 load.go:23] Could not load config from \"c:\\\\Users\\\\DELL\\\\employee-manager\\\\dataconnect\": could not find dataconnect.yaml in `c:\\Users\\DELL\\employee-manager\\dataconnect`\n"}}
[debug] [2025-05-08T07:41:05.562Z] E0508 13:11:05.561553   22852 load.go:23] Could not load config from "c:\\Users\\DELL\\employee-manager\\dataconnect": could not find dataconnect.yaml in `c:\Users\DELL\employee-manager\dataconnect`
 {"metadata":{"emulator":{"name":"dataconnect"},"message":"E0508 13:11:05.561553   22852 load.go:23] Could not load config from \"c:\\\\Users\\\\DELL\\\\employee-manager\\\\dataconnect\": could not find dataconnect.yaml in `c:\\Users\\DELL\\employee-manager\\dataconnect`\n"}}
[debug] [2025-05-08T07:41:15.565Z] E0508 13:11:15.565521   22852 load.go:23] Could not load config from "c:\\Users\\DELL\\employee-manager\\dataconnect": could not find dataconnect.yaml in `c:\Users\DELL\employee-manager\dataconnect`
 {"metadata":{"emulator":{"name":"dataconnect"},"message":"E0508 13:11:15.565521   22852 load.go:23] Could not load config from \"c:\\\\Users\\\\DELL\\\\employee-manager\\\\dataconnect\": could not find dataconnect.yaml in `c:\\Users\\DELL\\employee-manager\\dataconnect`\n"}}
[debug] [2025-05-08T07:41:25.571Z] E0508 13:11:25.570835   22852 load.go:23] Could not load config from "c:\\Users\\DELL\\employee-manager\\dataconnect": could not find dataconnect.yaml in `c:\Users\DELL\employee-manager\dataconnect`
 {"metadata":{"emulator":{"name":"dataconnect"},"message":"E0508 13:11:25.570835   22852 load.go:23] Could not load config from \"c:\\\\Users\\\\DELL\\\\employee-manager\\\\dataconnect\": could not find dataconnect.yaml in `c:\\Users\\DELL\\employee-manager\\dataconnect`\n"}}
[debug] [2025-05-08T07:41:35.565Z] E0508 13:11:35.564621   22852 load.go:23] Could not load config from "c:\\Users\\DELL\\employee-manager\\dataconnect": could not find dataconnect.yaml in `c:\Users\DELL\employee-manager\dataconnect`
 {"metadata":{"emulator":{"name":"dataconnect"},"message":"E0508 13:11:35.564621   22852 load.go:23] Could not load config from \"c:\\\\Users\\\\DELL\\\\employee-manager\\\\dataconnect\": could not find dataconnect.yaml in `c:\\Users\\DELL\\employee-manager\\dataconnect`\n"}}
[debug] [2025-05-08T07:41:45.557Z] E0508 13:11:45.557099   22852 load.go:23] Could not load config from "c:\\Users\\DELL\\employee-manager\\dataconnect": could not find dataconnect.yaml in `c:\Users\DELL\employee-manager\dataconnect`
 {"metadata":{"emulator":{"name":"dataconnect"},"message":"E0508 13:11:45.557099   22852 load.go:23] Could not load config from \"c:\\\\Users\\\\DELL\\\\employee-manager\\\\dataconnect\": could not find dataconnect.yaml in `c:\\Users\\DELL\\employee-manager\\dataconnect`\n"}}
[debug] [2025-05-08T07:41:55.557Z] E0508 13:11:55.557307   22852 load.go:23] Could not load config from "c:\\Users\\DELL\\employee-manager\\dataconnect": could not find dataconnect.yaml in `c:\Users\DELL\employee-manager\dataconnect`
 {"metadata":{"emulator":{"name":"dataconnect"},"message":"E0508 13:11:55.557307   22852 load.go:23] Could not load config from \"c:\\\\Users\\\\DELL\\\\employee-manager\\\\dataconnect\": could not find dataconnect.yaml in `c:\\Users\\DELL\\employee-manager\\dataconnect`\n"}}
[debug] [2025-05-08T07:42:05.568Z] E0508 13:12:05.567729   22852 load.go:23] Could not load config from "c:\\Users\\DELL\\employee-manager\\dataconnect": could not find dataconnect.yaml in `c:\Users\DELL\employee-manager\dataconnect`
 {"metadata":{"emulator":{"name":"dataconnect"},"message":"E0508 13:12:05.567729   22852 load.go:23] Could not load config from \"c:\\\\Users\\\\DELL\\\\employee-manager\\\\dataconnect\": could not find dataconnect.yaml in `c:\\Users\\DELL\\employee-manager\\dataconnect`\n"}}
[debug] [2025-05-08T07:42:05.570Z] E0508 13:12:05.567729   22852 watch.go:76] watchAllDir unable to walk dir `c:\Users\DELL\employee-manager\dataconnect`: on path "c:\\Users\\DELL\\employee-manager\\dataconnect" (DirEntry: <nil>): CreateFile c:\Users\DELL\employee-manager\dataconnect: The system cannot find the file specified.
 {"metadata":{"emulator":{"name":"dataconnect"},"message":"E0508 13:12:05.567729   22852 watch.go:76] watchAllDir unable to walk dir `c:\\Users\\DELL\\employee-manager\\dataconnect`: on path \"c:\\\\Users\\\\DELL\\\\employee-manager\\\\dataconnect\" (DirEntry: <nil>): CreateFile c:\\Users\\DELL\\employee-manager\\dataconnect: The system cannot find the file specified.\n"}}
[debug] [2025-05-08T07:42:15.566Z] E0508 13:12:15.566158   22852 load.go:23] Could not load config from "c:\\Users\\DELL\\employee-manager\\dataconnect": could not find dataconnect.yaml in `c:\Users\DELL\employee-manager\dataconnect`
 {"metadata":{"emulator":{"name":"dataconnect"},"message":"E0508 13:12:15.566158   22852 load.go:23] Could not load config from \"c:\\\\Users\\\\DELL\\\\employee-manager\\\\dataconnect\": could not find dataconnect.yaml in `c:\\Users\\DELL\\employee-manager\\dataconnect`\n"}}
[debug] [2025-05-08T07:42:25.569Z] E0508 13:12:25.568331   22852 load.go:23] Could not load config from "c:\\Users\\DELL\\employee-manager\\dataconnect": could not find dataconnect.yaml in `c:\Users\DELL\employee-manager\dataconnect`
 {"metadata":{"emulator":{"name":"dataconnect"},"message":"E0508 13:12:25.568331   22852 load.go:23] Could not load config from \"c:\\\\Users\\\\DELL\\\\employee-manager\\\\dataconnect\": could not find dataconnect.yaml in `c:\\Users\\DELL\\employee-manager\\dataconnect`\n"}}
[debug] [2025-05-08T07:42:35.557Z] E0508 13:12:35.556608   22852 load.go:23] Could not load config from "c:\\Users\\DELL\\employee-manager\\dataconnect": could not find dataconnect.yaml in `c:\Users\DELL\employee-manager\dataconnect`
 {"metadata":{"emulator":{"name":"dataconnect"},"message":"E0508 13:12:35.556608   22852 load.go:23] Could not load config from \"c:\\\\Users\\\\DELL\\\\employee-manager\\\\dataconnect\": could not find dataconnect.yaml in `c:\\Users\\DELL\\employee-manager\\dataconnect`\n"}}
[debug] [2025-05-08T07:42:45.564Z] E0508 13:12:45.563639   22852 load.go:23] Could not load config from "c:\\Users\\DELL\\employee-manager\\dataconnect": could not find dataconnect.yaml in `c:\Users\DELL\employee-manager\dataconnect`
 {"metadata":{"emulator":{"name":"dataconnect"},"message":"E0508 13:12:45.563639   22852 load.go:23] Could not load config from \"c:\\\\Users\\\\DELL\\\\employee-manager\\\\dataconnect\": could not find dataconnect.yaml in `c:\\Users\\DELL\\employee-manager\\dataconnect`\n"}}
[debug] [2025-05-08T07:42:55.572Z] E0508 13:12:55.571709   22852 load.go:23] Could not load config from "c:\\Users\\DELL\\employee-manager\\dataconnect": could not find dataconnect.yaml in `c:\Users\DELL\employee-manager\dataconnect`
 {"metadata":{"emulator":{"name":"dataconnect"},"message":"E0508 13:12:55.571709   22852 load.go:23] Could not load config from \"c:\\\\Users\\\\DELL\\\\employee-manager\\\\dataconnect\": could not find dataconnect.yaml in `c:\\Users\\DELL\\employee-manager\\dataconnect`\n"}}
[debug] [2025-05-08T07:43:05.569Z] E0508 13:13:05.568583   22852 load.go:23] Could not load config from "c:\\Users\\DELL\\employee-manager\\dataconnect": could not find dataconnect.yaml in `c:\Users\DELL\employee-manager\dataconnect`
 {"metadata":{"emulator":{"name":"dataconnect"},"message":"E0508 13:13:05.568583   22852 load.go:23] Could not load config from \"c:\\\\Users\\\\DELL\\\\employee-manager\\\\dataconnect\": could not find dataconnect.yaml in `c:\\Users\\DELL\\employee-manager\\dataconnect`\n"}}
[debug] [2025-05-08T07:43:15.556Z] E0508 13:13:15.555633   22852 load.go:23] Could not load config from "c:\\Users\\DELL\\employee-manager\\dataconnect": could not find dataconnect.yaml in `c:\Users\DELL\employee-manager\dataconnect`
 {"metadata":{"emulator":{"name":"dataconnect"},"message":"E0508 13:13:15.555633   22852 load.go:23] Could not load config from \"c:\\\\Users\\\\DELL\\\\employee-manager\\\\dataconnect\": could not find dataconnect.yaml in `c:\\Users\\DELL\\employee-manager\\dataconnect`\n"}}
[debug] [2025-05-08T07:43:25.564Z] E0508 13:13:25.564138   22852 load.go:23] Could not load config from "c:\\Users\\DELL\\employee-manager\\dataconnect": could not find dataconnect.yaml in `c:\Users\DELL\employee-manager\dataconnect`
 {"metadata":{"emulator":{"name":"dataconnect"},"message":"E0508 13:13:25.564138   22852 load.go:23] Could not load config from \"c:\\\\Users\\\\DELL\\\\employee-manager\\\\dataconnect\": could not find dataconnect.yaml in `c:\\Users\\DELL\\employee-manager\\dataconnect`\n"}}
[debug] [2025-05-08T07:43:35.568Z] E0508 13:13:35.568328   22852 load.go:23] Could not load config from "c:\\Users\\DELL\\employee-manager\\dataconnect": could not find dataconnect.yaml in `c:\Users\DELL\employee-manager\dataconnect`
 {"metadata":{"emulator":{"name":"dataconnect"},"message":"E0508 13:13:35.568328   22852 load.go:23] Could not load config from \"c:\\\\Users\\\\DELL\\\\employee-manager\\\\dataconnect\": could not find dataconnect.yaml in `c:\\Users\\DELL\\employee-manager\\dataconnect`\n"}}
[debug] [2025-05-08T07:43:45.566Z] E0508 13:13:45.566499   22852 load.go:23] Could not load config from "c:\\Users\\DELL\\employee-manager\\dataconnect": could not find dataconnect.yaml in `c:\Users\DELL\employee-manager\dataconnect`
 {"metadata":{"emulator":{"name":"dataconnect"},"message":"E0508 13:13:45.566499   22852 load.go:23] Could not load config from \"c:\\\\Users\\\\DELL\\\\employee-manager\\\\dataconnect\": could not find dataconnect.yaml in `c:\\Users\\DELL\\employee-manager\\dataconnect`\n"}}
[debug] [2025-05-08T07:43:55.562Z] E0508 13:13:55.561567   22852 load.go:23] Could not load config from "c:\\Users\\DELL\\employee-manager\\dataconnect": could not find dataconnect.yaml in `c:\Users\DELL\employee-manager\dataconnect`
 {"metadata":{"emulator":{"name":"dataconnect"},"message":"E0508 13:13:55.561567   22852 load.go:23] Could not load config from \"c:\\\\Users\\\\DELL\\\\employee-manager\\\\dataconnect\": could not find dataconnect.yaml in `c:\\Users\\DELL\\employee-manager\\dataconnect`\n"}}
[debug] [2025-05-08T07:44:05.567Z] E0508 13:14:05.566893   22852 load.go:23] Could not load config from "c:\\Users\\DELL\\employee-manager\\dataconnect": could not find dataconnect.yaml in `c:\Users\DELL\employee-manager\dataconnect`
 {"metadata":{"emulator":{"name":"dataconnect"},"message":"E0508 13:14:05.566893   22852 load.go:23] Could not load config from \"c:\\\\Users\\\\DELL\\\\employee-manager\\\\dataconnect\": could not find dataconnect.yaml in `c:\\Users\\DELL\\employee-manager\\dataconnect`\n"}}
[debug] [2025-05-08T07:44:05.568Z] E0508 13:14:05.566893   22852 watch.go:76] watchAllDir unable to walk dir `c:\Users\DELL\employee-manager\dataconnect`: on path "c:\\Users\\DELL\\employee-manager\\dataconnect" (DirEntry: <nil>): CreateFile c:\Users\DELL\employee-manager\dataconnect: The system cannot find the file specified.
 {"metadata":{"emulator":{"name":"dataconnect"},"message":"E0508 13:14:05.566893   22852 watch.go:76] watchAllDir unable to walk dir `c:\\Users\\DELL\\employee-manager\\dataconnect`: on path \"c:\\\\Users\\\\DELL\\\\employee-manager\\\\dataconnect\" (DirEntry: <nil>): CreateFile c:\\Users\\DELL\\employee-manager\\dataconnect: The system cannot find the file specified.\n"}}
[debug] [2025-05-08T07:44:16.570Z] E0508 13:14:16.571866   22852 load.go:23] Could not load config from "c:\\Users\\DELL\\employee-manager\\dataconnect": could not find dataconnect.yaml in `c:\Users\DELL\employee-manager\dataconnect`
 {"metadata":{"emulator":{"name":"dataconnect"},"message":"E0508 13:14:16.571866   22852 load.go:23] Could not load config from \"c:\\\\Users\\\\DELL\\\\employee-manager\\\\dataconnect\": could not find dataconnect.yaml in `c:\\Users\\DELL\\employee-manager\\dataconnect`\n"}}
[debug] [2025-05-08T07:44:25.556Z] E0508 13:14:25.558189   22852 load.go:23] Could not load config from "c:\\Users\\DELL\\employee-manager\\dataconnect": could not find dataconnect.yaml in `c:\Users\DELL\employee-manager\dataconnect`
 {"metadata":{"emulator":{"name":"dataconnect"},"message":"E0508 13:14:25.558189   22852 load.go:23] Could not load config from \"c:\\\\Users\\\\DELL\\\\employee-manager\\\\dataconnect\": could not find dataconnect.yaml in `c:\\Users\\DELL\\employee-manager\\dataconnect`\n"}}
[debug] [2025-05-08T07:44:35.564Z] E0508 13:14:35.566653   22852 load.go:23] Could not load config from "c:\\Users\\DELL\\employee-manager\\dataconnect": could not find dataconnect.yaml in `c:\Users\DELL\employee-manager\dataconnect`
 {"metadata":{"emulator":{"name":"dataconnect"},"message":"E0508 13:14:35.566653   22852 load.go:23] Could not load config from \"c:\\\\Users\\\\DELL\\\\employee-manager\\\\dataconnect\": could not find dataconnect.yaml in `c:\\Users\\DELL\\employee-manager\\dataconnect`\n"}}
[debug] [2025-05-08T07:44:45.560Z] E0508 13:14:45.561660   22852 load.go:23] Could not load config from "c:\\Users\\DELL\\employee-manager\\dataconnect": could not find dataconnect.yaml in `c:\Users\DELL\employee-manager\dataconnect`
 {"metadata":{"emulator":{"name":"dataconnect"},"message":"E0508 13:14:45.561660   22852 load.go:23] Could not load config from \"c:\\\\Users\\\\DELL\\\\employee-manager\\\\dataconnect\": could not find dataconnect.yaml in `c:\\Users\\DELL\\employee-manager\\dataconnect`\n"}}
[debug] [2025-05-08T07:44:55.571Z] E0508 13:14:55.571989   22852 load.go:23] Could not load config from "c:\\Users\\DELL\\employee-manager\\dataconnect": could not find dataconnect.yaml in `c:\Users\DELL\employee-manager\dataconnect`
 {"metadata":{"emulator":{"name":"dataconnect"},"message":"E0508 13:14:55.571989   22852 load.go:23] Could not load config from \"c:\\\\Users\\\\DELL\\\\employee-manager\\\\dataconnect\": could not find dataconnect.yaml in `c:\\Users\\DELL\\employee-manager\\dataconnect`\n"}}
[debug] [2025-05-08T07:45:05.562Z] E0508 13:15:05.563333   22852 load.go:23] Could not load config from "c:\\Users\\DELL\\employee-manager\\dataconnect": could not find dataconnect.yaml in `c:\Users\DELL\employee-manager\dataconnect`
 {"metadata":{"emulator":{"name":"dataconnect"},"message":"E0508 13:15:05.563333   22852 load.go:23] Could not load config from \"c:\\\\Users\\\\DELL\\\\employee-manager\\\\dataconnect\": could not find dataconnect.yaml in `c:\\Users\\DELL\\employee-manager\\dataconnect`\n"}}
[debug] [2025-05-08T07:45:15.563Z] E0508 13:15:15.563907   22852 load.go:23] Could not load config from "c:\\Users\\DELL\\employee-manager\\dataconnect": could not find dataconnect.yaml in `c:\Users\DELL\employee-manager\dataconnect`
 {"metadata":{"emulator":{"name":"dataconnect"},"message":"E0508 13:15:15.563907   22852 load.go:23] Could not load config from \"c:\\\\Users\\\\DELL\\\\employee-manager\\\\dataconnect\": could not find dataconnect.yaml in `c:\\Users\\DELL\\employee-manager\\dataconnect`\n"}}
[debug] [2025-05-08T07:46:33.374Z] E0508 13:16:33.374236   22852 load.go:23] Could not load config from "c:\\Users\\DELL\\employee-manager\\dataconnect": could not find dataconnect.yaml in `c:\Users\DELL\employee-manager\dataconnect`
E0508 13:16:33.374236   22852 watch.go:76] watchAllDir unable to walk dir `c:\Users\DELL\employee-manager\dataconnect`: on path "c:\\Users\\DELL\\employee-manager\\dataconnect" (DirEntry: <nil>): CreateFile c:\Users\DELL\employee-manager\dataconnect: The system cannot find the file specified.
 {"metadata":{"emulator":{"name":"dataconnect"},"message":"E0508 13:16:33.374236   22852 load.go:23] Could not load config from \"c:\\\\Users\\\\DELL\\\\employee-manager\\\\dataconnect\": could not find dataconnect.yaml in `c:\\Users\\DELL\\employee-manager\\dataconnect`\nE0508 13:16:33.374236   22852 watch.go:76] watchAllDir unable to walk dir `c:\\Users\\DELL\\employee-manager\\dataconnect`: on path \"c:\\\\Users\\\\DELL\\\\employee-manager\\\\dataconnect\" (DirEntry: <nil>): CreateFile c:\\Users\\DELL\\employee-manager\\dataconnect: The system cannot find the file specified.\n"}}
[debug] [2025-05-08T07:46:35.560Z] E0508 13:16:35.560027   22852 load.go:23] Could not load config from "c:\\Users\\DELL\\employee-manager\\dataconnect": could not find dataconnect.yaml in `c:\Users\DELL\employee-manager\dataconnect`
 {"metadata":{"emulator":{"name":"dataconnect"},"message":"E0508 13:16:35.560027   22852 load.go:23] Could not load config from \"c:\\\\Users\\\\DELL\\\\employee-manager\\\\dataconnect\": could not find dataconnect.yaml in `c:\\Users\\DELL\\employee-manager\\dataconnect`\n"}}
[debug] [2025-05-08T07:46:45.560Z] E0508 13:16:45.559453   22852 load.go:23] Could not load config from "c:\\Users\\DELL\\employee-manager\\dataconnect": could not find dataconnect.yaml in `c:\Users\DELL\employee-manager\dataconnect`
 {"metadata":{"emulator":{"name":"dataconnect"},"message":"E0508 13:16:45.559453   22852 load.go:23] Could not load config from \"c:\\\\Users\\\\DELL\\\\employee-manager\\\\dataconnect\": could not find dataconnect.yaml in `c:\\Users\\DELL\\employee-manager\\dataconnect`\n"}}
[debug] [2025-05-08T07:46:55.565Z] E0508 13:16:55.564209   22852 load.go:23] Could not load config from "c:\\Users\\DELL\\employee-manager\\dataconnect": could not find dataconnect.yaml in `c:\Users\DELL\employee-manager\dataconnect`
 {"metadata":{"emulator":{"name":"dataconnect"},"message":"E0508 13:16:55.564209   22852 load.go:23] Could not load config from \"c:\\\\Users\\\\DELL\\\\employee-manager\\\\dataconnect\": could not find dataconnect.yaml in `c:\\Users\\DELL\\employee-manager\\dataconnect`\n"}}
[debug] [2025-05-08T07:47:05.569Z] E0508 13:17:05.569203   22852 load.go:23] Could not load config from "c:\\Users\\DELL\\employee-manager\\dataconnect": could not find dataconnect.yaml in `c:\Users\DELL\employee-manager\dataconnect`
 {"metadata":{"emulator":{"name":"dataconnect"},"message":"E0508 13:17:05.569203   22852 load.go:23] Could not load config from \"c:\\\\Users\\\\DELL\\\\employee-manager\\\\dataconnect\": could not find dataconnect.yaml in `c:\\Users\\DELL\\employee-manager\\dataconnect`\n"}}
[debug] [2025-05-08T07:47:15.570Z] E0508 13:17:15.569499   22852 load.go:23] Could not load config from "c:\\Users\\DELL\\employee-manager\\dataconnect": could not find dataconnect.yaml in `c:\Users\DELL\employee-manager\dataconnect`
 {"metadata":{"emulator":{"name":"dataconnect"},"message":"E0508 13:17:15.569499   22852 load.go:23] Could not load config from \"c:\\\\Users\\\\DELL\\\\employee-manager\\\\dataconnect\": could not find dataconnect.yaml in `c:\\Users\\DELL\\employee-manager\\dataconnect`\n"}}
[debug] [2025-05-08T07:47:25.566Z] E0508 13:17:25.565446   22852 load.go:23] Could not load config from "c:\\Users\\DELL\\employee-manager\\dataconnect": could not find dataconnect.yaml in `c:\Users\DELL\employee-manager\dataconnect`
 {"metadata":{"emulator":{"name":"dataconnect"},"message":"E0508 13:17:25.565446   22852 load.go:23] Could not load config from \"c:\\\\Users\\\\DELL\\\\employee-manager\\\\dataconnect\": could not find dataconnect.yaml in `c:\\Users\\DELL\\employee-manager\\dataconnect`\n"}}
[debug] [2025-05-08T07:47:35.558Z] E0508 13:17:35.557240   22852 load.go:23] Could not load config from "c:\\Users\\DELL\\employee-manager\\dataconnect": could not find dataconnect.yaml in `c:\Users\DELL\employee-manager\dataconnect`
 {"metadata":{"emulator":{"name":"dataconnect"},"message":"E0508 13:17:35.557240   22852 load.go:23] Could not load config from \"c:\\\\Users\\\\DELL\\\\employee-manager\\\\dataconnect\": could not find dataconnect.yaml in `c:\\Users\\DELL\\employee-manager\\dataconnect`\n"}}
[debug] [2025-05-08T07:47:45.567Z] E0508 13:17:45.566074   22852 load.go:23] Could not load config from "c:\\Users\\DELL\\employee-manager\\dataconnect": could not find dataconnect.yaml in `c:\Users\DELL\employee-manager\dataconnect`
 {"metadata":{"emulator":{"name":"dataconnect"},"message":"E0508 13:17:45.566074   22852 load.go:23] Could not load config from \"c:\\\\Users\\\\DELL\\\\employee-manager\\\\dataconnect\": could not find dataconnect.yaml in `c:\\Users\\DELL\\employee-manager\\dataconnect`\n"}}
[debug] [2025-05-08T07:47:55.571Z] E0508 13:17:55.570315   22852 load.go:23] Could not load config from "c:\\Users\\DELL\\employee-manager\\dataconnect": could not find dataconnect.yaml in `c:\Users\DELL\employee-manager\dataconnect`
 {"metadata":{"emulator":{"name":"dataconnect"},"message":"E0508 13:17:55.570315   22852 load.go:23] Could not load config from \"c:\\\\Users\\\\DELL\\\\employee-manager\\\\dataconnect\": could not find dataconnect.yaml in `c:\\Users\\DELL\\employee-manager\\dataconnect`\n"}}
[debug] [2025-05-08T07:48:05.565Z] E0508 13:18:05.564177   22852 load.go:23] Could not load config from "c:\\Users\\DELL\\employee-manager\\dataconnect": could not find dataconnect.yaml in `c:\Users\DELL\employee-manager\dataconnect`
E0508 13:18:05.564177   22852 watch.go:76] watchAllDir unable to walk dir `c:\Users\DELL\employee-manager\dataconnect`: on path "c:\\Users\\DELL\\employee-manager\\dataconnect" (DirEntry: <nil>): CreateFile c:\Users\DELL\employee-manager\dataconnect: The system cannot find the file specified.
 {"metadata":{"emulator":{"name":"dataconnect"},"message":"E0508 13:18:05.564177   22852 load.go:23] Could not load config from \"c:\\\\Users\\\\DELL\\\\employee-manager\\\\dataconnect\": could not find dataconnect.yaml in `c:\\Users\\DELL\\employee-manager\\dataconnect`\nE0508 13:18:05.564177   22852 watch.go:76] watchAllDir unable to walk dir `c:\\Users\\DELL\\employee-manager\\dataconnect`: on path \"c:\\\\Users\\\\DELL\\\\employee-manager\\\\dataconnect\" (DirEntry: <nil>): CreateFile c:\\Users\\DELL\\employee-manager\\dataconnect: The system cannot find the file specified.\n"}}
[debug] [2025-05-08T07:48:15.559Z] E0508 13:18:15.557509   22852 load.go:23] Could not load config from "c:\\Users\\DELL\\employee-manager\\dataconnect": could not find dataconnect.yaml in `c:\Users\DELL\employee-manager\dataconnect`
 {"metadata":{"emulator":{"name":"dataconnect"},"message":"E0508 13:18:15.557509   22852 load.go:23] Could not load config from \"c:\\\\Users\\\\DELL\\\\employee-manager\\\\dataconnect\": could not find dataconnect.yaml in `c:\\Users\\DELL\\employee-manager\\dataconnect`\n"}}
[debug] [2025-05-08T07:48:25.559Z] E0508 13:18:25.559547   22852 load.go:23] Could not load config from "c:\\Users\\DELL\\employee-manager\\dataconnect": could not find dataconnect.yaml in `c:\Users\DELL\employee-manager\dataconnect`
 {"metadata":{"emulator":{"name":"dataconnect"},"message":"E0508 13:18:25.559547   22852 load.go:23] Could not load config from \"c:\\\\Users\\\\DELL\\\\employee-manager\\\\dataconnect\": could not find dataconnect.yaml in `c:\\Users\\DELL\\employee-manager\\dataconnect`\n"}}
[debug] [2025-05-08T07:48:35.570Z] E0508 13:18:35.569430   22852 load.go:23] Could not load config from "c:\\Users\\DELL\\employee-manager\\dataconnect": could not find dataconnect.yaml in `c:\Users\DELL\employee-manager\dataconnect`
 {"metadata":{"emulator":{"name":"dataconnect"},"message":"E0508 13:18:35.569430   22852 load.go:23] Could not load config from \"c:\\\\Users\\\\DELL\\\\employee-manager\\\\dataconnect\": could not find dataconnect.yaml in `c:\\Users\\DELL\\employee-manager\\dataconnect`\n"}}
[debug] [2025-05-08T07:48:45.557Z] E0508 13:18:45.556063   22852 load.go:23] Could not load config from "c:\\Users\\DELL\\employee-manager\\dataconnect": could not find dataconnect.yaml in `c:\Users\DELL\employee-manager\dataconnect`
 {"metadata":{"emulator":{"name":"dataconnect"},"message":"E0508 13:18:45.556063   22852 load.go:23] Could not load config from \"c:\\\\Users\\\\DELL\\\\employee-manager\\\\dataconnect\": could not find dataconnect.yaml in `c:\\Users\\DELL\\employee-manager\\dataconnect`\n"}}
[debug] [2025-05-08T07:48:55.559Z] E0508 13:18:55.559594   22852 load.go:23] Could not load config from "c:\\Users\\DELL\\employee-manager\\dataconnect": could not find dataconnect.yaml in `c:\Users\DELL\employee-manager\dataconnect`
 {"metadata":{"emulator":{"name":"dataconnect"},"message":"E0508 13:18:55.559594   22852 load.go:23] Could not load config from \"c:\\\\Users\\\\DELL\\\\employee-manager\\\\dataconnect\": could not find dataconnect.yaml in `c:\\Users\\DELL\\employee-manager\\dataconnect`\n"}}
[debug] [2025-05-08T07:49:05.561Z] E0508 13:19:05.560061   22852 load.go:23] Could not load config from "c:\\Users\\DELL\\employee-manager\\dataconnect": could not find dataconnect.yaml in `c:\Users\DELL\employee-manager\dataconnect`
 {"metadata":{"emulator":{"name":"dataconnect"},"message":"E0508 13:19:05.560061   22852 load.go:23] Could not load config from \"c:\\\\Users\\\\DELL\\\\employee-manager\\\\dataconnect\": could not find dataconnect.yaml in `c:\\Users\\DELL\\employee-manager\\dataconnect`\n"}}
[debug] [2025-05-08T07:49:15.571Z] E0508 13:19:15.570686   22852 load.go:23] Could not load config from "c:\\Users\\DELL\\employee-manager\\dataconnect": could not find dataconnect.yaml in `c:\Users\DELL\employee-manager\dataconnect`
 {"metadata":{"emulator":{"name":"dataconnect"},"message":"E0508 13:19:15.570686   22852 load.go:23] Could not load config from \"c:\\\\Users\\\\DELL\\\\employee-manager\\\\dataconnect\": could not find dataconnect.yaml in `c:\\Users\\DELL\\employee-manager\\dataconnect`\n"}}
[debug] [2025-05-08T07:49:25.564Z] E0508 13:19:25.563196   22852 load.go:23] Could not load config from "c:\\Users\\DELL\\employee-manager\\dataconnect": could not find dataconnect.yaml in `c:\Users\DELL\employee-manager\dataconnect`
 {"metadata":{"emulator":{"name":"dataconnect"},"message":"E0508 13:19:25.563196   22852 load.go:23] Could not load config from \"c:\\\\Users\\\\DELL\\\\employee-manager\\\\dataconnect\": could not find dataconnect.yaml in `c:\\Users\\DELL\\employee-manager\\dataconnect`\n"}}
[debug] [2025-05-08T07:49:35.565Z] E0508 13:19:35.564930   22852 load.go:23] Could not load config from "c:\\Users\\DELL\\employee-manager\\dataconnect": could not find dataconnect.yaml in `c:\Users\DELL\employee-manager\dataconnect`
 {"metadata":{"emulator":{"name":"dataconnect"},"message":"E0508 13:19:35.564930   22852 load.go:23] Could not load config from \"c:\\\\Users\\\\DELL\\\\employee-manager\\\\dataconnect\": could not find dataconnect.yaml in `c:\\Users\\DELL\\employee-manager\\dataconnect`\n"}}
[debug] [2025-05-08T07:49:45.559Z] E0508 13:19:45.559639   22852 load.go:23] Could not load config from "c:\\Users\\DELL\\employee-manager\\dataconnect": could not find dataconnect.yaml in `c:\Users\DELL\employee-manager\dataconnect`
 {"metadata":{"emulator":{"name":"dataconnect"},"message":"E0508 13:19:45.559639   22852 load.go:23] Could not load config from \"c:\\\\Users\\\\DELL\\\\employee-manager\\\\dataconnect\": could not find dataconnect.yaml in `c:\\Users\\DELL\\employee-manager\\dataconnect`\n"}}
[debug] [2025-05-08T07:49:55.568Z] E0508 13:19:55.568300   22852 load.go:23] Could not load config from "c:\\Users\\DELL\\employee-manager\\dataconnect": could not find dataconnect.yaml in `c:\Users\DELL\employee-manager\dataconnect`
 {"metadata":{"emulator":{"name":"dataconnect"},"message":"E0508 13:19:55.568300   22852 load.go:23] Could not load config from \"c:\\\\Users\\\\DELL\\\\employee-manager\\\\dataconnect\": could not find dataconnect.yaml in `c:\\Users\\DELL\\employee-manager\\dataconnect`\n"}}
[debug] [2025-05-08T07:50:05.562Z] E0508 13:20:05.562369   22852 load.go:23] Could not load config from "c:\\Users\\DELL\\employee-manager\\dataconnect": could not find dataconnect.yaml in `c:\Users\DELL\employee-manager\dataconnect`
 {"metadata":{"emulator":{"name":"dataconnect"},"message":"E0508 13:20:05.562369   22852 load.go:23] Could not load config from \"c:\\\\Users\\\\DELL\\\\employee-manager\\\\dataconnect\": could not find dataconnect.yaml in `c:\\Users\\DELL\\employee-manager\\dataconnect`\n"}}
[debug] [2025-05-08T07:50:05.564Z] E0508 13:20:05.562369   22852 watch.go:76] watchAllDir unable to walk dir `c:\Users\DELL\employee-manager\dataconnect`: on path "c:\\Users\\DELL\\employee-manager\\dataconnect" (DirEntry: <nil>): CreateFile c:\Users\DELL\employee-manager\dataconnect: The system cannot find the file specified.
 {"metadata":{"emulator":{"name":"dataconnect"},"message":"E0508 13:20:05.562369   22852 watch.go:76] watchAllDir unable to walk dir `c:\\Users\\DELL\\employee-manager\\dataconnect`: on path \"c:\\\\Users\\\\DELL\\\\employee-manager\\\\dataconnect\" (DirEntry: <nil>): CreateFile c:\\Users\\DELL\\employee-manager\\dataconnect: The system cannot find the file specified.\n"}}
[debug] [2025-05-08T07:50:15.559Z] E0508 13:20:15.559179   22852 load.go:23] Could not load config from "c:\\Users\\DELL\\employee-manager\\dataconnect": could not find dataconnect.yaml in `c:\Users\DELL\employee-manager\dataconnect`
 {"metadata":{"emulator":{"name":"dataconnect"},"message":"E0508 13:20:15.559179   22852 load.go:23] Could not load config from \"c:\\\\Users\\\\DELL\\\\employee-manager\\\\dataconnect\": could not find dataconnect.yaml in `c:\\Users\\DELL\\employee-manager\\dataconnect`\n"}}
[debug] [2025-05-08T07:50:25.562Z] E0508 13:20:25.562306   22852 load.go:23] Could not load config from "c:\\Users\\DELL\\employee-manager\\dataconnect": could not find dataconnect.yaml in `c:\Users\DELL\employee-manager\dataconnect`
 {"metadata":{"emulator":{"name":"dataconnect"},"message":"E0508 13:20:25.562306   22852 load.go:23] Could not load config from \"c:\\\\Users\\\\DELL\\\\employee-manager\\\\dataconnect\": could not find dataconnect.yaml in `c:\\Users\\DELL\\employee-manager\\dataconnect`\n"}}
[debug] [2025-05-08T07:50:35.561Z] E0508 13:20:35.561929   22852 load.go:23] Could not load config from "c:\\Users\\DELL\\employee-manager\\dataconnect": could not find dataconnect.yaml in `c:\Users\DELL\employee-manager\dataconnect`
 {"metadata":{"emulator":{"name":"dataconnect"},"message":"E0508 13:20:35.561929   22852 load.go:23] Could not load config from \"c:\\\\Users\\\\DELL\\\\employee-manager\\\\dataconnect\": could not find dataconnect.yaml in `c:\\Users\\DELL\\employee-manager\\dataconnect`\n"}}
[debug] [2025-05-08T07:50:45.568Z] E0508 13:20:45.567604   22852 load.go:23] Could not load config from "c:\\Users\\DELL\\employee-manager\\dataconnect": could not find dataconnect.yaml in `c:\Users\DELL\employee-manager\dataconnect`
 {"metadata":{"emulator":{"name":"dataconnect"},"message":"E0508 13:20:45.567604   22852 load.go:23] Could not load config from \"c:\\\\Users\\\\DELL\\\\employee-manager\\\\dataconnect\": could not find dataconnect.yaml in `c:\\Users\\DELL\\employee-manager\\dataconnect`\n"}}
[debug] [2025-05-08T07:50:55.571Z] E0508 13:20:55.570273   22852 load.go:23] Could not load config from "c:\\Users\\DELL\\employee-manager\\dataconnect": could not find dataconnect.yaml in `c:\Users\DELL\employee-manager\dataconnect`
 {"metadata":{"emulator":{"name":"dataconnect"},"message":"E0508 13:20:55.570273   22852 load.go:23] Could not load config from \"c:\\\\Users\\\\DELL\\\\employee-manager\\\\dataconnect\": could not find dataconnect.yaml in `c:\\Users\\DELL\\employee-manager\\dataconnect`\n"}}
[debug] [2025-05-08T07:51:05.565Z] E0508 13:21:05.564135   22852 load.go:23] Could not load config from "c:\\Users\\DELL\\employee-manager\\dataconnect": could not find dataconnect.yaml in `c:\Users\DELL\employee-manager\dataconnect`
 {"metadata":{"emulator":{"name":"dataconnect"},"message":"E0508 13:21:05.564135   22852 load.go:23] Could not load config from \"c:\\\\Users\\\\DELL\\\\employee-manager\\\\dataconnect\": could not find dataconnect.yaml in `c:\\Users\\DELL\\employee-manager\\dataconnect`\n"}}
[debug] [2025-05-08T07:51:15.561Z] E0508 13:21:15.560682   22852 load.go:23] Could not load config from "c:\\Users\\DELL\\employee-manager\\dataconnect": could not find dataconnect.yaml in `c:\Users\DELL\employee-manager\dataconnect`
 {"metadata":{"emulator":{"name":"dataconnect"},"message":"E0508 13:21:15.560682   22852 load.go:23] Could not load config from \"c:\\\\Users\\\\DELL\\\\employee-manager\\\\dataconnect\": could not find dataconnect.yaml in `c:\\Users\\DELL\\employee-manager\\dataconnect`\n"}}
[debug] [2025-05-08T07:51:25.558Z] E0508 13:21:25.557532   22852 load.go:23] Could not load config from "c:\\Users\\DELL\\employee-manager\\dataconnect": could not find dataconnect.yaml in `c:\Users\DELL\employee-manager\dataconnect`
 {"metadata":{"emulator":{"name":"dataconnect"},"message":"E0508 13:21:25.557532   22852 load.go:23] Could not load config from \"c:\\\\Users\\\\DELL\\\\employee-manager\\\\dataconnect\": could not find dataconnect.yaml in `c:\\Users\\DELL\\employee-manager\\dataconnect`\n"}}
[debug] [2025-05-08T07:51:35.572Z] E0508 13:21:35.570527   22852 load.go:23] Could not load config from "c:\\Users\\DELL\\employee-manager\\dataconnect": could not find dataconnect.yaml in `c:\Users\DELL\employee-manager\dataconnect`
 {"metadata":{"emulator":{"name":"dataconnect"},"message":"E0508 13:21:35.570527   22852 load.go:23] Could not load config from \"c:\\\\Users\\\\DELL\\\\employee-manager\\\\dataconnect\": could not find dataconnect.yaml in `c:\\Users\\DELL\\employee-manager\\dataconnect`\n"}}
[debug] [2025-05-08T07:51:45.559Z] E0508 13:21:45.558593   22852 load.go:23] Could not load config from "c:\\Users\\DELL\\employee-manager\\dataconnect": could not find dataconnect.yaml in `c:\Users\DELL\employee-manager\dataconnect`
 {"metadata":{"emulator":{"name":"dataconnect"},"message":"E0508 13:21:45.558593   22852 load.go:23] Could not load config from \"c:\\\\Users\\\\DELL\\\\employee-manager\\\\dataconnect\": could not find dataconnect.yaml in `c:\\Users\\DELL\\employee-manager\\dataconnect`\n"}}
[debug] [2025-05-08T07:51:55.559Z] E0508 13:21:55.558000   22852 load.go:23] Could not load config from "c:\\Users\\DELL\\employee-manager\\dataconnect": could not find dataconnect.yaml in `c:\Users\DELL\employee-manager\dataconnect`
 {"metadata":{"emulator":{"name":"dataconnect"},"message":"E0508 13:21:55.558000   22852 load.go:23] Could not load config from \"c:\\\\Users\\\\DELL\\\\employee-manager\\\\dataconnect\": could not find dataconnect.yaml in `c:\\Users\\DELL\\employee-manager\\dataconnect`\n"}}
[debug] [2025-05-08T07:52:05.565Z] E0508 13:22:05.565155   22852 load.go:23] Could not load config from "c:\\Users\\DELL\\employee-manager\\dataconnect": could not find dataconnect.yaml in `c:\Users\DELL\employee-manager\dataconnect`
E0508 13:22:05.565155   22852 watch.go:76] watchAllDir unable to walk dir `c:\Users\DELL\employee-manager\dataconnect`: on path "c:\\Users\\DELL\\employee-manager\\dataconnect" (DirEntry: <nil>): CreateFile c:\Users\DELL\employee-manager\dataconnect: The system cannot find the file specified.
 {"metadata":{"emulator":{"name":"dataconnect"},"message":"E0508 13:22:05.565155   22852 load.go:23] Could not load config from \"c:\\\\Users\\\\DELL\\\\employee-manager\\\\dataconnect\": could not find dataconnect.yaml in `c:\\Users\\DELL\\employee-manager\\dataconnect`\nE0508 13:22:05.565155   22852 watch.go:76] watchAllDir unable to walk dir `c:\\Users\\DELL\\employee-manager\\dataconnect`: on path \"c:\\\\Users\\\\DELL\\\\employee-manager\\\\dataconnect\" (DirEntry: <nil>): CreateFile c:\\Users\\DELL\\employee-manager\\dataconnect: The system cannot find the file specified.\n"}}
[debug] [2025-05-08T07:52:15.569Z] E0508 13:22:15.568111   22852 load.go:23] Could not load config from "c:\\Users\\DELL\\employee-manager\\dataconnect": could not find dataconnect.yaml in `c:\Users\DELL\employee-manager\dataconnect`
 {"metadata":{"emulator":{"name":"dataconnect"},"message":"E0508 13:22:15.568111   22852 load.go:23] Could not load config from \"c:\\\\Users\\\\DELL\\\\employee-manager\\\\dataconnect\": could not find dataconnect.yaml in `c:\\Users\\DELL\\employee-manager\\dataconnect`\n"}}
[debug] [2025-05-08T07:52:25.556Z] E0508 13:22:25.556275   22852 load.go:23] Could not load config from "c:\\Users\\DELL\\employee-manager\\dataconnect": could not find dataconnect.yaml in `c:\Users\DELL\employee-manager\dataconnect`
 {"metadata":{"emulator":{"name":"dataconnect"},"message":"E0508 13:22:25.556275   22852 load.go:23] Could not load config from \"c:\\\\Users\\\\DELL\\\\employee-manager\\\\dataconnect\": could not find dataconnect.yaml in `c:\\Users\\DELL\\employee-manager\\dataconnect`\n"}}
[debug] [2025-05-08T07:52:35.566Z] E0508 13:22:35.565308   22852 load.go:23] Could not load config from "c:\\Users\\DELL\\employee-manager\\dataconnect": could not find dataconnect.yaml in `c:\Users\DELL\employee-manager\dataconnect`
 {"metadata":{"emulator":{"name":"dataconnect"},"message":"E0508 13:22:35.565308   22852 load.go:23] Could not load config from \"c:\\\\Users\\\\DELL\\\\employee-manager\\\\dataconnect\": could not find dataconnect.yaml in `c:\\Users\\DELL\\employee-manager\\dataconnect`\n"}}
[debug] [2025-05-08T07:52:45.569Z] E0508 13:22:45.568990   22852 load.go:23] Could not load config from "c:\\Users\\DELL\\employee-manager\\dataconnect": could not find dataconnect.yaml in `c:\Users\DELL\employee-manager\dataconnect`
 {"metadata":{"emulator":{"name":"dataconnect"},"message":"E0508 13:22:45.568990   22852 load.go:23] Could not load config from \"c:\\\\Users\\\\DELL\\\\employee-manager\\\\dataconnect\": could not find dataconnect.yaml in `c:\\Users\\DELL\\employee-manager\\dataconnect`\n"}}
[debug] [2025-05-08T07:52:55.561Z] E0508 13:22:55.560360   22852 load.go:23] Could not load config from "c:\\Users\\DELL\\employee-manager\\dataconnect": could not find dataconnect.yaml in `c:\Users\DELL\employee-manager\dataconnect`
 {"metadata":{"emulator":{"name":"dataconnect"},"message":"E0508 13:22:55.560360   22852 load.go:23] Could not load config from \"c:\\\\Users\\\\DELL\\\\employee-manager\\\\dataconnect\": could not find dataconnect.yaml in `c:\\Users\\DELL\\employee-manager\\dataconnect`\n"}}
[debug] [2025-05-08T07:53:05.568Z] E0508 13:23:05.568325   22852 load.go:23] Could not load config from "c:\\Users\\DELL\\employee-manager\\dataconnect": could not find dataconnect.yaml in `c:\Users\DELL\employee-manager\dataconnect`
 {"metadata":{"emulator":{"name":"dataconnect"},"message":"E0508 13:23:05.568325   22852 load.go:23] Could not load config from \"c:\\\\Users\\\\DELL\\\\employee-manager\\\\dataconnect\": could not find dataconnect.yaml in `c:\\Users\\DELL\\employee-manager\\dataconnect`\n"}}
[debug] [2025-05-08T07:53:15.560Z] E0508 13:23:15.559548   22852 load.go:23] Could not load config from "c:\\Users\\DELL\\employee-manager\\dataconnect": could not find dataconnect.yaml in `c:\Users\DELL\employee-manager\dataconnect`
 {"metadata":{"emulator":{"name":"dataconnect"},"message":"E0508 13:23:15.559548   22852 load.go:23] Could not load config from \"c:\\\\Users\\\\DELL\\\\employee-manager\\\\dataconnect\": could not find dataconnect.yaml in `c:\\Users\\DELL\\employee-manager\\dataconnect`\n"}}
[debug] [2025-05-08T07:53:25.560Z] E0508 13:23:25.560099   22852 load.go:23] Could not load config from "c:\\Users\\DELL\\employee-manager\\dataconnect": could not find dataconnect.yaml in `c:\Users\DELL\employee-manager\dataconnect`
 {"metadata":{"emulator":{"name":"dataconnect"},"message":"E0508 13:23:25.560099   22852 load.go:23] Could not load config from \"c:\\\\Users\\\\DELL\\\\employee-manager\\\\dataconnect\": could not find dataconnect.yaml in `c:\\Users\\DELL\\employee-manager\\dataconnect`\n"}}
[debug] [2025-05-08T07:53:35.566Z] E0508 13:23:35.565416   22852 load.go:23] Could not load config from "c:\\Users\\DELL\\employee-manager\\dataconnect": could not find dataconnect.yaml in `c:\Users\DELL\employee-manager\dataconnect`
 {"metadata":{"emulator":{"name":"dataconnect"},"message":"E0508 13:23:35.565416   22852 load.go:23] Could not load config from \"c:\\\\Users\\\\DELL\\\\employee-manager\\\\dataconnect\": could not find dataconnect.yaml in `c:\\Users\\DELL\\employee-manager\\dataconnect`\n"}}
[debug] [2025-05-08T07:53:45.565Z] E0508 13:23:45.565185   22852 load.go:23] Could not load config from "c:\\Users\\DELL\\employee-manager\\dataconnect": could not find dataconnect.yaml in `c:\Users\DELL\employee-manager\dataconnect`
 {"metadata":{"emulator":{"name":"dataconnect"},"message":"E0508 13:23:45.565185   22852 load.go:23] Could not load config from \"c:\\\\Users\\\\DELL\\\\employee-manager\\\\dataconnect\": could not find dataconnect.yaml in `c:\\Users\\DELL\\employee-manager\\dataconnect`\n"}}
[debug] [2025-05-08T07:53:55.567Z] E0508 13:23:55.567280   22852 load.go:23] Could not load config from "c:\\Users\\DELL\\employee-manager\\dataconnect": could not find dataconnect.yaml in `c:\Users\DELL\employee-manager\dataconnect`
 {"metadata":{"emulator":{"name":"dataconnect"},"message":"E0508 13:23:55.567280   22852 load.go:23] Could not load config from \"c:\\\\Users\\\\DELL\\\\employee-manager\\\\dataconnect\": could not find dataconnect.yaml in `c:\\Users\\DELL\\employee-manager\\dataconnect`\n"}}
[debug] [2025-05-08T07:54:05.568Z] E0508 13:24:05.567687   22852 load.go:23] Could not load config from "c:\\Users\\DELL\\employee-manager\\dataconnect": could not find dataconnect.yaml in `c:\Users\DELL\employee-manager\dataconnect`
 {"metadata":{"emulator":{"name":"dataconnect"},"message":"E0508 13:24:05.567687   22852 load.go:23] Could not load config from \"c:\\\\Users\\\\DELL\\\\employee-manager\\\\dataconnect\": could not find dataconnect.yaml in `c:\\Users\\DELL\\employee-manager\\dataconnect`\n"}}
[debug] [2025-05-08T07:54:05.569Z] E0508 13:24:05.568375   22852 watch.go:76] watchAllDir unable to walk dir `c:\Users\DELL\employee-manager\dataconnect`: on path "c:\\Users\\DELL\\employee-manager\\dataconnect" (DirEntry: <nil>): CreateFile c:\Users\DELL\employee-manager\dataconnect: The system cannot find the file specified.
 {"metadata":{"emulator":{"name":"dataconnect"},"message":"E0508 13:24:05.568375   22852 watch.go:76] watchAllDir unable to walk dir `c:\\Users\\DELL\\employee-manager\\dataconnect`: on path \"c:\\\\Users\\\\DELL\\\\employee-manager\\\\dataconnect\" (DirEntry: <nil>): CreateFile c:\\Users\\DELL\\employee-manager\\dataconnect: The system cannot find the file specified.\n"}}
[debug] [2025-05-08T07:54:15.561Z] E0508 13:24:15.561313   22852 load.go:23] Could not load config from "c:\\Users\\DELL\\employee-manager\\dataconnect": could not find dataconnect.yaml in `c:\Users\DELL\employee-manager\dataconnect`
 {"metadata":{"emulator":{"name":"dataconnect"},"message":"E0508 13:24:15.561313   22852 load.go:23] Could not load config from \"c:\\\\Users\\\\DELL\\\\employee-manager\\\\dataconnect\": could not find dataconnect.yaml in `c:\\Users\\DELL\\employee-manager\\dataconnect`\n"}}
[debug] [2025-05-08T07:54:25.562Z] E0508 13:24:25.561890   22852 load.go:23] Could not load config from "c:\\Users\\DELL\\employee-manager\\dataconnect": could not find dataconnect.yaml in `c:\Users\DELL\employee-manager\dataconnect`
 {"metadata":{"emulator":{"name":"dataconnect"},"message":"E0508 13:24:25.561890   22852 load.go:23] Could not load config from \"c:\\\\Users\\\\DELL\\\\employee-manager\\\\dataconnect\": could not find dataconnect.yaml in `c:\\Users\\DELL\\employee-manager\\dataconnect`\n"}}
[debug] [2025-05-08T07:54:35.569Z] E0508 13:24:35.569309   22852 load.go:23] Could not load config from "c:\\Users\\DELL\\employee-manager\\dataconnect": could not find dataconnect.yaml in `c:\Users\DELL\employee-manager\dataconnect`
 {"metadata":{"emulator":{"name":"dataconnect"},"message":"E0508 13:24:35.569309   22852 load.go:23] Could not load config from \"c:\\\\Users\\\\DELL\\\\employee-manager\\\\dataconnect\": could not find dataconnect.yaml in `c:\\Users\\DELL\\employee-manager\\dataconnect`\n"}}
[debug] [2025-05-08T07:54:45.567Z] E0508 13:24:45.566725   22852 load.go:23] Could not load config from "c:\\Users\\DELL\\employee-manager\\dataconnect": could not find dataconnect.yaml in `c:\Users\DELL\employee-manager\dataconnect`
 {"metadata":{"emulator":{"name":"dataconnect"},"message":"E0508 13:24:45.566725   22852 load.go:23] Could not load config from \"c:\\\\Users\\\\DELL\\\\employee-manager\\\\dataconnect\": could not find dataconnect.yaml in `c:\\Users\\DELL\\employee-manager\\dataconnect`\n"}}
[debug] [2025-05-08T07:54:55.562Z] E0508 13:24:55.561615   22852 load.go:23] Could not load config from "c:\\Users\\DELL\\employee-manager\\dataconnect": could not find dataconnect.yaml in `c:\Users\DELL\employee-manager\dataconnect`
 {"metadata":{"emulator":{"name":"dataconnect"},"message":"E0508 13:24:55.561615   22852 load.go:23] Could not load config from \"c:\\\\Users\\\\DELL\\\\employee-manager\\\\dataconnect\": could not find dataconnect.yaml in `c:\\Users\\DELL\\employee-manager\\dataconnect`\n"}}
[debug] [2025-05-08T07:55:05.557Z] E0508 13:25:05.556890   22852 load.go:23] Could not load config from "c:\\Users\\DELL\\employee-manager\\dataconnect": could not find dataconnect.yaml in `c:\Users\DELL\employee-manager\dataconnect`
 {"metadata":{"emulator":{"name":"dataconnect"},"message":"E0508 13:25:05.556890   22852 load.go:23] Could not load config from \"c:\\\\Users\\\\DELL\\\\employee-manager\\\\dataconnect\": could not find dataconnect.yaml in `c:\\Users\\DELL\\employee-manager\\dataconnect`\n"}}
[debug] [2025-05-08T07:55:15.564Z] E0508 13:25:15.564066   22852 load.go:23] Could not load config from "c:\\Users\\DELL\\employee-manager\\dataconnect": could not find dataconnect.yaml in `c:\Users\DELL\employee-manager\dataconnect`
 {"metadata":{"emulator":{"name":"dataconnect"},"message":"E0508 13:25:15.564066   22852 load.go:23] Could not load config from \"c:\\\\Users\\\\DELL\\\\employee-manager\\\\dataconnect\": could not find dataconnect.yaml in `c:\\Users\\DELL\\employee-manager\\dataconnect`\n"}}
[debug] [2025-05-08T07:55:25.559Z] E0508 13:25:25.558680   22852 load.go:23] Could not load config from "c:\\Users\\DELL\\employee-manager\\dataconnect": could not find dataconnect.yaml in `c:\Users\DELL\employee-manager\dataconnect`
 {"metadata":{"emulator":{"name":"dataconnect"},"message":"E0508 13:25:25.558680   22852 load.go:23] Could not load config from \"c:\\\\Users\\\\DELL\\\\employee-manager\\\\dataconnect\": could not find dataconnect.yaml in `c:\\Users\\DELL\\employee-manager\\dataconnect`\n"}}
[debug] [2025-05-08T07:55:35.556Z] E0508 13:25:35.555520   22852 load.go:23] Could not load config from "c:\\Users\\DELL\\employee-manager\\dataconnect": could not find dataconnect.yaml in `c:\Users\DELL\employee-manager\dataconnect`
 {"metadata":{"emulator":{"name":"dataconnect"},"message":"E0508 13:25:35.555520   22852 load.go:23] Could not load config from \"c:\\\\Users\\\\DELL\\\\employee-manager\\\\dataconnect\": could not find dataconnect.yaml in `c:\\Users\\DELL\\employee-manager\\dataconnect`\n"}}
[debug] [2025-05-08T07:55:45.561Z] E0508 13:25:45.560731   22852 load.go:23] Could not load config from "c:\\Users\\DELL\\employee-manager\\dataconnect": could not find dataconnect.yaml in `c:\Users\DELL\employee-manager\dataconnect`
 {"metadata":{"emulator":{"name":"dataconnect"},"message":"E0508 13:25:45.560731   22852 load.go:23] Could not load config from \"c:\\\\Users\\\\DELL\\\\employee-manager\\\\dataconnect\": could not find dataconnect.yaml in `c:\\Users\\DELL\\employee-manager\\dataconnect`\n"}}
[debug] [2025-05-08T07:55:55.570Z] E0508 13:25:55.570404   22852 load.go:23] Could not load config from "c:\\Users\\DELL\\employee-manager\\dataconnect": could not find dataconnect.yaml in `c:\Users\DELL\employee-manager\dataconnect`
 {"metadata":{"emulator":{"name":"dataconnect"},"message":"E0508 13:25:55.570404   22852 load.go:23] Could not load config from \"c:\\\\Users\\\\DELL\\\\employee-manager\\\\dataconnect\": could not find dataconnect.yaml in `c:\\Users\\DELL\\employee-manager\\dataconnect`\n"}}
[debug] [2025-05-08T07:56:05.571Z] E0508 13:26:05.570378   22852 load.go:23] Could not load config from "c:\\Users\\DELL\\employee-manager\\dataconnect": could not find dataconnect.yaml in `c:\Users\DELL\employee-manager\dataconnect`
 {"metadata":{"emulator":{"name":"dataconnect"},"message":"E0508 13:26:05.570378   22852 load.go:23] Could not load config from \"c:\\\\Users\\\\DELL\\\\employee-manager\\\\dataconnect\": could not find dataconnect.yaml in `c:\\Users\\DELL\\employee-manager\\dataconnect`\n"}}
[debug] [2025-05-08T07:56:05.572Z] E0508 13:26:05.571076   22852 watch.go:76] watchAllDir unable to walk dir `c:\Users\DELL\employee-manager\dataconnect`: on path "c:\\Users\\DELL\\employee-manager\\dataconnect" (DirEntry: <nil>): CreateFile c:\Users\DELL\employee-manager\dataconnect: The system cannot find the file specified.
 {"metadata":{"emulator":{"name":"dataconnect"},"message":"E0508 13:26:05.571076   22852 watch.go:76] watchAllDir unable to walk dir `c:\\Users\\DELL\\employee-manager\\dataconnect`: on path \"c:\\\\Users\\\\DELL\\\\employee-manager\\\\dataconnect\" (DirEntry: <nil>): CreateFile c:\\Users\\DELL\\employee-manager\\dataconnect: The system cannot find the file specified.\n"}}
[debug] [2025-05-08T07:56:15.570Z] E0508 13:26:15.569436   22852 load.go:23] Could not load config from "c:\\Users\\DELL\\employee-manager\\dataconnect": could not find dataconnect.yaml in `c:\Users\DELL\employee-manager\dataconnect`
 {"metadata":{"emulator":{"name":"dataconnect"},"message":"E0508 13:26:15.569436   22852 load.go:23] Could not load config from \"c:\\\\Users\\\\DELL\\\\employee-manager\\\\dataconnect\": could not find dataconnect.yaml in `c:\\Users\\DELL\\employee-manager\\dataconnect`\n"}}
[debug] [2025-05-08T07:56:25.565Z] E0508 13:26:25.565188   22852 load.go:23] Could not load config from "c:\\Users\\DELL\\employee-manager\\dataconnect": could not find dataconnect.yaml in `c:\Users\DELL\employee-manager\dataconnect`
 {"metadata":{"emulator":{"name":"dataconnect"},"message":"E0508 13:26:25.565188   22852 load.go:23] Could not load config from \"c:\\\\Users\\\\DELL\\\\employee-manager\\\\dataconnect\": could not find dataconnect.yaml in `c:\\Users\\DELL\\employee-manager\\dataconnect`\n"}}
[debug] [2025-05-08T07:56:35.568Z] E0508 13:26:35.567326   22852 load.go:23] Could not load config from "c:\\Users\\DELL\\employee-manager\\dataconnect": could not find dataconnect.yaml in `c:\Users\DELL\employee-manager\dataconnect`
 {"metadata":{"emulator":{"name":"dataconnect"},"message":"E0508 13:26:35.567326   22852 load.go:23] Could not load config from \"c:\\\\Users\\\\DELL\\\\employee-manager\\\\dataconnect\": could not find dataconnect.yaml in `c:\\Users\\DELL\\employee-manager\\dataconnect`\n"}}
[debug] [2025-05-08T07:56:45.560Z] E0508 13:26:45.560071   22852 load.go:23] Could not load config from "c:\\Users\\DELL\\employee-manager\\dataconnect": could not find dataconnect.yaml in `c:\Users\DELL\employee-manager\dataconnect`
 {"metadata":{"emulator":{"name":"dataconnect"},"message":"E0508 13:26:45.560071   22852 load.go:23] Could not load config from \"c:\\\\Users\\\\DELL\\\\employee-manager\\\\dataconnect\": could not find dataconnect.yaml in `c:\\Users\\DELL\\employee-manager\\dataconnect`\n"}}
[debug] [2025-05-08T07:56:55.558Z] E0508 13:26:55.557676   22852 load.go:23] Could not load config from "c:\\Users\\DELL\\employee-manager\\dataconnect": could not find dataconnect.yaml in `c:\Users\DELL\employee-manager\dataconnect`
 {"metadata":{"emulator":{"name":"dataconnect"},"message":"E0508 13:26:55.557676   22852 load.go:23] Could not load config from \"c:\\\\Users\\\\DELL\\\\employee-manager\\\\dataconnect\": could not find dataconnect.yaml in `c:\\Users\\DELL\\employee-manager\\dataconnect`\n"}}
[debug] [2025-05-08T07:57:05.557Z] E0508 13:27:05.556847   22852 load.go:23] Could not load config from "c:\\Users\\DELL\\employee-manager\\dataconnect": could not find dataconnect.yaml in `c:\Users\DELL\employee-manager\dataconnect`
 {"metadata":{"emulator":{"name":"dataconnect"},"message":"E0508 13:27:05.556847   22852 load.go:23] Could not load config from \"c:\\\\Users\\\\DELL\\\\employee-manager\\\\dataconnect\": could not find dataconnect.yaml in `c:\\Users\\DELL\\employee-manager\\dataconnect`\n"}}
[debug] [2025-05-08T07:57:15.563Z] E0508 13:27:15.563604   22852 load.go:23] Could not load config from "c:\\Users\\DELL\\employee-manager\\dataconnect": could not find dataconnect.yaml in `c:\Users\DELL\employee-manager\dataconnect`
 {"metadata":{"emulator":{"name":"dataconnect"},"message":"E0508 13:27:15.563604   22852 load.go:23] Could not load config from \"c:\\\\Users\\\\DELL\\\\employee-manager\\\\dataconnect\": could not find dataconnect.yaml in `c:\\Users\\DELL\\employee-manager\\dataconnect`\n"}}
[debug] [2025-05-08T07:57:25.571Z] E0508 13:27:25.571139   22852 load.go:23] Could not load config from "c:\\Users\\DELL\\employee-manager\\dataconnect": could not find dataconnect.yaml in `c:\Users\DELL\employee-manager\dataconnect`
 {"metadata":{"emulator":{"name":"dataconnect"},"message":"E0508 13:27:25.571139   22852 load.go:23] Could not load config from \"c:\\\\Users\\\\DELL\\\\employee-manager\\\\dataconnect\": could not find dataconnect.yaml in `c:\\Users\\DELL\\employee-manager\\dataconnect`\n"}}
[debug] [2025-05-08T07:57:35.570Z] E0508 13:27:35.570113   22852 load.go:23] Could not load config from "c:\\Users\\DELL\\employee-manager\\dataconnect": could not find dataconnect.yaml in `c:\Users\DELL\employee-manager\dataconnect`
 {"metadata":{"emulator":{"name":"dataconnect"},"message":"E0508 13:27:35.570113   22852 load.go:23] Could not load config from \"c:\\\\Users\\\\DELL\\\\employee-manager\\\\dataconnect\": could not find dataconnect.yaml in `c:\\Users\\DELL\\employee-manager\\dataconnect`\n"}}
[debug] [2025-05-08T07:57:45.557Z] E0508 13:27:45.557268   22852 load.go:23] Could not load config from "c:\\Users\\DELL\\employee-manager\\dataconnect": could not find dataconnect.yaml in `c:\Users\DELL\employee-manager\dataconnect`
 {"metadata":{"emulator":{"name":"dataconnect"},"message":"E0508 13:27:45.557268   22852 load.go:23] Could not load config from \"c:\\\\Users\\\\DELL\\\\employee-manager\\\\dataconnect\": could not find dataconnect.yaml in `c:\\Users\\DELL\\employee-manager\\dataconnect`\n"}}
[debug] [2025-05-08T07:57:55.557Z] E0508 13:27:55.556974   22852 load.go:23] Could not load config from "c:\\Users\\DELL\\employee-manager\\dataconnect": could not find dataconnect.yaml in `c:\Users\DELL\employee-manager\dataconnect`
 {"metadata":{"emulator":{"name":"dataconnect"},"message":"E0508 13:27:55.556974   22852 load.go:23] Could not load config from \"c:\\\\Users\\\\DELL\\\\employee-manager\\\\dataconnect\": could not find dataconnect.yaml in `c:\\Users\\DELL\\employee-manager\\dataconnect`\n"}}
[debug] [2025-05-08T07:58:05.570Z] E0508 13:28:05.570732   22852 load.go:23] Could not load config from "c:\\Users\\DELL\\employee-manager\\dataconnect": could not find dataconnect.yaml in `c:\Users\DELL\employee-manager\dataconnect`
 {"metadata":{"emulator":{"name":"dataconnect"},"message":"E0508 13:28:05.570732   22852 load.go:23] Could not load config from \"c:\\\\Users\\\\DELL\\\\employee-manager\\\\dataconnect\": could not find dataconnect.yaml in `c:\\Users\\DELL\\employee-manager\\dataconnect`\n"}}
[debug] [2025-05-08T07:58:05.572Z] E0508 13:28:05.570732   22852 watch.go:76] watchAllDir unable to walk dir `c:\Users\DELL\employee-manager\dataconnect`: on path "c:\\Users\\DELL\\employee-manager\\dataconnect" (DirEntry: <nil>): CreateFile c:\Users\DELL\employee-manager\dataconnect: The system cannot find the file specified.
 {"metadata":{"emulator":{"name":"dataconnect"},"message":"E0508 13:28:05.570732   22852 watch.go:76] watchAllDir unable to walk dir `c:\\Users\\DELL\\employee-manager\\dataconnect`: on path \"c:\\\\Users\\\\DELL\\\\employee-manager\\\\dataconnect\" (DirEntry: <nil>): CreateFile c:\\Users\\DELL\\employee-manager\\dataconnect: The system cannot find the file specified.\n"}}
[debug] [2025-05-08T07:58:15.557Z] E0508 13:28:15.556988   22852 load.go:23] Could not load config from "c:\\Users\\DELL\\employee-manager\\dataconnect": could not find dataconnect.yaml in `c:\Users\DELL\employee-manager\dataconnect`
 {"metadata":{"emulator":{"name":"dataconnect"},"message":"E0508 13:28:15.556988   22852 load.go:23] Could not load config from \"c:\\\\Users\\\\DELL\\\\employee-manager\\\\dataconnect\": could not find dataconnect.yaml in `c:\\Users\\DELL\\employee-manager\\dataconnect`\n"}}
[debug] [2025-05-08T07:58:25.560Z] E0508 13:28:25.560402   22852 load.go:23] Could not load config from "c:\\Users\\DELL\\employee-manager\\dataconnect": could not find dataconnect.yaml in `c:\Users\DELL\employee-manager\dataconnect`
 {"metadata":{"emulator":{"name":"dataconnect"},"message":"E0508 13:28:25.560402   22852 load.go:23] Could not load config from \"c:\\\\Users\\\\DELL\\\\employee-manager\\\\dataconnect\": could not find dataconnect.yaml in `c:\\Users\\DELL\\employee-manager\\dataconnect`\n"}}
[debug] [2025-05-08T07:58:35.562Z] E0508 13:28:35.562390   22852 load.go:23] Could not load config from "c:\\Users\\DELL\\employee-manager\\dataconnect": could not find dataconnect.yaml in `c:\Users\DELL\employee-manager\dataconnect`
 {"metadata":{"emulator":{"name":"dataconnect"},"message":"E0508 13:28:35.562390   22852 load.go:23] Could not load config from \"c:\\\\Users\\\\DELL\\\\employee-manager\\\\dataconnect\": could not find dataconnect.yaml in `c:\\Users\\DELL\\employee-manager\\dataconnect`\n"}}
[debug] [2025-05-08T07:58:45.555Z] E0508 13:28:45.555596   22852 load.go:23] Could not load config from "c:\\Users\\DELL\\employee-manager\\dataconnect": could not find dataconnect.yaml in `c:\Users\DELL\employee-manager\dataconnect`
 {"metadata":{"emulator":{"name":"dataconnect"},"message":"E0508 13:28:45.555596   22852 load.go:23] Could not load config from \"c:\\\\Users\\\\DELL\\\\employee-manager\\\\dataconnect\": could not find dataconnect.yaml in `c:\\Users\\DELL\\employee-manager\\dataconnect`\n"}}
[debug] [2025-05-08T07:58:55.563Z] E0508 13:28:55.563553   22852 load.go:23] Could not load config from "c:\\Users\\DELL\\employee-manager\\dataconnect": could not find dataconnect.yaml in `c:\Users\DELL\employee-manager\dataconnect`
 {"metadata":{"emulator":{"name":"dataconnect"},"message":"E0508 13:28:55.563553   22852 load.go:23] Could not load config from \"c:\\\\Users\\\\DELL\\\\employee-manager\\\\dataconnect\": could not find dataconnect.yaml in `c:\\Users\\DELL\\employee-manager\\dataconnect`\n"}}
[debug] [2025-05-08T07:59:05.568Z] E0508 13:29:05.566350   22852 load.go:23] Could not load config from "c:\\Users\\DELL\\employee-manager\\dataconnect": could not find dataconnect.yaml in `c:\Users\DELL\employee-manager\dataconnect`
 {"metadata":{"emulator":{"name":"dataconnect"},"message":"E0508 13:29:05.566350   22852 load.go:23] Could not load config from \"c:\\\\Users\\\\DELL\\\\employee-manager\\\\dataconnect\": could not find dataconnect.yaml in `c:\\Users\\DELL\\employee-manager\\dataconnect`\n"}}
[debug] [2025-05-08T07:59:15.559Z] E0508 13:29:15.559160   22852 load.go:23] Could not load config from "c:\\Users\\DELL\\employee-manager\\dataconnect": could not find dataconnect.yaml in `c:\Users\DELL\employee-manager\dataconnect`
 {"metadata":{"emulator":{"name":"dataconnect"},"message":"E0508 13:29:15.559160   22852 load.go:23] Could not load config from \"c:\\\\Users\\\\DELL\\\\employee-manager\\\\dataconnect\": could not find dataconnect.yaml in `c:\\Users\\DELL\\employee-manager\\dataconnect`\n"}}
[debug] [2025-05-08T07:59:25.558Z] E0508 13:29:25.558127   22852 load.go:23] Could not load config from "c:\\Users\\DELL\\employee-manager\\dataconnect": could not find dataconnect.yaml in `c:\Users\DELL\employee-manager\dataconnect`
 {"metadata":{"emulator":{"name":"dataconnect"},"message":"E0508 13:29:25.558127   22852 load.go:23] Could not load config from \"c:\\\\Users\\\\DELL\\\\employee-manager\\\\dataconnect\": could not find dataconnect.yaml in `c:\\Users\\DELL\\employee-manager\\dataconnect`\n"}}
[debug] [2025-05-08T07:59:35.555Z] E0508 13:29:35.555533   22852 load.go:23] Could not load config from "c:\\Users\\DELL\\employee-manager\\dataconnect": could not find dataconnect.yaml in `c:\Users\DELL\employee-manager\dataconnect`
 {"metadata":{"emulator":{"name":"dataconnect"},"message":"E0508 13:29:35.555533   22852 load.go:23] Could not load config from \"c:\\\\Users\\\\DELL\\\\employee-manager\\\\dataconnect\": could not find dataconnect.yaml in `c:\\Users\\DELL\\employee-manager\\dataconnect`\n"}}
[debug] [2025-05-08T07:59:45.565Z] E0508 13:29:45.565114   22852 load.go:23] Could not load config from "c:\\Users\\DELL\\employee-manager\\dataconnect": could not find dataconnect.yaml in `c:\Users\DELL\employee-manager\dataconnect`
 {"metadata":{"emulator":{"name":"dataconnect"},"message":"E0508 13:29:45.565114   22852 load.go:23] Could not load config from \"c:\\\\Users\\\\DELL\\\\employee-manager\\\\dataconnect\": could not find dataconnect.yaml in `c:\\Users\\DELL\\employee-manager\\dataconnect`\n"}}
[debug] [2025-05-08T07:59:55.567Z] E0508 13:29:55.567018   22852 load.go:23] Could not load config from "c:\\Users\\DELL\\employee-manager\\dataconnect": could not find dataconnect.yaml in `c:\Users\DELL\employee-manager\dataconnect`
 {"metadata":{"emulator":{"name":"dataconnect"},"message":"E0508 13:29:55.567018   22852 load.go:23] Could not load config from \"c:\\\\Users\\\\DELL\\\\employee-manager\\\\dataconnect\": could not find dataconnect.yaml in `c:\\Users\\DELL\\employee-manager\\dataconnect`\n"}}
[debug] [2025-05-08T08:00:05.566Z] E0508 13:30:05.566414   22852 load.go:23] Could not load config from "c:\\Users\\DELL\\employee-manager\\dataconnect": could not find dataconnect.yaml in `c:\Users\DELL\employee-manager\dataconnect`
E0508 13:30:05.566414   22852 watch.go:76] watchAllDir unable to walk dir `c:\Users\DELL\employee-manager\dataconnect`: on path "c:\\Users\\DELL\\employee-manager\\dataconnect" (DirEntry: <nil>): CreateFile c:\Users\DELL\employee-manager\dataconnect: The system cannot find the file specified.
 {"metadata":{"emulator":{"name":"dataconnect"},"message":"E0508 13:30:05.566414   22852 load.go:23] Could not load config from \"c:\\\\Users\\\\DELL\\\\employee-manager\\\\dataconnect\": could not find dataconnect.yaml in `c:\\Users\\DELL\\employee-manager\\dataconnect`\nE0508 13:30:05.566414   22852 watch.go:76] watchAllDir unable to walk dir `c:\\Users\\DELL\\employee-manager\\dataconnect`: on path \"c:\\\\Users\\\\DELL\\\\employee-manager\\\\dataconnect\" (DirEntry: <nil>): CreateFile c:\\Users\\DELL\\employee-manager\\dataconnect: The system cannot find the file specified.\n"}}
[debug] [2025-05-08T08:00:15.565Z] E0508 13:30:15.565540   22852 load.go:23] Could not load config from "c:\\Users\\DELL\\employee-manager\\dataconnect": could not find dataconnect.yaml in `c:\Users\DELL\employee-manager\dataconnect`
 {"metadata":{"emulator":{"name":"dataconnect"},"message":"E0508 13:30:15.565540   22852 load.go:23] Could not load config from \"c:\\\\Users\\\\DELL\\\\employee-manager\\\\dataconnect\": could not find dataconnect.yaml in `c:\\Users\\DELL\\employee-manager\\dataconnect`\n"}}
[debug] [2025-05-08T08:00:25.557Z] E0508 13:30:25.557085   22852 load.go:23] Could not load config from "c:\\Users\\DELL\\employee-manager\\dataconnect": could not find dataconnect.yaml in `c:\Users\DELL\employee-manager\dataconnect`
 {"metadata":{"emulator":{"name":"dataconnect"},"message":"E0508 13:30:25.557085   22852 load.go:23] Could not load config from \"c:\\\\Users\\\\DELL\\\\employee-manager\\\\dataconnect\": could not find dataconnect.yaml in `c:\\Users\\DELL\\employee-manager\\dataconnect`\n"}}
[debug] [2025-05-08T08:00:35.555Z] E0508 13:30:35.555225   22852 load.go:23] Could not load config from "c:\\Users\\DELL\\employee-manager\\dataconnect": could not find dataconnect.yaml in `c:\Users\DELL\employee-manager\dataconnect`
 {"metadata":{"emulator":{"name":"dataconnect"},"message":"E0508 13:30:35.555225   22852 load.go:23] Could not load config from \"c:\\\\Users\\\\DELL\\\\employee-manager\\\\dataconnect\": could not find dataconnect.yaml in `c:\\Users\\DELL\\employee-manager\\dataconnect`\n"}}
[debug] [2025-05-08T08:00:45.563Z] E0508 13:30:45.563511   22852 load.go:23] Could not load config from "c:\\Users\\DELL\\employee-manager\\dataconnect": could not find dataconnect.yaml in `c:\Users\DELL\employee-manager\dataconnect`
 {"metadata":{"emulator":{"name":"dataconnect"},"message":"E0508 13:30:45.563511   22852 load.go:23] Could not load config from \"c:\\\\Users\\\\DELL\\\\employee-manager\\\\dataconnect\": could not find dataconnect.yaml in `c:\\Users\\DELL\\employee-manager\\dataconnect`\n"}}
[debug] [2025-05-08T08:00:55.557Z] E0508 13:30:55.557482   22852 load.go:23] Could not load config from "c:\\Users\\DELL\\employee-manager\\dataconnect": could not find dataconnect.yaml in `c:\Users\DELL\employee-manager\dataconnect`
 {"metadata":{"emulator":{"name":"dataconnect"},"message":"E0508 13:30:55.557482   22852 load.go:23] Could not load config from \"c:\\\\Users\\\\DELL\\\\employee-manager\\\\dataconnect\": could not find dataconnect.yaml in `c:\\Users\\DELL\\employee-manager\\dataconnect`\n"}}
[debug] [2025-05-08T08:01:05.559Z] E0508 13:31:05.559288   22852 load.go:23] Could not load config from "c:\\Users\\DELL\\employee-manager\\dataconnect": could not find dataconnect.yaml in `c:\Users\DELL\employee-manager\dataconnect`
 {"metadata":{"emulator":{"name":"dataconnect"},"message":"E0508 13:31:05.559288   22852 load.go:23] Could not load config from \"c:\\\\Users\\\\DELL\\\\employee-manager\\\\dataconnect\": could not find dataconnect.yaml in `c:\\Users\\DELL\\employee-manager\\dataconnect`\n"}}
[debug] [2025-05-08T08:01:15.557Z] E0508 13:31:15.557234   22852 load.go:23] Could not load config from "c:\\Users\\DELL\\employee-manager\\dataconnect": could not find dataconnect.yaml in `c:\Users\DELL\employee-manager\dataconnect`
 {"metadata":{"emulator":{"name":"dataconnect"},"message":"E0508 13:31:15.557234   22852 load.go:23] Could not load config from \"c:\\\\Users\\\\DELL\\\\employee-manager\\\\dataconnect\": could not find dataconnect.yaml in `c:\\Users\\DELL\\employee-manager\\dataconnect`\n"}}
[debug] [2025-05-08T08:01:25.565Z] E0508 13:31:25.565279   22852 load.go:23] Could not load config from "c:\\Users\\DELL\\employee-manager\\dataconnect": could not find dataconnect.yaml in `c:\Users\DELL\employee-manager\dataconnect`
 {"metadata":{"emulator":{"name":"dataconnect"},"message":"E0508 13:31:25.565279   22852 load.go:23] Could not load config from \"c:\\\\Users\\\\DELL\\\\employee-manager\\\\dataconnect\": could not find dataconnect.yaml in `c:\\Users\\DELL\\employee-manager\\dataconnect`\n"}}
[debug] [2025-05-08T08:01:35.556Z] E0508 13:31:35.556002   22852 load.go:23] Could not load config from "c:\\Users\\DELL\\employee-manager\\dataconnect": could not find dataconnect.yaml in `c:\Users\DELL\employee-manager\dataconnect`
 {"metadata":{"emulator":{"name":"dataconnect"},"message":"E0508 13:31:35.556002   22852 load.go:23] Could not load config from \"c:\\\\Users\\\\DELL\\\\employee-manager\\\\dataconnect\": could not find dataconnect.yaml in `c:\\Users\\DELL\\employee-manager\\dataconnect`\n"}}
[debug] [2025-05-08T08:01:45.558Z] E0508 13:31:45.557901   22852 load.go:23] Could not load config from "c:\\Users\\DELL\\employee-manager\\dataconnect": could not find dataconnect.yaml in `c:\Users\DELL\employee-manager\dataconnect`
 {"metadata":{"emulator":{"name":"dataconnect"},"message":"E0508 13:31:45.557901   22852 load.go:23] Could not load config from \"c:\\\\Users\\\\DELL\\\\employee-manager\\\\dataconnect\": could not find dataconnect.yaml in `c:\\Users\\DELL\\employee-manager\\dataconnect`\n"}}
[debug] [2025-05-08T08:01:55.559Z] E0508 13:31:55.558809   22852 load.go:23] Could not load config from "c:\\Users\\DELL\\employee-manager\\dataconnect": could not find dataconnect.yaml in `c:\Users\DELL\employee-manager\dataconnect`
 {"metadata":{"emulator":{"name":"dataconnect"},"message":"E0508 13:31:55.558809   22852 load.go:23] Could not load config from \"c:\\\\Users\\\\DELL\\\\employee-manager\\\\dataconnect\": could not find dataconnect.yaml in `c:\\Users\\DELL\\employee-manager\\dataconnect`\n"}}
[debug] [2025-05-08T08:02:05.570Z] E0508 13:32:05.570405   22852 load.go:23] Could not load config from "c:\\Users\\DELL\\employee-manager\\dataconnect": could not find dataconnect.yaml in `c:\Users\DELL\employee-manager\dataconnect`
E0508 13:32:05.570405   22852 watch.go:76] watchAllDir unable to walk dir `c:\Users\DELL\employee-manager\dataconnect`: on path "c:\\Users\\DELL\\employee-manager\\dataconnect" (DirEntry: <nil>): CreateFile c:\Users\DELL\employee-manager\dataconnect: The system cannot find the file specified.
 {"metadata":{"emulator":{"name":"dataconnect"},"message":"E0508 13:32:05.570405   22852 load.go:23] Could not load config from \"c:\\\\Users\\\\DELL\\\\employee-manager\\\\dataconnect\": could not find dataconnect.yaml in `c:\\Users\\DELL\\employee-manager\\dataconnect`\nE0508 13:32:05.570405   22852 watch.go:76] watchAllDir unable to walk dir `c:\\Users\\DELL\\employee-manager\\dataconnect`: on path \"c:\\\\Users\\\\DELL\\\\employee-manager\\\\dataconnect\" (DirEntry: <nil>): CreateFile c:\\Users\\DELL\\employee-manager\\dataconnect: The system cannot find the file specified.\n"}}
[debug] [2025-05-08T08:02:15.561Z] E0508 13:32:15.561001   22852 load.go:23] Could not load config from "c:\\Users\\DELL\\employee-manager\\dataconnect": could not find dataconnect.yaml in `c:\Users\DELL\employee-manager\dataconnect`
 {"metadata":{"emulator":{"name":"dataconnect"},"message":"E0508 13:32:15.561001   22852 load.go:23] Could not load config from \"c:\\\\Users\\\\DELL\\\\employee-manager\\\\dataconnect\": could not find dataconnect.yaml in `c:\\Users\\DELL\\employee-manager\\dataconnect`\n"}}
[debug] [2025-05-08T08:02:25.560Z] E0508 13:32:25.560252   22852 load.go:23] Could not load config from "c:\\Users\\DELL\\employee-manager\\dataconnect": could not find dataconnect.yaml in `c:\Users\DELL\employee-manager\dataconnect`
 {"metadata":{"emulator":{"name":"dataconnect"},"message":"E0508 13:32:25.560252   22852 load.go:23] Could not load config from \"c:\\\\Users\\\\DELL\\\\employee-manager\\\\dataconnect\": could not find dataconnect.yaml in `c:\\Users\\DELL\\employee-manager\\dataconnect`\n"}}
[debug] [2025-05-08T08:02:35.557Z] E0508 13:32:35.556428   22852 load.go:23] Could not load config from "c:\\Users\\DELL\\employee-manager\\dataconnect": could not find dataconnect.yaml in `c:\Users\DELL\employee-manager\dataconnect`
 {"metadata":{"emulator":{"name":"dataconnect"},"message":"E0508 13:32:35.556428   22852 load.go:23] Could not load config from \"c:\\\\Users\\\\DELL\\\\employee-manager\\\\dataconnect\": could not find dataconnect.yaml in `c:\\Users\\DELL\\employee-manager\\dataconnect`\n"}}
[debug] [2025-05-08T08:02:45.564Z] E0508 13:32:45.564345   22852 load.go:23] Could not load config from "c:\\Users\\DELL\\employee-manager\\dataconnect": could not find dataconnect.yaml in `c:\Users\DELL\employee-manager\dataconnect`
 {"metadata":{"emulator":{"name":"dataconnect"},"message":"E0508 13:32:45.564345   22852 load.go:23] Could not load config from \"c:\\\\Users\\\\DELL\\\\employee-manager\\\\dataconnect\": could not find dataconnect.yaml in `c:\\Users\\DELL\\employee-manager\\dataconnect`\n"}}
[debug] [2025-05-08T08:02:55.559Z] E0508 13:32:55.558914   22852 load.go:23] Could not load config from "c:\\Users\\DELL\\employee-manager\\dataconnect": could not find dataconnect.yaml in `c:\Users\DELL\employee-manager\dataconnect`
 {"metadata":{"emulator":{"name":"dataconnect"},"message":"E0508 13:32:55.558914   22852 load.go:23] Could not load config from \"c:\\\\Users\\\\DELL\\\\employee-manager\\\\dataconnect\": could not find dataconnect.yaml in `c:\\Users\\DELL\\employee-manager\\dataconnect`\n"}}
[debug] [2025-05-08T08:03:05.559Z] E0508 13:33:05.558734   22852 load.go:23] Could not load config from "c:\\Users\\DELL\\employee-manager\\dataconnect": could not find dataconnect.yaml in `c:\Users\DELL\employee-manager\dataconnect`
 {"metadata":{"emulator":{"name":"dataconnect"},"message":"E0508 13:33:05.558734   22852 load.go:23] Could not load config from \"c:\\\\Users\\\\DELL\\\\employee-manager\\\\dataconnect\": could not find dataconnect.yaml in `c:\\Users\\DELL\\employee-manager\\dataconnect`\n"}}
[debug] [2025-05-08T08:03:15.568Z] E0508 13:33:15.568393   22852 load.go:23] Could not load config from "c:\\Users\\DELL\\employee-manager\\dataconnect": could not find dataconnect.yaml in `c:\Users\DELL\employee-manager\dataconnect`
 {"metadata":{"emulator":{"name":"dataconnect"},"message":"E0508 13:33:15.568393   22852 load.go:23] Could not load config from \"c:\\\\Users\\\\DELL\\\\employee-manager\\\\dataconnect\": could not find dataconnect.yaml in `c:\\Users\\DELL\\employee-manager\\dataconnect`\n"}}
[debug] [2025-05-08T08:03:25.571Z] E0508 13:33:25.570635   22852 load.go:23] Could not load config from "c:\\Users\\DELL\\employee-manager\\dataconnect": could not find dataconnect.yaml in `c:\Users\DELL\employee-manager\dataconnect`
 {"metadata":{"emulator":{"name":"dataconnect"},"message":"E0508 13:33:25.570635   22852 load.go:23] Could not load config from \"c:\\\\Users\\\\DELL\\\\employee-manager\\\\dataconnect\": could not find dataconnect.yaml in `c:\\Users\\DELL\\employee-manager\\dataconnect`\n"}}
[debug] [2025-05-08T08:03:35.570Z] E0508 13:33:35.569765   22852 load.go:23] Could not load config from "c:\\Users\\DELL\\employee-manager\\dataconnect": could not find dataconnect.yaml in `c:\Users\DELL\employee-manager\dataconnect`
 {"metadata":{"emulator":{"name":"dataconnect"},"message":"E0508 13:33:35.569765   22852 load.go:23] Could not load config from \"c:\\\\Users\\\\DELL\\\\employee-manager\\\\dataconnect\": could not find dataconnect.yaml in `c:\\Users\\DELL\\employee-manager\\dataconnect`\n"}}
[debug] [2025-05-08T08:03:45.568Z] E0508 13:33:45.567431   22852 load.go:23] Could not load config from "c:\\Users\\DELL\\employee-manager\\dataconnect": could not find dataconnect.yaml in `c:\Users\DELL\employee-manager\dataconnect`
 {"metadata":{"emulator":{"name":"dataconnect"},"message":"E0508 13:33:45.567431   22852 load.go:23] Could not load config from \"c:\\\\Users\\\\DELL\\\\employee-manager\\\\dataconnect\": could not find dataconnect.yaml in `c:\\Users\\DELL\\employee-manager\\dataconnect`\n"}}
[debug] [2025-05-08T08:03:55.566Z] E0508 13:33:55.566526   22852 load.go:23] Could not load config from "c:\\Users\\DELL\\employee-manager\\dataconnect": could not find dataconnect.yaml in `c:\Users\DELL\employee-manager\dataconnect`
 {"metadata":{"emulator":{"name":"dataconnect"},"message":"E0508 13:33:55.566526   22852 load.go:23] Could not load config from \"c:\\\\Users\\\\DELL\\\\employee-manager\\\\dataconnect\": could not find dataconnect.yaml in `c:\\Users\\DELL\\employee-manager\\dataconnect`\n"}}
[debug] [2025-05-08T08:04:05.562Z] E0508 13:34:05.561686   22852 load.go:23] Could not load config from "c:\\Users\\DELL\\employee-manager\\dataconnect": could not find dataconnect.yaml in `c:\Users\DELL\employee-manager\dataconnect`
 {"metadata":{"emulator":{"name":"dataconnect"},"message":"E0508 13:34:05.561686   22852 load.go:23] Could not load config from \"c:\\\\Users\\\\DELL\\\\employee-manager\\\\dataconnect\": could not find dataconnect.yaml in `c:\\Users\\DELL\\employee-manager\\dataconnect`\n"}}
[debug] [2025-05-08T08:04:05.563Z] E0508 13:34:05.562306   22852 watch.go:76] watchAllDir unable to walk dir `c:\Users\DELL\employee-manager\dataconnect`: on path "c:\\Users\\DELL\\employee-manager\\dataconnect" (DirEntry: <nil>): CreateFile c:\Users\DELL\employee-manager\dataconnect: The system cannot find the file specified.
 {"metadata":{"emulator":{"name":"dataconnect"},"message":"E0508 13:34:05.562306   22852 watch.go:76] watchAllDir unable to walk dir `c:\\Users\\DELL\\employee-manager\\dataconnect`: on path \"c:\\\\Users\\\\DELL\\\\employee-manager\\\\dataconnect\" (DirEntry: <nil>): CreateFile c:\\Users\\DELL\\employee-manager\\dataconnect: The system cannot find the file specified.\n"}}
[debug] [2025-05-08T08:04:15.565Z] E0508 13:34:15.565454   22852 load.go:23] Could not load config from "c:\\Users\\DELL\\employee-manager\\dataconnect": could not find dataconnect.yaml in `c:\Users\DELL\employee-manager\dataconnect`
 {"metadata":{"emulator":{"name":"dataconnect"},"message":"E0508 13:34:15.565454   22852 load.go:23] Could not load config from \"c:\\\\Users\\\\DELL\\\\employee-manager\\\\dataconnect\": could not find dataconnect.yaml in `c:\\Users\\DELL\\employee-manager\\dataconnect`\n"}}
[debug] [2025-05-08T08:04:25.557Z] E0508 13:34:25.557273   22852 load.go:23] Could not load config from "c:\\Users\\DELL\\employee-manager\\dataconnect": could not find dataconnect.yaml in `c:\Users\DELL\employee-manager\dataconnect`
 {"metadata":{"emulator":{"name":"dataconnect"},"message":"E0508 13:34:25.557273   22852 load.go:23] Could not load config from \"c:\\\\Users\\\\DELL\\\\employee-manager\\\\dataconnect\": could not find dataconnect.yaml in `c:\\Users\\DELL\\employee-manager\\dataconnect`\n"}}
[debug] [2025-05-08T08:04:35.568Z] E0508 13:34:35.568640   22852 load.go:23] Could not load config from "c:\\Users\\DELL\\employee-manager\\dataconnect": could not find dataconnect.yaml in `c:\Users\DELL\employee-manager\dataconnect`
 {"metadata":{"emulator":{"name":"dataconnect"},"message":"E0508 13:34:35.568640   22852 load.go:23] Could not load config from \"c:\\\\Users\\\\DELL\\\\employee-manager\\\\dataconnect\": could not find dataconnect.yaml in `c:\\Users\\DELL\\employee-manager\\dataconnect`\n"}}
[debug] [2025-05-08T08:04:45.565Z] E0508 13:34:45.565217   22852 load.go:23] Could not load config from "c:\\Users\\DELL\\employee-manager\\dataconnect": could not find dataconnect.yaml in `c:\Users\DELL\employee-manager\dataconnect`
 {"metadata":{"emulator":{"name":"dataconnect"},"message":"E0508 13:34:45.565217   22852 load.go:23] Could not load config from \"c:\\\\Users\\\\DELL\\\\employee-manager\\\\dataconnect\": could not find dataconnect.yaml in `c:\\Users\\DELL\\employee-manager\\dataconnect`\n"}}
[debug] [2025-05-08T08:04:55.557Z] E0508 13:34:55.558208   22852 load.go:23] Could not load config from "c:\\Users\\DELL\\employee-manager\\dataconnect": could not find dataconnect.yaml in `c:\Users\DELL\employee-manager\dataconnect`
 {"metadata":{"emulator":{"name":"dataconnect"},"message":"E0508 13:34:55.558208   22852 load.go:23] Could not load config from \"c:\\\\Users\\\\DELL\\\\employee-manager\\\\dataconnect\": could not find dataconnect.yaml in `c:\\Users\\DELL\\employee-manager\\dataconnect`\n"}}
[debug] [2025-05-08T08:05:05.566Z] E0508 13:35:05.567278   22852 load.go:23] Could not load config from "c:\\Users\\DELL\\employee-manager\\dataconnect": could not find dataconnect.yaml in `c:\Users\DELL\employee-manager\dataconnect`
 {"metadata":{"emulator":{"name":"dataconnect"},"message":"E0508 13:35:05.567278   22852 load.go:23] Could not load config from \"c:\\\\Users\\\\DELL\\\\employee-manager\\\\dataconnect\": could not find dataconnect.yaml in `c:\\Users\\DELL\\employee-manager\\dataconnect`\n"}}
[debug] [2025-05-08T08:05:15.563Z] E0508 13:35:15.563547   22852 load.go:23] Could not load config from "c:\\Users\\DELL\\employee-manager\\dataconnect": could not find dataconnect.yaml in `c:\Users\DELL\employee-manager\dataconnect`
 {"metadata":{"emulator":{"name":"dataconnect"},"message":"E0508 13:35:15.563547   22852 load.go:23] Could not load config from \"c:\\\\Users\\\\DELL\\\\employee-manager\\\\dataconnect\": could not find dataconnect.yaml in `c:\\Users\\DELL\\employee-manager\\dataconnect`\n"}}
[debug] [2025-05-08T08:05:25.565Z] E0508 13:35:25.565759   22852 load.go:23] Could not load config from "c:\\Users\\DELL\\employee-manager\\dataconnect": could not find dataconnect.yaml in `c:\Users\DELL\employee-manager\dataconnect`
 {"metadata":{"emulator":{"name":"dataconnect"},"message":"E0508 13:35:25.565759   22852 load.go:23] Could not load config from \"c:\\\\Users\\\\DELL\\\\employee-manager\\\\dataconnect\": could not find dataconnect.yaml in `c:\\Users\\DELL\\employee-manager\\dataconnect`\n"}}
[debug] [2025-05-08T08:05:35.562Z] E0508 13:35:35.562405   22852 load.go:23] Could not load config from "c:\\Users\\DELL\\employee-manager\\dataconnect": could not find dataconnect.yaml in `c:\Users\DELL\employee-manager\dataconnect`
 {"metadata":{"emulator":{"name":"dataconnect"},"message":"E0508 13:35:35.562405   22852 load.go:23] Could not load config from \"c:\\\\Users\\\\DELL\\\\employee-manager\\\\dataconnect\": could not find dataconnect.yaml in `c:\\Users\\DELL\\employee-manager\\dataconnect`\n"}}
[debug] [2025-05-08T08:05:45.564Z] E0508 13:35:45.564405   22852 load.go:23] Could not load config from "c:\\Users\\DELL\\employee-manager\\dataconnect": could not find dataconnect.yaml in `c:\Users\DELL\employee-manager\dataconnect`
 {"metadata":{"emulator":{"name":"dataconnect"},"message":"E0508 13:35:45.564405   22852 load.go:23] Could not load config from \"c:\\\\Users\\\\DELL\\\\employee-manager\\\\dataconnect\": could not find dataconnect.yaml in `c:\\Users\\DELL\\employee-manager\\dataconnect`\n"}}
[debug] [2025-05-08T08:05:55.557Z] E0508 13:35:55.557361   22852 load.go:23] Could not load config from "c:\\Users\\DELL\\employee-manager\\dataconnect": could not find dataconnect.yaml in `c:\Users\DELL\employee-manager\dataconnect`
 {"metadata":{"emulator":{"name":"dataconnect"},"message":"E0508 13:35:55.557361   22852 load.go:23] Could not load config from \"c:\\\\Users\\\\DELL\\\\employee-manager\\\\dataconnect\": could not find dataconnect.yaml in `c:\\Users\\DELL\\employee-manager\\dataconnect`\n"}}
[debug] [2025-05-08T08:06:05.558Z] E0508 13:36:05.558418   22852 load.go:23] Could not load config from "c:\\Users\\DELL\\employee-manager\\dataconnect": could not find dataconnect.yaml in `c:\Users\DELL\employee-manager\dataconnect`
E0508 13:36:05.558418   22852 watch.go:76] watchAllDir unable to walk dir `c:\Users\DELL\employee-manager\dataconnect`: on path "c:\\Users\\DELL\\employee-manager\\dataconnect" (DirEntry: <nil>): CreateFile c:\Users\DELL\employee-manager\dataconnect: The system cannot find the file specified.
 {"metadata":{"emulator":{"name":"dataconnect"},"message":"E0508 13:36:05.558418   22852 load.go:23] Could not load config from \"c:\\\\Users\\\\DELL\\\\employee-manager\\\\dataconnect\": could not find dataconnect.yaml in `c:\\Users\\DELL\\employee-manager\\dataconnect`\nE0508 13:36:05.558418   22852 watch.go:76] watchAllDir unable to walk dir `c:\\Users\\DELL\\employee-manager\\dataconnect`: on path \"c:\\\\Users\\\\DELL\\\\employee-manager\\\\dataconnect\" (DirEntry: <nil>): CreateFile c:\\Users\\DELL\\employee-manager\\dataconnect: The system cannot find the file specified.\n"}}
[debug] [2025-05-08T08:06:15.570Z] E0508 13:36:15.570822   22852 load.go:23] Could not load config from "c:\\Users\\DELL\\employee-manager\\dataconnect": could not find dataconnect.yaml in `c:\Users\DELL\employee-manager\dataconnect`
 {"metadata":{"emulator":{"name":"dataconnect"},"message":"E0508 13:36:15.570822   22852 load.go:23] Could not load config from \"c:\\\\Users\\\\DELL\\\\employee-manager\\\\dataconnect\": could not find dataconnect.yaml in `c:\\Users\\DELL\\employee-manager\\dataconnect`\n"}}
[debug] [2025-05-08T08:06:25.555Z] E0508 13:36:25.555778   22852 load.go:23] Could not load config from "c:\\Users\\DELL\\employee-manager\\dataconnect": could not find dataconnect.yaml in `c:\Users\DELL\employee-manager\dataconnect`
 {"metadata":{"emulator":{"name":"dataconnect"},"message":"E0508 13:36:25.555778   22852 load.go:23] Could not load config from \"c:\\\\Users\\\\DELL\\\\employee-manager\\\\dataconnect\": could not find dataconnect.yaml in `c:\\Users\\DELL\\employee-manager\\dataconnect`\n"}}
[debug] [2025-05-08T08:06:35.567Z] E0508 13:36:35.567416   22852 load.go:23] Could not load config from "c:\\Users\\DELL\\employee-manager\\dataconnect": could not find dataconnect.yaml in `c:\Users\DELL\employee-manager\dataconnect`
 {"metadata":{"emulator":{"name":"dataconnect"},"message":"E0508 13:36:35.567416   22852 load.go:23] Could not load config from \"c:\\\\Users\\\\DELL\\\\employee-manager\\\\dataconnect\": could not find dataconnect.yaml in `c:\\Users\\DELL\\employee-manager\\dataconnect`\n"}}
[debug] [2025-05-08T08:06:45.569Z] E0508 13:36:45.568405   22852 load.go:23] Could not load config from "c:\\Users\\DELL\\employee-manager\\dataconnect": could not find dataconnect.yaml in `c:\Users\DELL\employee-manager\dataconnect`
 {"metadata":{"emulator":{"name":"dataconnect"},"message":"E0508 13:36:45.568405   22852 load.go:23] Could not load config from \"c:\\\\Users\\\\DELL\\\\employee-manager\\\\dataconnect\": could not find dataconnect.yaml in `c:\\Users\\DELL\\employee-manager\\dataconnect`\n"}}
[debug] [2025-05-08T08:06:55.566Z] E0508 13:36:55.565698   22852 load.go:23] Could not load config from "c:\\Users\\DELL\\employee-manager\\dataconnect": could not find dataconnect.yaml in `c:\Users\DELL\employee-manager\dataconnect`
 {"metadata":{"emulator":{"name":"dataconnect"},"message":"E0508 13:36:55.565698   22852 load.go:23] Could not load config from \"c:\\\\Users\\\\DELL\\\\employee-manager\\\\dataconnect\": could not find dataconnect.yaml in `c:\\Users\\DELL\\employee-manager\\dataconnect`\n"}}
[debug] [2025-05-08T08:07:05.562Z] E0508 13:37:05.561950   22852 load.go:23] Could not load config from "c:\\Users\\DELL\\employee-manager\\dataconnect": could not find dataconnect.yaml in `c:\Users\DELL\employee-manager\dataconnect`
 {"metadata":{"emulator":{"name":"dataconnect"},"message":"E0508 13:37:05.561950   22852 load.go:23] Could not load config from \"c:\\\\Users\\\\DELL\\\\employee-manager\\\\dataconnect\": could not find dataconnect.yaml in `c:\\Users\\DELL\\employee-manager\\dataconnect`\n"}}
[debug] [2025-05-08T08:07:15.571Z] E0508 13:37:15.570562   22852 load.go:23] Could not load config from "c:\\Users\\DELL\\employee-manager\\dataconnect": could not find dataconnect.yaml in `c:\Users\DELL\employee-manager\dataconnect`
 {"metadata":{"emulator":{"name":"dataconnect"},"message":"E0508 13:37:15.570562   22852 load.go:23] Could not load config from \"c:\\\\Users\\\\DELL\\\\employee-manager\\\\dataconnect\": could not find dataconnect.yaml in `c:\\Users\\DELL\\employee-manager\\dataconnect`\n"}}
[debug] [2025-05-08T08:07:25.562Z] E0508 13:37:25.562099   22852 load.go:23] Could not load config from "c:\\Users\\DELL\\employee-manager\\dataconnect": could not find dataconnect.yaml in `c:\Users\DELL\employee-manager\dataconnect`
 {"metadata":{"emulator":{"name":"dataconnect"},"message":"E0508 13:37:25.562099   22852 load.go:23] Could not load config from \"c:\\\\Users\\\\DELL\\\\employee-manager\\\\dataconnect\": could not find dataconnect.yaml in `c:\\Users\\DELL\\employee-manager\\dataconnect`\n"}}
[debug] [2025-05-08T08:07:35.556Z] E0508 13:37:35.556026   22852 load.go:23] Could not load config from "c:\\Users\\DELL\\employee-manager\\dataconnect": could not find dataconnect.yaml in `c:\Users\DELL\employee-manager\dataconnect`
 {"metadata":{"emulator":{"name":"dataconnect"},"message":"E0508 13:37:35.556026   22852 load.go:23] Could not load config from \"c:\\\\Users\\\\DELL\\\\employee-manager\\\\dataconnect\": could not find dataconnect.yaml in `c:\\Users\\DELL\\employee-manager\\dataconnect`\n"}}
[debug] [2025-05-08T08:07:45.570Z] E0508 13:37:45.570080   22852 load.go:23] Could not load config from "c:\\Users\\DELL\\employee-manager\\dataconnect": could not find dataconnect.yaml in `c:\Users\DELL\employee-manager\dataconnect`
 {"metadata":{"emulator":{"name":"dataconnect"},"message":"E0508 13:37:45.570080   22852 load.go:23] Could not load config from \"c:\\\\Users\\\\DELL\\\\employee-manager\\\\dataconnect\": could not find dataconnect.yaml in `c:\\Users\\DELL\\employee-manager\\dataconnect`\n"}}
[debug] [2025-05-08T08:07:55.559Z] E0508 13:37:55.559496   22852 load.go:23] Could not load config from "c:\\Users\\DELL\\employee-manager\\dataconnect": could not find dataconnect.yaml in `c:\Users\DELL\employee-manager\dataconnect`
 {"metadata":{"emulator":{"name":"dataconnect"},"message":"E0508 13:37:55.559496   22852 load.go:23] Could not load config from \"c:\\\\Users\\\\DELL\\\\employee-manager\\\\dataconnect\": could not find dataconnect.yaml in `c:\\Users\\DELL\\employee-manager\\dataconnect`\n"}}
[debug] [2025-05-08T08:08:05.558Z] E0508 13:38:05.558281   22852 load.go:23] Could not load config from "c:\\Users\\DELL\\employee-manager\\dataconnect": could not find dataconnect.yaml in `c:\Users\DELL\employee-manager\dataconnect`
 {"metadata":{"emulator":{"name":"dataconnect"},"message":"E0508 13:38:05.558281   22852 load.go:23] Could not load config from \"c:\\\\Users\\\\DELL\\\\employee-manager\\\\dataconnect\": could not find dataconnect.yaml in `c:\\Users\\DELL\\employee-manager\\dataconnect`\n"}}
[debug] [2025-05-08T08:08:05.559Z] E0508 13:38:05.558281   22852 watch.go:76] watchAllDir unable to walk dir `c:\Users\DELL\employee-manager\dataconnect`: on path "c:\\Users\\DELL\\employee-manager\\dataconnect" (DirEntry: <nil>): CreateFile c:\Users\DELL\employee-manager\dataconnect: The system cannot find the file specified.
 {"metadata":{"emulator":{"name":"dataconnect"},"message":"E0508 13:38:05.558281   22852 watch.go:76] watchAllDir unable to walk dir `c:\\Users\\DELL\\employee-manager\\dataconnect`: on path \"c:\\\\Users\\\\DELL\\\\employee-manager\\\\dataconnect\" (DirEntry: <nil>): CreateFile c:\\Users\\DELL\\employee-manager\\dataconnect: The system cannot find the file specified.\n"}}
[debug] [2025-05-08T08:08:15.562Z] E0508 13:38:15.562199   22852 load.go:23] Could not load config from "c:\\Users\\DELL\\employee-manager\\dataconnect": could not find dataconnect.yaml in `c:\Users\DELL\employee-manager\dataconnect`
 {"metadata":{"emulator":{"name":"dataconnect"},"message":"E0508 13:38:15.562199   22852 load.go:23] Could not load config from \"c:\\\\Users\\\\DELL\\\\employee-manager\\\\dataconnect\": could not find dataconnect.yaml in `c:\\Users\\DELL\\employee-manager\\dataconnect`\n"}}
[debug] [2025-05-08T08:08:25.558Z] E0508 13:38:25.558043   22852 load.go:23] Could not load config from "c:\\Users\\DELL\\employee-manager\\dataconnect": could not find dataconnect.yaml in `c:\Users\DELL\employee-manager\dataconnect`
 {"metadata":{"emulator":{"name":"dataconnect"},"message":"E0508 13:38:25.558043   22852 load.go:23] Could not load config from \"c:\\\\Users\\\\DELL\\\\employee-manager\\\\dataconnect\": could not find dataconnect.yaml in `c:\\Users\\DELL\\employee-manager\\dataconnect`\n"}}
[debug] [2025-05-08T08:08:35.560Z] E0508 13:38:35.560612   22852 load.go:23] Could not load config from "c:\\Users\\DELL\\employee-manager\\dataconnect": could not find dataconnect.yaml in `c:\Users\DELL\employee-manager\dataconnect`
 {"metadata":{"emulator":{"name":"dataconnect"},"message":"E0508 13:38:35.560612   22852 load.go:23] Could not load config from \"c:\\\\Users\\\\DELL\\\\employee-manager\\\\dataconnect\": could not find dataconnect.yaml in `c:\\Users\\DELL\\employee-manager\\dataconnect`\n"}}
[debug] [2025-05-08T08:08:45.562Z] E0508 13:38:45.562599   22852 load.go:23] Could not load config from "c:\\Users\\DELL\\employee-manager\\dataconnect": could not find dataconnect.yaml in `c:\Users\DELL\employee-manager\dataconnect`
 {"metadata":{"emulator":{"name":"dataconnect"},"message":"E0508 13:38:45.562599   22852 load.go:23] Could not load config from \"c:\\\\Users\\\\DELL\\\\employee-manager\\\\dataconnect\": could not find dataconnect.yaml in `c:\\Users\\DELL\\employee-manager\\dataconnect`\n"}}
[debug] [2025-05-08T08:08:55.565Z] E0508 13:38:55.564843   22852 load.go:23] Could not load config from "c:\\Users\\DELL\\employee-manager\\dataconnect": could not find dataconnect.yaml in `c:\Users\DELL\employee-manager\dataconnect`
 {"metadata":{"emulator":{"name":"dataconnect"},"message":"E0508 13:38:55.564843   22852 load.go:23] Could not load config from \"c:\\\\Users\\\\DELL\\\\employee-manager\\\\dataconnect\": could not find dataconnect.yaml in `c:\\Users\\DELL\\employee-manager\\dataconnect`\n"}}
[debug] [2025-05-08T08:09:05.557Z] E0508 13:39:05.556904   22852 load.go:23] Could not load config from "c:\\Users\\DELL\\employee-manager\\dataconnect": could not find dataconnect.yaml in `c:\Users\DELL\employee-manager\dataconnect`
 {"metadata":{"emulator":{"name":"dataconnect"},"message":"E0508 13:39:05.556904   22852 load.go:23] Could not load config from \"c:\\\\Users\\\\DELL\\\\employee-manager\\\\dataconnect\": could not find dataconnect.yaml in `c:\\Users\\DELL\\employee-manager\\dataconnect`\n"}}
[debug] [2025-05-08T08:09:15.558Z] E0508 13:39:15.558014   22852 load.go:23] Could not load config from "c:\\Users\\DELL\\employee-manager\\dataconnect": could not find dataconnect.yaml in `c:\Users\DELL\employee-manager\dataconnect`
 {"metadata":{"emulator":{"name":"dataconnect"},"message":"E0508 13:39:15.558014   22852 load.go:23] Could not load config from \"c:\\\\Users\\\\DELL\\\\employee-manager\\\\dataconnect\": could not find dataconnect.yaml in `c:\\Users\\DELL\\employee-manager\\dataconnect`\n"}}
[debug] [2025-05-08T08:09:25.564Z] E0508 13:39:25.564123   22852 load.go:23] Could not load config from "c:\\Users\\DELL\\employee-manager\\dataconnect": could not find dataconnect.yaml in `c:\Users\DELL\employee-manager\dataconnect`
 {"metadata":{"emulator":{"name":"dataconnect"},"message":"E0508 13:39:25.564123   22852 load.go:23] Could not load config from \"c:\\\\Users\\\\DELL\\\\employee-manager\\\\dataconnect\": could not find dataconnect.yaml in `c:\\Users\\DELL\\employee-manager\\dataconnect`\n"}}
[debug] [2025-05-08T08:09:35.560Z] E0508 13:39:35.560186   22852 load.go:23] Could not load config from "c:\\Users\\DELL\\employee-manager\\dataconnect": could not find dataconnect.yaml in `c:\Users\DELL\employee-manager\dataconnect`
 {"metadata":{"emulator":{"name":"dataconnect"},"message":"E0508 13:39:35.560186   22852 load.go:23] Could not load config from \"c:\\\\Users\\\\DELL\\\\employee-manager\\\\dataconnect\": could not find dataconnect.yaml in `c:\\Users\\DELL\\employee-manager\\dataconnect`\n"}}
[debug] [2025-05-08T08:09:45.570Z] E0508 13:39:45.570349   22852 load.go:23] Could not load config from "c:\\Users\\DELL\\employee-manager\\dataconnect": could not find dataconnect.yaml in `c:\Users\DELL\employee-manager\dataconnect`
 {"metadata":{"emulator":{"name":"dataconnect"},"message":"E0508 13:39:45.570349   22852 load.go:23] Could not load config from \"c:\\\\Users\\\\DELL\\\\employee-manager\\\\dataconnect\": could not find dataconnect.yaml in `c:\\Users\\DELL\\employee-manager\\dataconnect`\n"}}
[debug] [2025-05-08T08:09:55.565Z] E0508 13:39:55.564531   22852 load.go:23] Could not load config from "c:\\Users\\DELL\\employee-manager\\dataconnect": could not find dataconnect.yaml in `c:\Users\DELL\employee-manager\dataconnect`
 {"metadata":{"emulator":{"name":"dataconnect"},"message":"E0508 13:39:55.564531   22852 load.go:23] Could not load config from \"c:\\\\Users\\\\DELL\\\\employee-manager\\\\dataconnect\": could not find dataconnect.yaml in `c:\\Users\\DELL\\employee-manager\\dataconnect`\n"}}
[debug] [2025-05-08T08:10:05.569Z] E0508 13:40:05.569709   22852 load.go:23] Could not load config from "c:\\Users\\DELL\\employee-manager\\dataconnect": could not find dataconnect.yaml in `c:\Users\DELL\employee-manager\dataconnect`
 {"metadata":{"emulator":{"name":"dataconnect"},"message":"E0508 13:40:05.569709   22852 load.go:23] Could not load config from \"c:\\\\Users\\\\DELL\\\\employee-manager\\\\dataconnect\": could not find dataconnect.yaml in `c:\\Users\\DELL\\employee-manager\\dataconnect`\n"}}
[debug] [2025-05-08T08:10:05.570Z] E0508 13:40:05.569709   22852 watch.go:76] watchAllDir unable to walk dir `c:\Users\DELL\employee-manager\dataconnect`: on path "c:\\Users\\DELL\\employee-manager\\dataconnect" (DirEntry: <nil>): CreateFile c:\Users\DELL\employee-manager\dataconnect: The system cannot find the file specified.
 {"metadata":{"emulator":{"name":"dataconnect"},"message":"E0508 13:40:05.569709   22852 watch.go:76] watchAllDir unable to walk dir `c:\\Users\\DELL\\employee-manager\\dataconnect`: on path \"c:\\\\Users\\\\DELL\\\\employee-manager\\\\dataconnect\" (DirEntry: <nil>): CreateFile c:\\Users\\DELL\\employee-manager\\dataconnect: The system cannot find the file specified.\n"}}
[debug] [2025-05-08T08:10:15.561Z] E0508 13:40:15.562034   22852 load.go:23] Could not load config from "c:\\Users\\DELL\\employee-manager\\dataconnect": could not find dataconnect.yaml in `c:\Users\DELL\employee-manager\dataconnect`
 {"metadata":{"emulator":{"name":"dataconnect"},"message":"E0508 13:40:15.562034   22852 load.go:23] Could not load config from \"c:\\\\Users\\\\DELL\\\\employee-manager\\\\dataconnect\": could not find dataconnect.yaml in `c:\\Users\\DELL\\employee-manager\\dataconnect`\n"}}
[debug] [2025-05-08T08:10:25.558Z] E0508 13:40:25.558445   22852 load.go:23] Could not load config from "c:\\Users\\DELL\\employee-manager\\dataconnect": could not find dataconnect.yaml in `c:\Users\DELL\employee-manager\dataconnect`
 {"metadata":{"emulator":{"name":"dataconnect"},"message":"E0508 13:40:25.558445   22852 load.go:23] Could not load config from \"c:\\\\Users\\\\DELL\\\\employee-manager\\\\dataconnect\": could not find dataconnect.yaml in `c:\\Users\\DELL\\employee-manager\\dataconnect`\n"}}
[debug] [2025-05-08T08:10:35.571Z] E0508 13:40:35.571573   22852 load.go:23] Could not load config from "c:\\Users\\DELL\\employee-manager\\dataconnect": could not find dataconnect.yaml in `c:\Users\DELL\employee-manager\dataconnect`
 {"metadata":{"emulator":{"name":"dataconnect"},"message":"E0508 13:40:35.571573   22852 load.go:23] Could not load config from \"c:\\\\Users\\\\DELL\\\\employee-manager\\\\dataconnect\": could not find dataconnect.yaml in `c:\\Users\\DELL\\employee-manager\\dataconnect`\n"}}
[debug] [2025-05-08T08:10:45.566Z] E0508 13:40:45.566997   22852 load.go:23] Could not load config from "c:\\Users\\DELL\\employee-manager\\dataconnect": could not find dataconnect.yaml in `c:\Users\DELL\employee-manager\dataconnect`
 {"metadata":{"emulator":{"name":"dataconnect"},"message":"E0508 13:40:45.566997   22852 load.go:23] Could not load config from \"c:\\\\Users\\\\DELL\\\\employee-manager\\\\dataconnect\": could not find dataconnect.yaml in `c:\\Users\\DELL\\employee-manager\\dataconnect`\n"}}
[debug] [2025-05-08T08:10:55.556Z] E0508 13:40:55.556615   22852 load.go:23] Could not load config from "c:\\Users\\DELL\\employee-manager\\dataconnect": could not find dataconnect.yaml in `c:\Users\DELL\employee-manager\dataconnect`
 {"metadata":{"emulator":{"name":"dataconnect"},"message":"E0508 13:40:55.556615   22852 load.go:23] Could not load config from \"c:\\\\Users\\\\DELL\\\\employee-manager\\\\dataconnect\": could not find dataconnect.yaml in `c:\\Users\\DELL\\employee-manager\\dataconnect`\n"}}
[debug] [2025-05-08T08:11:05.567Z] E0508 13:41:05.567120   22852 load.go:23] Could not load config from "c:\\Users\\DELL\\employee-manager\\dataconnect": could not find dataconnect.yaml in `c:\Users\DELL\employee-manager\dataconnect`
 {"metadata":{"emulator":{"name":"dataconnect"},"message":"E0508 13:41:05.567120   22852 load.go:23] Could not load config from \"c:\\\\Users\\\\DELL\\\\employee-manager\\\\dataconnect\": could not find dataconnect.yaml in `c:\\Users\\DELL\\employee-manager\\dataconnect`\n"}}
[debug] [2025-05-08T08:11:15.559Z] E0508 13:41:15.559999   22852 load.go:23] Could not load config from "c:\\Users\\DELL\\employee-manager\\dataconnect": could not find dataconnect.yaml in `c:\Users\DELL\employee-manager\dataconnect`
 {"metadata":{"emulator":{"name":"dataconnect"},"message":"E0508 13:41:15.559999   22852 load.go:23] Could not load config from \"c:\\\\Users\\\\DELL\\\\employee-manager\\\\dataconnect\": could not find dataconnect.yaml in `c:\\Users\\DELL\\employee-manager\\dataconnect`\n"}}
[debug] [2025-05-08T08:11:25.555Z] E0508 13:41:25.555459   22852 load.go:23] Could not load config from "c:\\Users\\DELL\\employee-manager\\dataconnect": could not find dataconnect.yaml in `c:\Users\DELL\employee-manager\dataconnect`
 {"metadata":{"emulator":{"name":"dataconnect"},"message":"E0508 13:41:25.555459   22852 load.go:23] Could not load config from \"c:\\\\Users\\\\DELL\\\\employee-manager\\\\dataconnect\": could not find dataconnect.yaml in `c:\\Users\\DELL\\employee-manager\\dataconnect`\n"}}
[debug] [2025-05-08T08:11:35.569Z] E0508 13:41:35.569142   22852 load.go:23] Could not load config from "c:\\Users\\DELL\\employee-manager\\dataconnect": could not find dataconnect.yaml in `c:\Users\DELL\employee-manager\dataconnect`
 {"metadata":{"emulator":{"name":"dataconnect"},"message":"E0508 13:41:35.569142   22852 load.go:23] Could not load config from \"c:\\\\Users\\\\DELL\\\\employee-manager\\\\dataconnect\": could not find dataconnect.yaml in `c:\\Users\\DELL\\employee-manager\\dataconnect`\n"}}
[debug] [2025-05-08T08:11:45.557Z] E0508 13:41:45.557285   22852 load.go:23] Could not load config from "c:\\Users\\DELL\\employee-manager\\dataconnect": could not find dataconnect.yaml in `c:\Users\DELL\employee-manager\dataconnect`
 {"metadata":{"emulator":{"name":"dataconnect"},"message":"E0508 13:41:45.557285   22852 load.go:23] Could not load config from \"c:\\\\Users\\\\DELL\\\\employee-manager\\\\dataconnect\": could not find dataconnect.yaml in `c:\\Users\\DELL\\employee-manager\\dataconnect`\n"}}
[debug] [2025-05-08T08:11:55.569Z] E0508 13:41:55.569825   22852 load.go:23] Could not load config from "c:\\Users\\DELL\\employee-manager\\dataconnect": could not find dataconnect.yaml in `c:\Users\DELL\employee-manager\dataconnect`
 {"metadata":{"emulator":{"name":"dataconnect"},"message":"E0508 13:41:55.569825   22852 load.go:23] Could not load config from \"c:\\\\Users\\\\DELL\\\\employee-manager\\\\dataconnect\": could not find dataconnect.yaml in `c:\\Users\\DELL\\employee-manager\\dataconnect`\n"}}
[debug] [2025-05-08T08:12:05.570Z] E0508 13:42:05.570057   22852 load.go:23] Could not load config from "c:\\Users\\DELL\\employee-manager\\dataconnect": could not find dataconnect.yaml in `c:\Users\DELL\employee-manager\dataconnect`
 {"metadata":{"emulator":{"name":"dataconnect"},"message":"E0508 13:42:05.570057   22852 load.go:23] Could not load config from \"c:\\\\Users\\\\DELL\\\\employee-manager\\\\dataconnect\": could not find dataconnect.yaml in `c:\\Users\\DELL\\employee-manager\\dataconnect`\n"}}
[debug] [2025-05-08T08:12:05.572Z] E0508 13:42:05.570636   22852 watch.go:76] watchAllDir unable to walk dir `c:\Users\DELL\employee-manager\dataconnect`: on path "c:\\Users\\DELL\\employee-manager\\dataconnect" (DirEntry: <nil>): CreateFile c:\Users\DELL\employee-manager\dataconnect: The system cannot find the file specified.
 {"metadata":{"emulator":{"name":"dataconnect"},"message":"E0508 13:42:05.570636   22852 watch.go:76] watchAllDir unable to walk dir `c:\\Users\\DELL\\employee-manager\\dataconnect`: on path \"c:\\\\Users\\\\DELL\\\\employee-manager\\\\dataconnect\" (DirEntry: <nil>): CreateFile c:\\Users\\DELL\\employee-manager\\dataconnect: The system cannot find the file specified.\n"}}
[debug] [2025-05-08T08:12:15.558Z] E0508 13:42:15.558904   22852 load.go:23] Could not load config from "c:\\Users\\DELL\\employee-manager\\dataconnect": could not find dataconnect.yaml in `c:\Users\DELL\employee-manager\dataconnect`
 {"metadata":{"emulator":{"name":"dataconnect"},"message":"E0508 13:42:15.558904   22852 load.go:23] Could not load config from \"c:\\\\Users\\\\DELL\\\\employee-manager\\\\dataconnect\": could not find dataconnect.yaml in `c:\\Users\\DELL\\employee-manager\\dataconnect`\n"}}
[debug] [2025-05-08T08:12:25.569Z] E0508 13:42:25.569865   22852 load.go:23] Could not load config from "c:\\Users\\DELL\\employee-manager\\dataconnect": could not find dataconnect.yaml in `c:\Users\DELL\employee-manager\dataconnect`
 {"metadata":{"emulator":{"name":"dataconnect"},"message":"E0508 13:42:25.569865   22852 load.go:23] Could not load config from \"c:\\\\Users\\\\DELL\\\\employee-manager\\\\dataconnect\": could not find dataconnect.yaml in `c:\\Users\\DELL\\employee-manager\\dataconnect`\n"}}
[debug] [2025-05-08T08:12:35.565Z] E0508 13:42:35.565392   22852 load.go:23] Could not load config from "c:\\Users\\DELL\\employee-manager\\dataconnect": could not find dataconnect.yaml in `c:\Users\DELL\employee-manager\dataconnect`
 {"metadata":{"emulator":{"name":"dataconnect"},"message":"E0508 13:42:35.565392   22852 load.go:23] Could not load config from \"c:\\\\Users\\\\DELL\\\\employee-manager\\\\dataconnect\": could not find dataconnect.yaml in `c:\\Users\\DELL\\employee-manager\\dataconnect`\n"}}
[debug] [2025-05-08T08:12:45.567Z] E0508 13:42:45.567075   22852 load.go:23] Could not load config from "c:\\Users\\DELL\\employee-manager\\dataconnect": could not find dataconnect.yaml in `c:\Users\DELL\employee-manager\dataconnect`
 {"metadata":{"emulator":{"name":"dataconnect"},"message":"E0508 13:42:45.567075   22852 load.go:23] Could not load config from \"c:\\\\Users\\\\DELL\\\\employee-manager\\\\dataconnect\": could not find dataconnect.yaml in `c:\\Users\\DELL\\employee-manager\\dataconnect`\n"}}
[debug] [2025-05-08T08:12:55.560Z] E0508 13:42:55.560651   22852 load.go:23] Could not load config from "c:\\Users\\DELL\\employee-manager\\dataconnect": could not find dataconnect.yaml in `c:\Users\DELL\employee-manager\dataconnect`
 {"metadata":{"emulator":{"name":"dataconnect"},"message":"E0508 13:42:55.560651   22852 load.go:23] Could not load config from \"c:\\\\Users\\\\DELL\\\\employee-manager\\\\dataconnect\": could not find dataconnect.yaml in `c:\\Users\\DELL\\employee-manager\\dataconnect`\n"}}
[debug] [2025-05-08T08:13:05.570Z] E0508 13:43:05.570393   22852 load.go:23] Could not load config from "c:\\Users\\DELL\\employee-manager\\dataconnect": could not find dataconnect.yaml in `c:\Users\DELL\employee-manager\dataconnect`
 {"metadata":{"emulator":{"name":"dataconnect"},"message":"E0508 13:43:05.570393   22852 load.go:23] Could not load config from \"c:\\\\Users\\\\DELL\\\\employee-manager\\\\dataconnect\": could not find dataconnect.yaml in `c:\\Users\\DELL\\employee-manager\\dataconnect`\n"}}
[debug] [2025-05-08T08:13:15.569Z] E0508 13:43:15.569175   22852 load.go:23] Could not load config from "c:\\Users\\DELL\\employee-manager\\dataconnect": could not find dataconnect.yaml in `c:\Users\DELL\employee-manager\dataconnect`
 {"metadata":{"emulator":{"name":"dataconnect"},"message":"E0508 13:43:15.569175   22852 load.go:23] Could not load config from \"c:\\\\Users\\\\DELL\\\\employee-manager\\\\dataconnect\": could not find dataconnect.yaml in `c:\\Users\\DELL\\employee-manager\\dataconnect`\n"}}
[debug] [2025-05-08T08:13:25.558Z] E0508 13:43:25.558149   22852 load.go:23] Could not load config from "c:\\Users\\DELL\\employee-manager\\dataconnect": could not find dataconnect.yaml in `c:\Users\DELL\employee-manager\dataconnect`
 {"metadata":{"emulator":{"name":"dataconnect"},"message":"E0508 13:43:25.558149   22852 load.go:23] Could not load config from \"c:\\\\Users\\\\DELL\\\\employee-manager\\\\dataconnect\": could not find dataconnect.yaml in `c:\\Users\\DELL\\employee-manager\\dataconnect`\n"}}
[debug] [2025-05-08T08:13:35.562Z] E0508 13:43:35.561834   22852 load.go:23] Could not load config from "c:\\Users\\DELL\\employee-manager\\dataconnect": could not find dataconnect.yaml in `c:\Users\DELL\employee-manager\dataconnect`
 {"metadata":{"emulator":{"name":"dataconnect"},"message":"E0508 13:43:35.561834   22852 load.go:23] Could not load config from \"c:\\\\Users\\\\DELL\\\\employee-manager\\\\dataconnect\": could not find dataconnect.yaml in `c:\\Users\\DELL\\employee-manager\\dataconnect`\n"}}
[debug] [2025-05-08T08:13:45.559Z] E0508 13:43:45.560152   22852 load.go:23] Could not load config from "c:\\Users\\DELL\\employee-manager\\dataconnect": could not find dataconnect.yaml in `c:\Users\DELL\employee-manager\dataconnect`
 {"metadata":{"emulator":{"name":"dataconnect"},"message":"E0508 13:43:45.560152   22852 load.go:23] Could not load config from \"c:\\\\Users\\\\DELL\\\\employee-manager\\\\dataconnect\": could not find dataconnect.yaml in `c:\\Users\\DELL\\employee-manager\\dataconnect`\n"}}
[debug] [2025-05-08T08:13:55.564Z] E0508 13:43:55.564377   22852 load.go:23] Could not load config from "c:\\Users\\DELL\\employee-manager\\dataconnect": could not find dataconnect.yaml in `c:\Users\DELL\employee-manager\dataconnect`
 {"metadata":{"emulator":{"name":"dataconnect"},"message":"E0508 13:43:55.564377   22852 load.go:23] Could not load config from \"c:\\\\Users\\\\DELL\\\\employee-manager\\\\dataconnect\": could not find dataconnect.yaml in `c:\\Users\\DELL\\employee-manager\\dataconnect`\n"}}
[debug] [2025-05-08T08:14:05.559Z] E0508 13:44:05.559482   22852 load.go:23] Could not load config from "c:\\Users\\DELL\\employee-manager\\dataconnect": could not find dataconnect.yaml in `c:\Users\DELL\employee-manager\dataconnect`
 {"metadata":{"emulator":{"name":"dataconnect"},"message":"E0508 13:44:05.559482   22852 load.go:23] Could not load config from \"c:\\\\Users\\\\DELL\\\\employee-manager\\\\dataconnect\": could not find dataconnect.yaml in `c:\\Users\\DELL\\employee-manager\\dataconnect`\n"}}
[debug] [2025-05-08T08:14:05.561Z] E0508 13:44:05.559482   22852 watch.go:76] watchAllDir unable to walk dir `c:\Users\DELL\employee-manager\dataconnect`: on path "c:\\Users\\DELL\\employee-manager\\dataconnect" (DirEntry: <nil>): CreateFile c:\Users\DELL\employee-manager\dataconnect: The system cannot find the file specified.
 {"metadata":{"emulator":{"name":"dataconnect"},"message":"E0508 13:44:05.559482   22852 watch.go:76] watchAllDir unable to walk dir `c:\\Users\\DELL\\employee-manager\\dataconnect`: on path \"c:\\\\Users\\\\DELL\\\\employee-manager\\\\dataconnect\" (DirEntry: <nil>): CreateFile c:\\Users\\DELL\\employee-manager\\dataconnect: The system cannot find the file specified.\n"}}
[debug] [2025-05-08T08:14:15.562Z] E0508 13:44:15.562202   22852 load.go:23] Could not load config from "c:\\Users\\DELL\\employee-manager\\dataconnect": could not find dataconnect.yaml in `c:\Users\DELL\employee-manager\dataconnect`
 {"metadata":{"emulator":{"name":"dataconnect"},"message":"E0508 13:44:15.562202   22852 load.go:23] Could not load config from \"c:\\\\Users\\\\DELL\\\\employee-manager\\\\dataconnect\": could not find dataconnect.yaml in `c:\\Users\\DELL\\employee-manager\\dataconnect`\n"}}
[debug] [2025-05-08T08:14:25.572Z] E0508 13:44:25.571843   22852 load.go:23] Could not load config from "c:\\Users\\DELL\\employee-manager\\dataconnect": could not find dataconnect.yaml in `c:\Users\DELL\employee-manager\dataconnect`
 {"metadata":{"emulator":{"name":"dataconnect"},"message":"E0508 13:44:25.571843   22852 load.go:23] Could not load config from \"c:\\\\Users\\\\DELL\\\\employee-manager\\\\dataconnect\": could not find dataconnect.yaml in `c:\\Users\\DELL\\employee-manager\\dataconnect`\n"}}
[debug] [2025-05-08T08:14:35.563Z] E0508 13:44:35.563059   22852 load.go:23] Could not load config from "c:\\Users\\DELL\\employee-manager\\dataconnect": could not find dataconnect.yaml in `c:\Users\DELL\employee-manager\dataconnect`
 {"metadata":{"emulator":{"name":"dataconnect"},"message":"E0508 13:44:35.563059   22852 load.go:23] Could not load config from \"c:\\\\Users\\\\DELL\\\\employee-manager\\\\dataconnect\": could not find dataconnect.yaml in `c:\\Users\\DELL\\employee-manager\\dataconnect`\n"}}
[debug] [2025-05-08T08:14:45.564Z] E0508 13:44:45.564211   22852 load.go:23] Could not load config from "c:\\Users\\DELL\\employee-manager\\dataconnect": could not find dataconnect.yaml in `c:\Users\DELL\employee-manager\dataconnect`
 {"metadata":{"emulator":{"name":"dataconnect"},"message":"E0508 13:44:45.564211   22852 load.go:23] Could not load config from \"c:\\\\Users\\\\DELL\\\\employee-manager\\\\dataconnect\": could not find dataconnect.yaml in `c:\\Users\\DELL\\employee-manager\\dataconnect`\n"}}
[debug] [2025-05-08T08:14:55.562Z] E0508 13:44:55.561806   22852 load.go:23] Could not load config from "c:\\Users\\DELL\\employee-manager\\dataconnect": could not find dataconnect.yaml in `c:\Users\DELL\employee-manager\dataconnect`
 {"metadata":{"emulator":{"name":"dataconnect"},"message":"E0508 13:44:55.561806   22852 load.go:23] Could not load config from \"c:\\\\Users\\\\DELL\\\\employee-manager\\\\dataconnect\": could not find dataconnect.yaml in `c:\\Users\\DELL\\employee-manager\\dataconnect`\n"}}
[debug] [2025-05-08T08:15:05.565Z] E0508 13:45:05.564995   22852 load.go:23] Could not load config from "c:\\Users\\DELL\\employee-manager\\dataconnect": could not find dataconnect.yaml in `c:\Users\DELL\employee-manager\dataconnect`
 {"metadata":{"emulator":{"name":"dataconnect"},"message":"E0508 13:45:05.564995   22852 load.go:23] Could not load config from \"c:\\\\Users\\\\DELL\\\\employee-manager\\\\dataconnect\": could not find dataconnect.yaml in `c:\\Users\\DELL\\employee-manager\\dataconnect`\n"}}
[debug] [2025-05-08T08:15:15.570Z] E0508 13:45:15.569804   22852 load.go:23] Could not load config from "c:\\Users\\DELL\\employee-manager\\dataconnect": could not find dataconnect.yaml in `c:\Users\DELL\employee-manager\dataconnect`
 {"metadata":{"emulator":{"name":"dataconnect"},"message":"E0508 13:45:15.569804   22852 load.go:23] Could not load config from \"c:\\\\Users\\\\DELL\\\\employee-manager\\\\dataconnect\": could not find dataconnect.yaml in `c:\\Users\\DELL\\employee-manager\\dataconnect`\n"}}
[debug] [2025-05-08T08:15:25.562Z] E0508 13:45:25.561569   22852 load.go:23] Could not load config from "c:\\Users\\DELL\\employee-manager\\dataconnect": could not find dataconnect.yaml in `c:\Users\DELL\employee-manager\dataconnect`
 {"metadata":{"emulator":{"name":"dataconnect"},"message":"E0508 13:45:25.561569   22852 load.go:23] Could not load config from \"c:\\\\Users\\\\DELL\\\\employee-manager\\\\dataconnect\": could not find dataconnect.yaml in `c:\\Users\\DELL\\employee-manager\\dataconnect`\n"}}
[debug] [2025-05-08T08:15:35.568Z] E0508 13:45:35.567847   22852 load.go:23] Could not load config from "c:\\Users\\DELL\\employee-manager\\dataconnect": could not find dataconnect.yaml in `c:\Users\DELL\employee-manager\dataconnect`
 {"metadata":{"emulator":{"name":"dataconnect"},"message":"E0508 13:45:35.567847   22852 load.go:23] Could not load config from \"c:\\\\Users\\\\DELL\\\\employee-manager\\\\dataconnect\": could not find dataconnect.yaml in `c:\\Users\\DELL\\employee-manager\\dataconnect`\n"}}
[debug] [2025-05-08T08:15:45.559Z] E0508 13:45:45.559118   22852 load.go:23] Could not load config from "c:\\Users\\DELL\\employee-manager\\dataconnect": could not find dataconnect.yaml in `c:\Users\DELL\employee-manager\dataconnect`
 {"metadata":{"emulator":{"name":"dataconnect"},"message":"E0508 13:45:45.559118   22852 load.go:23] Could not load config from \"c:\\\\Users\\\\DELL\\\\employee-manager\\\\dataconnect\": could not find dataconnect.yaml in `c:\\Users\\DELL\\employee-manager\\dataconnect`\n"}}
[debug] [2025-05-08T08:15:55.563Z] E0508 13:45:55.563324   22852 load.go:23] Could not load config from "c:\\Users\\DELL\\employee-manager\\dataconnect": could not find dataconnect.yaml in `c:\Users\DELL\employee-manager\dataconnect`
 {"metadata":{"emulator":{"name":"dataconnect"},"message":"E0508 13:45:55.563324   22852 load.go:23] Could not load config from \"c:\\\\Users\\\\DELL\\\\employee-manager\\\\dataconnect\": could not find dataconnect.yaml in `c:\\Users\\DELL\\employee-manager\\dataconnect`\n"}}
[debug] [2025-05-08T08:16:05.572Z] E0508 13:46:05.571397   22852 load.go:23] Could not load config from "c:\\Users\\DELL\\employee-manager\\dataconnect": could not find dataconnect.yaml in `c:\Users\DELL\employee-manager\dataconnect`
E0508 13:46:05.571397   22852 watch.go:76] watchAllDir unable to walk dir `c:\Users\DELL\employee-manager\dataconnect`: on path "c:\\Users\\DELL\\employee-manager\\dataconnect" (DirEntry: <nil>): CreateFile c:\Users\DELL\employee-manager\dataconnect: The system cannot find the file specified.
 {"metadata":{"emulator":{"name":"dataconnect"},"message":"E0508 13:46:05.571397   22852 load.go:23] Could not load config from \"c:\\\\Users\\\\DELL\\\\employee-manager\\\\dataconnect\": could not find dataconnect.yaml in `c:\\Users\\DELL\\employee-manager\\dataconnect`\nE0508 13:46:05.571397   22852 watch.go:76] watchAllDir unable to walk dir `c:\\Users\\DELL\\employee-manager\\dataconnect`: on path \"c:\\\\Users\\\\DELL\\\\employee-manager\\\\dataconnect\" (DirEntry: <nil>): CreateFile c:\\Users\\DELL\\employee-manager\\dataconnect: The system cannot find the file specified.\n"}}
[debug] [2025-05-08T08:16:15.557Z] E0508 13:46:15.557098   22852 load.go:23] Could not load config from "c:\\Users\\DELL\\employee-manager\\dataconnect": could not find dataconnect.yaml in `c:\Users\DELL\employee-manager\dataconnect`
 {"metadata":{"emulator":{"name":"dataconnect"},"message":"E0508 13:46:15.557098   22852 load.go:23] Could not load config from \"c:\\\\Users\\\\DELL\\\\employee-manager\\\\dataconnect\": could not find dataconnect.yaml in `c:\\Users\\DELL\\employee-manager\\dataconnect`\n"}}
[debug] [2025-05-08T08:16:25.558Z] E0508 13:46:25.558860   22852 load.go:23] Could not load config from "c:\\Users\\DELL\\employee-manager\\dataconnect": could not find dataconnect.yaml in `c:\Users\DELL\employee-manager\dataconnect`
 {"metadata":{"emulator":{"name":"dataconnect"},"message":"E0508 13:46:25.558860   22852 load.go:23] Could not load config from \"c:\\\\Users\\\\DELL\\\\employee-manager\\\\dataconnect\": could not find dataconnect.yaml in `c:\\Users\\DELL\\employee-manager\\dataconnect`\n"}}
[debug] [2025-05-08T08:16:35.565Z] E0508 13:46:35.565457   22852 load.go:23] Could not load config from "c:\\Users\\DELL\\employee-manager\\dataconnect": could not find dataconnect.yaml in `c:\Users\DELL\employee-manager\dataconnect`
 {"metadata":{"emulator":{"name":"dataconnect"},"message":"E0508 13:46:35.565457   22852 load.go:23] Could not load config from \"c:\\\\Users\\\\DELL\\\\employee-manager\\\\dataconnect\": could not find dataconnect.yaml in `c:\\Users\\DELL\\employee-manager\\dataconnect`\n"}}
[debug] [2025-05-08T08:16:45.557Z] E0508 13:46:45.558161   22852 load.go:23] Could not load config from "c:\\Users\\DELL\\employee-manager\\dataconnect": could not find dataconnect.yaml in `c:\Users\DELL\employee-manager\dataconnect`
 {"metadata":{"emulator":{"name":"dataconnect"},"message":"E0508 13:46:45.558161   22852 load.go:23] Could not load config from \"c:\\\\Users\\\\DELL\\\\employee-manager\\\\dataconnect\": could not find dataconnect.yaml in `c:\\Users\\DELL\\employee-manager\\dataconnect`\n"}}
[debug] [2025-05-08T08:16:55.556Z] E0508 13:46:55.557037   22852 load.go:23] Could not load config from "c:\\Users\\DELL\\employee-manager\\dataconnect": could not find dataconnect.yaml in `c:\Users\DELL\employee-manager\dataconnect`
 {"metadata":{"emulator":{"name":"dataconnect"},"message":"E0508 13:46:55.557037   22852 load.go:23] Could not load config from \"c:\\\\Users\\\\DELL\\\\employee-manager\\\\dataconnect\": could not find dataconnect.yaml in `c:\\Users\\DELL\\employee-manager\\dataconnect`\n"}}
[debug] [2025-05-08T08:17:05.559Z] E0508 13:47:05.559400   22852 load.go:23] Could not load config from "c:\\Users\\DELL\\employee-manager\\dataconnect": could not find dataconnect.yaml in `c:\Users\DELL\employee-manager\dataconnect`
 {"metadata":{"emulator":{"name":"dataconnect"},"message":"E0508 13:47:05.559400   22852 load.go:23] Could not load config from \"c:\\\\Users\\\\DELL\\\\employee-manager\\\\dataconnect\": could not find dataconnect.yaml in `c:\\Users\\DELL\\employee-manager\\dataconnect`\n"}}
[debug] [2025-05-08T08:17:15.558Z] E0508 13:47:15.559140   22852 load.go:23] Could not load config from "c:\\Users\\DELL\\employee-manager\\dataconnect": could not find dataconnect.yaml in `c:\Users\DELL\employee-manager\dataconnect`
 {"metadata":{"emulator":{"name":"dataconnect"},"message":"E0508 13:47:15.559140   22852 load.go:23] Could not load config from \"c:\\\\Users\\\\DELL\\\\employee-manager\\\\dataconnect\": could not find dataconnect.yaml in `c:\\Users\\DELL\\employee-manager\\dataconnect`\n"}}
[debug] [2025-05-08T08:17:25.557Z] E0508 13:47:25.557291   22852 load.go:23] Could not load config from "c:\\Users\\DELL\\employee-manager\\dataconnect": could not find dataconnect.yaml in `c:\Users\DELL\employee-manager\dataconnect`
 {"metadata":{"emulator":{"name":"dataconnect"},"message":"E0508 13:47:25.557291   22852 load.go:23] Could not load config from \"c:\\\\Users\\\\DELL\\\\employee-manager\\\\dataconnect\": could not find dataconnect.yaml in `c:\\Users\\DELL\\employee-manager\\dataconnect`\n"}}
[debug] [2025-05-08T08:17:35.565Z] E0508 13:47:35.565401   22852 load.go:23] Could not load config from "c:\\Users\\DELL\\employee-manager\\dataconnect": could not find dataconnect.yaml in `c:\Users\DELL\employee-manager\dataconnect`
 {"metadata":{"emulator":{"name":"dataconnect"},"message":"E0508 13:47:35.565401   22852 load.go:23] Could not load config from \"c:\\\\Users\\\\DELL\\\\employee-manager\\\\dataconnect\": could not find dataconnect.yaml in `c:\\Users\\DELL\\employee-manager\\dataconnect`\n"}}
[debug] [2025-05-08T08:17:45.560Z] E0508 13:47:45.560010   22852 load.go:23] Could not load config from "c:\\Users\\DELL\\employee-manager\\dataconnect": could not find dataconnect.yaml in `c:\Users\DELL\employee-manager\dataconnect`
 {"metadata":{"emulator":{"name":"dataconnect"},"message":"E0508 13:47:45.560010   22852 load.go:23] Could not load config from \"c:\\\\Users\\\\DELL\\\\employee-manager\\\\dataconnect\": could not find dataconnect.yaml in `c:\\Users\\DELL\\employee-manager\\dataconnect`\n"}}
[debug] [2025-05-08T08:17:55.566Z] E0508 13:47:55.566121   22852 load.go:23] Could not load config from "c:\\Users\\DELL\\employee-manager\\dataconnect": could not find dataconnect.yaml in `c:\Users\DELL\employee-manager\dataconnect`
 {"metadata":{"emulator":{"name":"dataconnect"},"message":"E0508 13:47:55.566121   22852 load.go:23] Could not load config from \"c:\\\\Users\\\\DELL\\\\employee-manager\\\\dataconnect\": could not find dataconnect.yaml in `c:\\Users\\DELL\\employee-manager\\dataconnect`\n"}}
[debug] [2025-05-08T08:18:05.559Z] E0508 13:48:05.559256   22852 load.go:23] Could not load config from "c:\\Users\\DELL\\employee-manager\\dataconnect": could not find dataconnect.yaml in `c:\Users\DELL\employee-manager\dataconnect`
E0508 13:48:05.559256   22852 watch.go:76] watchAllDir unable to walk dir `c:\Users\DELL\employee-manager\dataconnect`: on path "c:\\Users\\DELL\\employee-manager\\dataconnect" (DirEntry: <nil>): CreateFile c:\Users\DELL\employee-manager\dataconnect: The system cannot find the file specified.
 {"metadata":{"emulator":{"name":"dataconnect"},"message":"E0508 13:48:05.559256   22852 load.go:23] Could not load config from \"c:\\\\Users\\\\DELL\\\\employee-manager\\\\dataconnect\": could not find dataconnect.yaml in `c:\\Users\\DELL\\employee-manager\\dataconnect`\nE0508 13:48:05.559256   22852 watch.go:76] watchAllDir unable to walk dir `c:\\Users\\DELL\\employee-manager\\dataconnect`: on path \"c:\\\\Users\\\\DELL\\\\employee-manager\\\\dataconnect\" (DirEntry: <nil>): CreateFile c:\\Users\\DELL\\employee-manager\\dataconnect: The system cannot find the file specified.\n"}}
[debug] [2025-05-08T08:18:15.561Z] E0508 13:48:15.561647   22852 load.go:23] Could not load config from "c:\\Users\\DELL\\employee-manager\\dataconnect": could not find dataconnect.yaml in `c:\Users\DELL\employee-manager\dataconnect`
 {"metadata":{"emulator":{"name":"dataconnect"},"message":"E0508 13:48:15.561647   22852 load.go:23] Could not load config from \"c:\\\\Users\\\\DELL\\\\employee-manager\\\\dataconnect\": could not find dataconnect.yaml in `c:\\Users\\DELL\\employee-manager\\dataconnect`\n"}}
[debug] [2025-05-08T08:18:25.560Z] E0508 13:48:25.559711   22852 load.go:23] Could not load config from "c:\\Users\\DELL\\employee-manager\\dataconnect": could not find dataconnect.yaml in `c:\Users\DELL\employee-manager\dataconnect`
 {"metadata":{"emulator":{"name":"dataconnect"},"message":"E0508 13:48:25.559711   22852 load.go:23] Could not load config from \"c:\\\\Users\\\\DELL\\\\employee-manager\\\\dataconnect\": could not find dataconnect.yaml in `c:\\Users\\DELL\\employee-manager\\dataconnect`\n"}}
[debug] [2025-05-08T08:18:35.560Z] E0508 13:48:35.560058   22852 load.go:23] Could not load config from "c:\\Users\\DELL\\employee-manager\\dataconnect": could not find dataconnect.yaml in `c:\Users\DELL\employee-manager\dataconnect`
 {"metadata":{"emulator":{"name":"dataconnect"},"message":"E0508 13:48:35.560058   22852 load.go:23] Could not load config from \"c:\\\\Users\\\\DELL\\\\employee-manager\\\\dataconnect\": could not find dataconnect.yaml in `c:\\Users\\DELL\\employee-manager\\dataconnect`\n"}}
[debug] [2025-05-08T08:18:45.560Z] E0508 13:48:45.560073   22852 load.go:23] Could not load config from "c:\\Users\\DELL\\employee-manager\\dataconnect": could not find dataconnect.yaml in `c:\Users\DELL\employee-manager\dataconnect`
 {"metadata":{"emulator":{"name":"dataconnect"},"message":"E0508 13:48:45.560073   22852 load.go:23] Could not load config from \"c:\\\\Users\\\\DELL\\\\employee-manager\\\\dataconnect\": could not find dataconnect.yaml in `c:\\Users\\DELL\\employee-manager\\dataconnect`\n"}}
[debug] [2025-05-08T08:18:55.567Z] E0508 13:48:55.566639   22852 load.go:23] Could not load config from "c:\\Users\\DELL\\employee-manager\\dataconnect": could not find dataconnect.yaml in `c:\Users\DELL\employee-manager\dataconnect`
 {"metadata":{"emulator":{"name":"dataconnect"},"message":"E0508 13:48:55.566639   22852 load.go:23] Could not load config from \"c:\\\\Users\\\\DELL\\\\employee-manager\\\\dataconnect\": could not find dataconnect.yaml in `c:\\Users\\DELL\\employee-manager\\dataconnect`\n"}}
[debug] [2025-05-08T08:19:05.566Z] E0508 13:49:05.566144   22852 load.go:23] Could not load config from "c:\\Users\\DELL\\employee-manager\\dataconnect": could not find dataconnect.yaml in `c:\Users\DELL\employee-manager\dataconnect`
 {"metadata":{"emulator":{"name":"dataconnect"},"message":"E0508 13:49:05.566144   22852 load.go:23] Could not load config from \"c:\\\\Users\\\\DELL\\\\employee-manager\\\\dataconnect\": could not find dataconnect.yaml in `c:\\Users\\DELL\\employee-manager\\dataconnect`\n"}}
[debug] [2025-05-08T08:19:15.567Z] E0508 13:49:15.567412   22852 load.go:23] Could not load config from "c:\\Users\\DELL\\employee-manager\\dataconnect": could not find dataconnect.yaml in `c:\Users\DELL\employee-manager\dataconnect`
 {"metadata":{"emulator":{"name":"dataconnect"},"message":"E0508 13:49:15.567412   22852 load.go:23] Could not load config from \"c:\\\\Users\\\\DELL\\\\employee-manager\\\\dataconnect\": could not find dataconnect.yaml in `c:\\Users\\DELL\\employee-manager\\dataconnect`\n"}}
[debug] [2025-05-08T08:19:25.559Z] E0508 13:49:25.559127   22852 load.go:23] Could not load config from "c:\\Users\\DELL\\employee-manager\\dataconnect": could not find dataconnect.yaml in `c:\Users\DELL\employee-manager\dataconnect`
 {"metadata":{"emulator":{"name":"dataconnect"},"message":"E0508 13:49:25.559127   22852 load.go:23] Could not load config from \"c:\\\\Users\\\\DELL\\\\employee-manager\\\\dataconnect\": could not find dataconnect.yaml in `c:\\Users\\DELL\\employee-manager\\dataconnect`\n"}}
[debug] [2025-05-08T08:19:35.566Z] E0508 13:49:35.566426   22852 load.go:23] Could not load config from "c:\\Users\\DELL\\employee-manager\\dataconnect": could not find dataconnect.yaml in `c:\Users\DELL\employee-manager\dataconnect`
 {"metadata":{"emulator":{"name":"dataconnect"},"message":"E0508 13:49:35.566426   22852 load.go:23] Could not load config from \"c:\\\\Users\\\\DELL\\\\employee-manager\\\\dataconnect\": could not find dataconnect.yaml in `c:\\Users\\DELL\\employee-manager\\dataconnect`\n"}}
[debug] [2025-05-08T08:19:45.559Z] E0508 13:49:45.559209   22852 load.go:23] Could not load config from "c:\\Users\\DELL\\employee-manager\\dataconnect": could not find dataconnect.yaml in `c:\Users\DELL\employee-manager\dataconnect`
 {"metadata":{"emulator":{"name":"dataconnect"},"message":"E0508 13:49:45.559209   22852 load.go:23] Could not load config from \"c:\\\\Users\\\\DELL\\\\employee-manager\\\\dataconnect\": could not find dataconnect.yaml in `c:\\Users\\DELL\\employee-manager\\dataconnect`\n"}}
[debug] [2025-05-08T08:19:55.569Z] E0508 13:49:55.569273   22852 load.go:23] Could not load config from "c:\\Users\\DELL\\employee-manager\\dataconnect": could not find dataconnect.yaml in `c:\Users\DELL\employee-manager\dataconnect`
 {"metadata":{"emulator":{"name":"dataconnect"},"message":"E0508 13:49:55.569273   22852 load.go:23] Could not load config from \"c:\\\\Users\\\\DELL\\\\employee-manager\\\\dataconnect\": could not find dataconnect.yaml in `c:\\Users\\DELL\\employee-manager\\dataconnect`\n"}}
[debug] [2025-05-08T08:20:05.558Z] E0508 13:50:05.558366   22852 load.go:23] Could not load config from "c:\\Users\\DELL\\employee-manager\\dataconnect": could not find dataconnect.yaml in `c:\Users\DELL\employee-manager\dataconnect`
 {"metadata":{"emulator":{"name":"dataconnect"},"message":"E0508 13:50:05.558366   22852 load.go:23] Could not load config from \"c:\\\\Users\\\\DELL\\\\employee-manager\\\\dataconnect\": could not find dataconnect.yaml in `c:\\Users\\DELL\\employee-manager\\dataconnect`\n"}}
[debug] [2025-05-08T08:20:05.558Z] E0508 13:50:05.558366   22852 watch.go:76] watchAllDir unable to walk dir `c:\Users\DELL\employee-manager\dataconnect`: on path "c:\\Users\\DELL\\employee-manager\\dataconnect" (DirEntry: <nil>): CreateFile c:\Users\DELL\employee-manager\dataconnect: The system cannot find the file specified.
 {"metadata":{"emulator":{"name":"dataconnect"},"message":"E0508 13:50:05.558366   22852 watch.go:76] watchAllDir unable to walk dir `c:\\Users\\DELL\\employee-manager\\dataconnect`: on path \"c:\\\\Users\\\\DELL\\\\employee-manager\\\\dataconnect\" (DirEntry: <nil>): CreateFile c:\\Users\\DELL\\employee-manager\\dataconnect: The system cannot find the file specified.\n"}}
[debug] [2025-05-08T08:20:15.568Z] E0508 13:50:15.568232   22852 load.go:23] Could not load config from "c:\\Users\\DELL\\employee-manager\\dataconnect": could not find dataconnect.yaml in `c:\Users\DELL\employee-manager\dataconnect`
 {"metadata":{"emulator":{"name":"dataconnect"},"message":"E0508 13:50:15.568232   22852 load.go:23] Could not load config from \"c:\\\\Users\\\\DELL\\\\employee-manager\\\\dataconnect\": could not find dataconnect.yaml in `c:\\Users\\DELL\\employee-manager\\dataconnect`\n"}}
[debug] [2025-05-08T08:20:25.560Z] E0508 13:50:25.560297   22852 load.go:23] Could not load config from "c:\\Users\\DELL\\employee-manager\\dataconnect": could not find dataconnect.yaml in `c:\Users\DELL\employee-manager\dataconnect`
 {"metadata":{"emulator":{"name":"dataconnect"},"message":"E0508 13:50:25.560297   22852 load.go:23] Could not load config from \"c:\\\\Users\\\\DELL\\\\employee-manager\\\\dataconnect\": could not find dataconnect.yaml in `c:\\Users\\DELL\\employee-manager\\dataconnect`\n"}}
[debug] [2025-05-08T08:20:35.571Z] E0508 13:50:35.570751   22852 load.go:23] Could not load config from "c:\\Users\\DELL\\employee-manager\\dataconnect": could not find dataconnect.yaml in `c:\Users\DELL\employee-manager\dataconnect`
 {"metadata":{"emulator":{"name":"dataconnect"},"message":"E0508 13:50:35.570751   22852 load.go:23] Could not load config from \"c:\\\\Users\\\\DELL\\\\employee-manager\\\\dataconnect\": could not find dataconnect.yaml in `c:\\Users\\DELL\\employee-manager\\dataconnect`\n"}}
[debug] [2025-05-08T08:20:45.562Z] E0508 13:50:45.562276   22852 load.go:23] Could not load config from "c:\\Users\\DELL\\employee-manager\\dataconnect": could not find dataconnect.yaml in `c:\Users\DELL\employee-manager\dataconnect`
 {"metadata":{"emulator":{"name":"dataconnect"},"message":"E0508 13:50:45.562276   22852 load.go:23] Could not load config from \"c:\\\\Users\\\\DELL\\\\employee-manager\\\\dataconnect\": could not find dataconnect.yaml in `c:\\Users\\DELL\\employee-manager\\dataconnect`\n"}}
[debug] [2025-05-08T08:20:55.568Z] E0508 13:50:55.568619   22852 load.go:23] Could not load config from "c:\\Users\\DELL\\employee-manager\\dataconnect": could not find dataconnect.yaml in `c:\Users\DELL\employee-manager\dataconnect`
 {"metadata":{"emulator":{"name":"dataconnect"},"message":"E0508 13:50:55.568619   22852 load.go:23] Could not load config from \"c:\\\\Users\\\\DELL\\\\employee-manager\\\\dataconnect\": could not find dataconnect.yaml in `c:\\Users\\DELL\\employee-manager\\dataconnect`\n"}}
[debug] [2025-05-08T08:21:05.567Z] E0508 13:51:05.566738   22852 load.go:23] Could not load config from "c:\\Users\\DELL\\employee-manager\\dataconnect": could not find dataconnect.yaml in `c:\Users\DELL\employee-manager\dataconnect`
 {"metadata":{"emulator":{"name":"dataconnect"},"message":"E0508 13:51:05.566738   22852 load.go:23] Could not load config from \"c:\\\\Users\\\\DELL\\\\employee-manager\\\\dataconnect\": could not find dataconnect.yaml in `c:\\Users\\DELL\\employee-manager\\dataconnect`\n"}}
[debug] [2025-05-08T08:21:15.556Z] E0508 13:51:15.556809   22852 load.go:23] Could not load config from "c:\\Users\\DELL\\employee-manager\\dataconnect": could not find dataconnect.yaml in `c:\Users\DELL\employee-manager\dataconnect`
 {"metadata":{"emulator":{"name":"dataconnect"},"message":"E0508 13:51:15.556809   22852 load.go:23] Could not load config from \"c:\\\\Users\\\\DELL\\\\employee-manager\\\\dataconnect\": could not find dataconnect.yaml in `c:\\Users\\DELL\\employee-manager\\dataconnect`\n"}}
[debug] [2025-05-08T08:21:25.561Z] E0508 13:51:25.560802   22852 load.go:23] Could not load config from "c:\\Users\\DELL\\employee-manager\\dataconnect": could not find dataconnect.yaml in `c:\Users\DELL\employee-manager\dataconnect`
 {"metadata":{"emulator":{"name":"dataconnect"},"message":"E0508 13:51:25.560802   22852 load.go:23] Could not load config from \"c:\\\\Users\\\\DELL\\\\employee-manager\\\\dataconnect\": could not find dataconnect.yaml in `c:\\Users\\DELL\\employee-manager\\dataconnect`\n"}}
[debug] [2025-05-08T08:21:35.570Z] E0508 13:51:35.570237   22852 load.go:23] Could not load config from "c:\\Users\\DELL\\employee-manager\\dataconnect": could not find dataconnect.yaml in `c:\Users\DELL\employee-manager\dataconnect`
 {"metadata":{"emulator":{"name":"dataconnect"},"message":"E0508 13:51:35.570237   22852 load.go:23] Could not load config from \"c:\\\\Users\\\\DELL\\\\employee-manager\\\\dataconnect\": could not find dataconnect.yaml in `c:\\Users\\DELL\\employee-manager\\dataconnect`\n"}}
[debug] [2025-05-08T08:21:45.557Z] E0508 13:51:45.557418   22852 load.go:23] Could not load config from "c:\\Users\\DELL\\employee-manager\\dataconnect": could not find dataconnect.yaml in `c:\Users\DELL\employee-manager\dataconnect`
 {"metadata":{"emulator":{"name":"dataconnect"},"message":"E0508 13:51:45.557418   22852 load.go:23] Could not load config from \"c:\\\\Users\\\\DELL\\\\employee-manager\\\\dataconnect\": could not find dataconnect.yaml in `c:\\Users\\DELL\\employee-manager\\dataconnect`\n"}}
[debug] [2025-05-08T08:21:55.568Z] E0508 13:51:55.568279   22852 load.go:23] Could not load config from "c:\\Users\\DELL\\employee-manager\\dataconnect": could not find dataconnect.yaml in `c:\Users\DELL\employee-manager\dataconnect`
 {"metadata":{"emulator":{"name":"dataconnect"},"message":"E0508 13:51:55.568279   22852 load.go:23] Could not load config from \"c:\\\\Users\\\\DELL\\\\employee-manager\\\\dataconnect\": could not find dataconnect.yaml in `c:\\Users\\DELL\\employee-manager\\dataconnect`\n"}}
[debug] [2025-05-08T08:22:05.561Z] E0508 13:52:05.560578   22852 load.go:23] Could not load config from "c:\\Users\\DELL\\employee-manager\\dataconnect": could not find dataconnect.yaml in `c:\Users\DELL\employee-manager\dataconnect`
 {"metadata":{"emulator":{"name":"dataconnect"},"message":"E0508 13:52:05.560578   22852 load.go:23] Could not load config from \"c:\\\\Users\\\\DELL\\\\employee-manager\\\\dataconnect\": could not find dataconnect.yaml in `c:\\Users\\DELL\\employee-manager\\dataconnect`\n"}}
[debug] [2025-05-08T08:22:05.561Z] E0508 13:52:05.560578   22852 watch.go:76] watchAllDir unable to walk dir `c:\Users\DELL\employee-manager\dataconnect`: on path "c:\\Users\\DELL\\employee-manager\\dataconnect" (DirEntry: <nil>): CreateFile c:\Users\DELL\employee-manager\dataconnect: The system cannot find the file specified.
 {"metadata":{"emulator":{"name":"dataconnect"},"message":"E0508 13:52:05.560578   22852 watch.go:76] watchAllDir unable to walk dir `c:\\Users\\DELL\\employee-manager\\dataconnect`: on path \"c:\\\\Users\\\\DELL\\\\employee-manager\\\\dataconnect\" (DirEntry: <nil>): CreateFile c:\\Users\\DELL\\employee-manager\\dataconnect: The system cannot find the file specified.\n"}}
[debug] [2025-05-08T08:22:15.568Z] E0508 13:52:15.568192   22852 load.go:23] Could not load config from "c:\\Users\\DELL\\employee-manager\\dataconnect": could not find dataconnect.yaml in `c:\Users\DELL\employee-manager\dataconnect`
 {"metadata":{"emulator":{"name":"dataconnect"},"message":"E0508 13:52:15.568192   22852 load.go:23] Could not load config from \"c:\\\\Users\\\\DELL\\\\employee-manager\\\\dataconnect\": could not find dataconnect.yaml in `c:\\Users\\DELL\\employee-manager\\dataconnect`\n"}}
[debug] [2025-05-08T08:22:25.561Z] E0508 13:52:25.560472   22852 load.go:23] Could not load config from "c:\\Users\\DELL\\employee-manager\\dataconnect": could not find dataconnect.yaml in `c:\Users\DELL\employee-manager\dataconnect`
 {"metadata":{"emulator":{"name":"dataconnect"},"message":"E0508 13:52:25.560472   22852 load.go:23] Could not load config from \"c:\\\\Users\\\\DELL\\\\employee-manager\\\\dataconnect\": could not find dataconnect.yaml in `c:\\Users\\DELL\\employee-manager\\dataconnect`\n"}}
[debug] [2025-05-08T08:22:35.568Z] E0508 13:52:35.568947   22852 load.go:23] Could not load config from "c:\\Users\\DELL\\employee-manager\\dataconnect": could not find dataconnect.yaml in `c:\Users\DELL\employee-manager\dataconnect`
 {"metadata":{"emulator":{"name":"dataconnect"},"message":"E0508 13:52:35.568947   22852 load.go:23] Could not load config from \"c:\\\\Users\\\\DELL\\\\employee-manager\\\\dataconnect\": could not find dataconnect.yaml in `c:\\Users\\DELL\\employee-manager\\dataconnect`\n"}}
[debug] [2025-05-08T08:22:45.558Z] E0508 13:52:45.558942   22852 load.go:23] Could not load config from "c:\\Users\\DELL\\employee-manager\\dataconnect": could not find dataconnect.yaml in `c:\Users\DELL\employee-manager\dataconnect`
 {"metadata":{"emulator":{"name":"dataconnect"},"message":"E0508 13:52:45.558942   22852 load.go:23] Could not load config from \"c:\\\\Users\\\\DELL\\\\employee-manager\\\\dataconnect\": could not find dataconnect.yaml in `c:\\Users\\DELL\\employee-manager\\dataconnect`\n"}}
[debug] [2025-05-08T08:22:55.568Z] E0508 13:52:55.569447   22852 load.go:23] Could not load config from "c:\\Users\\DELL\\employee-manager\\dataconnect": could not find dataconnect.yaml in `c:\Users\DELL\employee-manager\dataconnect`
 {"metadata":{"emulator":{"name":"dataconnect"},"message":"E0508 13:52:55.569447   22852 load.go:23] Could not load config from \"c:\\\\Users\\\\DELL\\\\employee-manager\\\\dataconnect\": could not find dataconnect.yaml in `c:\\Users\\DELL\\employee-manager\\dataconnect`\n"}}
[debug] [2025-05-08T08:23:05.561Z] E0508 13:53:05.562766   22852 load.go:23] Could not load config from "c:\\Users\\DELL\\employee-manager\\dataconnect": could not find dataconnect.yaml in `c:\Users\DELL\employee-manager\dataconnect`
 {"metadata":{"emulator":{"name":"dataconnect"},"message":"E0508 13:53:05.562766   22852 load.go:23] Could not load config from \"c:\\\\Users\\\\DELL\\\\employee-manager\\\\dataconnect\": could not find dataconnect.yaml in `c:\\Users\\DELL\\employee-manager\\dataconnect`\n"}}
[debug] [2025-05-08T08:23:15.566Z] E0508 13:53:15.566991   22852 load.go:23] Could not load config from "c:\\Users\\DELL\\employee-manager\\dataconnect": could not find dataconnect.yaml in `c:\Users\DELL\employee-manager\dataconnect`
 {"metadata":{"emulator":{"name":"dataconnect"},"message":"E0508 13:53:15.566991   22852 load.go:23] Could not load config from \"c:\\\\Users\\\\DELL\\\\employee-manager\\\\dataconnect\": could not find dataconnect.yaml in `c:\\Users\\DELL\\employee-manager\\dataconnect`\n"}}
[debug] [2025-05-08T08:23:25.563Z] E0508 13:53:25.562518   22852 load.go:23] Could not load config from "c:\\Users\\DELL\\employee-manager\\dataconnect": could not find dataconnect.yaml in `c:\Users\DELL\employee-manager\dataconnect`
 {"metadata":{"emulator":{"name":"dataconnect"},"message":"E0508 13:53:25.562518   22852 load.go:23] Could not load config from \"c:\\\\Users\\\\DELL\\\\employee-manager\\\\dataconnect\": could not find dataconnect.yaml in `c:\\Users\\DELL\\employee-manager\\dataconnect`\n"}}
[debug] [2025-05-08T08:23:35.569Z] E0508 13:53:35.568514   22852 load.go:23] Could not load config from "c:\\Users\\DELL\\employee-manager\\dataconnect": could not find dataconnect.yaml in `c:\Users\DELL\employee-manager\dataconnect`
 {"metadata":{"emulator":{"name":"dataconnect"},"message":"E0508 13:53:35.568514   22852 load.go:23] Could not load config from \"c:\\\\Users\\\\DELL\\\\employee-manager\\\\dataconnect\": could not find dataconnect.yaml in `c:\\Users\\DELL\\employee-manager\\dataconnect`\n"}}
[debug] [2025-05-08T08:23:45.559Z] E0508 13:53:45.558984   22852 load.go:23] Could not load config from "c:\\Users\\DELL\\employee-manager\\dataconnect": could not find dataconnect.yaml in `c:\Users\DELL\employee-manager\dataconnect`
 {"metadata":{"emulator":{"name":"dataconnect"},"message":"E0508 13:53:45.558984   22852 load.go:23] Could not load config from \"c:\\\\Users\\\\DELL\\\\employee-manager\\\\dataconnect\": could not find dataconnect.yaml in `c:\\Users\\DELL\\employee-manager\\dataconnect`\n"}}
[debug] [2025-05-08T08:23:55.562Z] E0508 13:53:55.561887   22852 load.go:23] Could not load config from "c:\\Users\\DELL\\employee-manager\\dataconnect": could not find dataconnect.yaml in `c:\Users\DELL\employee-manager\dataconnect`
 {"metadata":{"emulator":{"name":"dataconnect"},"message":"E0508 13:53:55.561887   22852 load.go:23] Could not load config from \"c:\\\\Users\\\\DELL\\\\employee-manager\\\\dataconnect\": could not find dataconnect.yaml in `c:\\Users\\DELL\\employee-manager\\dataconnect`\n"}}
[debug] [2025-05-08T08:24:05.564Z] E0508 13:54:05.564047   22852 load.go:23] Could not load config from "c:\\Users\\DELL\\employee-manager\\dataconnect": could not find dataconnect.yaml in `c:\Users\DELL\employee-manager\dataconnect`
E0508 13:54:05.564047   22852 watch.go:76] watchAllDir unable to walk dir `c:\Users\DELL\employee-manager\dataconnect`: on path "c:\\Users\\DELL\\employee-manager\\dataconnect" (DirEntry: <nil>): CreateFile c:\Users\DELL\employee-manager\dataconnect: The system cannot find the file specified.
 {"metadata":{"emulator":{"name":"dataconnect"},"message":"E0508 13:54:05.564047   22852 load.go:23] Could not load config from \"c:\\\\Users\\\\DELL\\\\employee-manager\\\\dataconnect\": could not find dataconnect.yaml in `c:\\Users\\DELL\\employee-manager\\dataconnect`\nE0508 13:54:05.564047   22852 watch.go:76] watchAllDir unable to walk dir `c:\\Users\\DELL\\employee-manager\\dataconnect`: on path \"c:\\\\Users\\\\DELL\\\\employee-manager\\\\dataconnect\" (DirEntry: <nil>): CreateFile c:\\Users\\DELL\\employee-manager\\dataconnect: The system cannot find the file specified.\n"}}
[debug] [2025-05-08T08:24:15.565Z] E0508 13:54:15.564814   22852 load.go:23] Could not load config from "c:\\Users\\DELL\\employee-manager\\dataconnect": could not find dataconnect.yaml in `c:\Users\DELL\employee-manager\dataconnect`
 {"metadata":{"emulator":{"name":"dataconnect"},"message":"E0508 13:54:15.564814   22852 load.go:23] Could not load config from \"c:\\\\Users\\\\DELL\\\\employee-manager\\\\dataconnect\": could not find dataconnect.yaml in `c:\\Users\\DELL\\employee-manager\\dataconnect`\n"}}
[debug] [2025-05-08T08:24:25.558Z] E0508 13:54:25.558515   22852 load.go:23] Could not load config from "c:\\Users\\DELL\\employee-manager\\dataconnect": could not find dataconnect.yaml in `c:\Users\DELL\employee-manager\dataconnect`
 {"metadata":{"emulator":{"name":"dataconnect"},"message":"E0508 13:54:25.558515   22852 load.go:23] Could not load config from \"c:\\\\Users\\\\DELL\\\\employee-manager\\\\dataconnect\": could not find dataconnect.yaml in `c:\\Users\\DELL\\employee-manager\\dataconnect`\n"}}
[debug] [2025-05-08T08:24:35.573Z] E0508 13:54:35.573178   22852 load.go:23] Could not load config from "c:\\Users\\DELL\\employee-manager\\dataconnect": could not find dataconnect.yaml in `c:\Users\DELL\employee-manager\dataconnect`
 {"metadata":{"emulator":{"name":"dataconnect"},"message":"E0508 13:54:35.573178   22852 load.go:23] Could not load config from \"c:\\\\Users\\\\DELL\\\\employee-manager\\\\dataconnect\": could not find dataconnect.yaml in `c:\\Users\\DELL\\employee-manager\\dataconnect`\n"}}
[debug] [2025-05-08T08:24:45.581Z] E0508 13:54:45.581469   22852 load.go:23] Could not load config from "c:\\Users\\DELL\\employee-manager\\dataconnect": could not find dataconnect.yaml in `c:\Users\DELL\employee-manager\dataconnect`
 {"metadata":{"emulator":{"name":"dataconnect"},"message":"E0508 13:54:45.581469   22852 load.go:23] Could not load config from \"c:\\\\Users\\\\DELL\\\\employee-manager\\\\dataconnect\": could not find dataconnect.yaml in `c:\\Users\\DELL\\employee-manager\\dataconnect`\n"}}
[debug] [2025-05-08T08:24:55.557Z] E0508 13:54:55.556712   22852 load.go:23] Could not load config from "c:\\Users\\DELL\\employee-manager\\dataconnect": could not find dataconnect.yaml in `c:\Users\DELL\employee-manager\dataconnect`
 {"metadata":{"emulator":{"name":"dataconnect"},"message":"E0508 13:54:55.556712   22852 load.go:23] Could not load config from \"c:\\\\Users\\\\DELL\\\\employee-manager\\\\dataconnect\": could not find dataconnect.yaml in `c:\\Users\\DELL\\employee-manager\\dataconnect`\n"}}
[debug] [2025-05-08T08:25:05.557Z] E0508 13:55:05.557078   22852 load.go:23] Could not load config from "c:\\Users\\DELL\\employee-manager\\dataconnect": could not find dataconnect.yaml in `c:\Users\DELL\employee-manager\dataconnect`
 {"metadata":{"emulator":{"name":"dataconnect"},"message":"E0508 13:55:05.557078   22852 load.go:23] Could not load config from \"c:\\\\Users\\\\DELL\\\\employee-manager\\\\dataconnect\": could not find dataconnect.yaml in `c:\\Users\\DELL\\employee-manager\\dataconnect`\n"}}
[debug] [2025-05-08T08:25:15.556Z] E0508 13:55:15.556829   22852 load.go:23] Could not load config from "c:\\Users\\DELL\\employee-manager\\dataconnect": could not find dataconnect.yaml in `c:\Users\DELL\employee-manager\dataconnect`
 {"metadata":{"emulator":{"name":"dataconnect"},"message":"E0508 13:55:15.556829   22852 load.go:23] Could not load config from \"c:\\\\Users\\\\DELL\\\\employee-manager\\\\dataconnect\": could not find dataconnect.yaml in `c:\\Users\\DELL\\employee-manager\\dataconnect`\n"}}
[debug] [2025-05-08T08:25:25.562Z] E0508 13:55:25.562295   22852 load.go:23] Could not load config from "c:\\Users\\DELL\\employee-manager\\dataconnect": could not find dataconnect.yaml in `c:\Users\DELL\employee-manager\dataconnect`
 {"metadata":{"emulator":{"name":"dataconnect"},"message":"E0508 13:55:25.562295   22852 load.go:23] Could not load config from \"c:\\\\Users\\\\DELL\\\\employee-manager\\\\dataconnect\": could not find dataconnect.yaml in `c:\\Users\\DELL\\employee-manager\\dataconnect`\n"}}
[debug] [2025-05-08T08:25:35.557Z] E0508 13:55:35.557276   22852 load.go:23] Could not load config from "c:\\Users\\DELL\\employee-manager\\dataconnect": could not find dataconnect.yaml in `c:\Users\DELL\employee-manager\dataconnect`
 {"metadata":{"emulator":{"name":"dataconnect"},"message":"E0508 13:55:35.557276   22852 load.go:23] Could not load config from \"c:\\\\Users\\\\DELL\\\\employee-manager\\\\dataconnect\": could not find dataconnect.yaml in `c:\\Users\\DELL\\employee-manager\\dataconnect`\n"}}
[debug] [2025-05-08T08:25:45.571Z] E0508 13:55:45.570687   22852 load.go:23] Could not load config from "c:\\Users\\DELL\\employee-manager\\dataconnect": could not find dataconnect.yaml in `c:\Users\DELL\employee-manager\dataconnect`
 {"metadata":{"emulator":{"name":"dataconnect"},"message":"E0508 13:55:45.570687   22852 load.go:23] Could not load config from \"c:\\\\Users\\\\DELL\\\\employee-manager\\\\dataconnect\": could not find dataconnect.yaml in `c:\\Users\\DELL\\employee-manager\\dataconnect`\n"}}
[debug] [2025-05-08T08:25:55.558Z] E0508 13:55:55.557910   22852 load.go:23] Could not load config from "c:\\Users\\DELL\\employee-manager\\dataconnect": could not find dataconnect.yaml in `c:\Users\DELL\employee-manager\dataconnect`
 {"metadata":{"emulator":{"name":"dataconnect"},"message":"E0508 13:55:55.557910   22852 load.go:23] Could not load config from \"c:\\\\Users\\\\DELL\\\\employee-manager\\\\dataconnect\": could not find dataconnect.yaml in `c:\\Users\\DELL\\employee-manager\\dataconnect`\n"}}
[debug] [2025-05-08T08:26:05.559Z] E0508 13:56:05.558478   22852 load.go:23] Could not load config from "c:\\Users\\DELL\\employee-manager\\dataconnect": could not find dataconnect.yaml in `c:\Users\DELL\employee-manager\dataconnect`
 {"metadata":{"emulator":{"name":"dataconnect"},"message":"E0508 13:56:05.558478   22852 load.go:23] Could not load config from \"c:\\\\Users\\\\DELL\\\\employee-manager\\\\dataconnect\": could not find dataconnect.yaml in `c:\\Users\\DELL\\employee-manager\\dataconnect`\n"}}
[debug] [2025-05-08T08:26:05.560Z] E0508 13:56:05.558478   22852 watch.go:76] watchAllDir unable to walk dir `c:\Users\DELL\employee-manager\dataconnect`: on path "c:\\Users\\DELL\\employee-manager\\dataconnect" (DirEntry: <nil>): CreateFile c:\Users\DELL\employee-manager\dataconnect: The system cannot find the file specified.
 {"metadata":{"emulator":{"name":"dataconnect"},"message":"E0508 13:56:05.558478   22852 watch.go:76] watchAllDir unable to walk dir `c:\\Users\\DELL\\employee-manager\\dataconnect`: on path \"c:\\\\Users\\\\DELL\\\\employee-manager\\\\dataconnect\" (DirEntry: <nil>): CreateFile c:\\Users\\DELL\\employee-manager\\dataconnect: The system cannot find the file specified.\n"}}
[debug] [2025-05-08T08:26:15.556Z] E0508 13:56:15.555665   22852 load.go:23] Could not load config from "c:\\Users\\DELL\\employee-manager\\dataconnect": could not find dataconnect.yaml in `c:\Users\DELL\employee-manager\dataconnect`
 {"metadata":{"emulator":{"name":"dataconnect"},"message":"E0508 13:56:15.555665   22852 load.go:23] Could not load config from \"c:\\\\Users\\\\DELL\\\\employee-manager\\\\dataconnect\": could not find dataconnect.yaml in `c:\\Users\\DELL\\employee-manager\\dataconnect`\n"}}
[debug] [2025-05-08T08:26:25.564Z] E0508 13:56:25.563578   22852 load.go:23] Could not load config from "c:\\Users\\DELL\\employee-manager\\dataconnect": could not find dataconnect.yaml in `c:\Users\DELL\employee-manager\dataconnect`
 {"metadata":{"emulator":{"name":"dataconnect"},"message":"E0508 13:56:25.563578   22852 load.go:23] Could not load config from \"c:\\\\Users\\\\DELL\\\\employee-manager\\\\dataconnect\": could not find dataconnect.yaml in `c:\\Users\\DELL\\employee-manager\\dataconnect`\n"}}
[debug] [2025-05-08T08:26:35.556Z] E0508 13:56:35.556816   22852 load.go:23] Could not load config from "c:\\Users\\DELL\\employee-manager\\dataconnect": could not find dataconnect.yaml in `c:\Users\DELL\employee-manager\dataconnect`
 {"metadata":{"emulator":{"name":"dataconnect"},"message":"E0508 13:56:35.556816   22852 load.go:23] Could not load config from \"c:\\\\Users\\\\DELL\\\\employee-manager\\\\dataconnect\": could not find dataconnect.yaml in `c:\\Users\\DELL\\employee-manager\\dataconnect`\n"}}
[debug] [2025-05-08T08:26:45.563Z] E0508 13:56:45.563826   22852 load.go:23] Could not load config from "c:\\Users\\DELL\\employee-manager\\dataconnect": could not find dataconnect.yaml in `c:\Users\DELL\employee-manager\dataconnect`
 {"metadata":{"emulator":{"name":"dataconnect"},"message":"E0508 13:56:45.563826   22852 load.go:23] Could not load config from \"c:\\\\Users\\\\DELL\\\\employee-manager\\\\dataconnect\": could not find dataconnect.yaml in `c:\\Users\\DELL\\employee-manager\\dataconnect`\n"}}
[debug] [2025-05-08T08:26:55.571Z] E0508 13:56:55.571313   22852 load.go:23] Could not load config from "c:\\Users\\DELL\\employee-manager\\dataconnect": could not find dataconnect.yaml in `c:\Users\DELL\employee-manager\dataconnect`
 {"metadata":{"emulator":{"name":"dataconnect"},"message":"E0508 13:56:55.571313   22852 load.go:23] Could not load config from \"c:\\\\Users\\\\DELL\\\\employee-manager\\\\dataconnect\": could not find dataconnect.yaml in `c:\\Users\\DELL\\employee-manager\\dataconnect`\n"}}
[debug] [2025-05-08T08:27:05.567Z] E0508 13:57:05.567198   22852 load.go:23] Could not load config from "c:\\Users\\DELL\\employee-manager\\dataconnect": could not find dataconnect.yaml in `c:\Users\DELL\employee-manager\dataconnect`
 {"metadata":{"emulator":{"name":"dataconnect"},"message":"E0508 13:57:05.567198   22852 load.go:23] Could not load config from \"c:\\\\Users\\\\DELL\\\\employee-manager\\\\dataconnect\": could not find dataconnect.yaml in `c:\\Users\\DELL\\employee-manager\\dataconnect`\n"}}
[debug] [2025-05-08T08:27:15.556Z] E0508 13:57:15.556788   22852 load.go:23] Could not load config from "c:\\Users\\DELL\\employee-manager\\dataconnect": could not find dataconnect.yaml in `c:\Users\DELL\employee-manager\dataconnect`
 {"metadata":{"emulator":{"name":"dataconnect"},"message":"E0508 13:57:15.556788   22852 load.go:23] Could not load config from \"c:\\\\Users\\\\DELL\\\\employee-manager\\\\dataconnect\": could not find dataconnect.yaml in `c:\\Users\\DELL\\employee-manager\\dataconnect`\n"}}
[debug] [2025-05-08T08:27:25.557Z] E0508 13:57:25.557841   22852 load.go:23] Could not load config from "c:\\Users\\DELL\\employee-manager\\dataconnect": could not find dataconnect.yaml in `c:\Users\DELL\employee-manager\dataconnect`
 {"metadata":{"emulator":{"name":"dataconnect"},"message":"E0508 13:57:25.557841   22852 load.go:23] Could not load config from \"c:\\\\Users\\\\DELL\\\\employee-manager\\\\dataconnect\": could not find dataconnect.yaml in `c:\\Users\\DELL\\employee-manager\\dataconnect`\n"}}
[debug] [2025-05-08T08:27:35.570Z] E0508 13:57:35.570240   22852 load.go:23] Could not load config from "c:\\Users\\DELL\\employee-manager\\dataconnect": could not find dataconnect.yaml in `c:\Users\DELL\employee-manager\dataconnect`
 {"metadata":{"emulator":{"name":"dataconnect"},"message":"E0508 13:57:35.570240   22852 load.go:23] Could not load config from \"c:\\\\Users\\\\DELL\\\\employee-manager\\\\dataconnect\": could not find dataconnect.yaml in `c:\\Users\\DELL\\employee-manager\\dataconnect`\n"}}
[debug] [2025-05-08T08:27:45.566Z] E0508 13:57:45.566870   22852 load.go:23] Could not load config from "c:\\Users\\DELL\\employee-manager\\dataconnect": could not find dataconnect.yaml in `c:\Users\DELL\employee-manager\dataconnect`
 {"metadata":{"emulator":{"name":"dataconnect"},"message":"E0508 13:57:45.566870   22852 load.go:23] Could not load config from \"c:\\\\Users\\\\DELL\\\\employee-manager\\\\dataconnect\": could not find dataconnect.yaml in `c:\\Users\\DELL\\employee-manager\\dataconnect`\n"}}
[debug] [2025-05-08T08:27:55.559Z] E0508 13:57:55.559098   22852 load.go:23] Could not load config from "c:\\Users\\DELL\\employee-manager\\dataconnect": could not find dataconnect.yaml in `c:\Users\DELL\employee-manager\dataconnect`
 {"metadata":{"emulator":{"name":"dataconnect"},"message":"E0508 13:57:55.559098   22852 load.go:23] Could not load config from \"c:\\\\Users\\\\DELL\\\\employee-manager\\\\dataconnect\": could not find dataconnect.yaml in `c:\\Users\\DELL\\employee-manager\\dataconnect`\n"}}
[debug] [2025-05-08T08:28:05.556Z] E0508 13:58:05.556090   22852 load.go:23] Could not load config from "c:\\Users\\DELL\\employee-manager\\dataconnect": could not find dataconnect.yaml in `c:\Users\DELL\employee-manager\dataconnect`
E0508 13:58:05.556679   22852 watch.go:76] watchAllDir unable to walk dir `c:\Users\DELL\employee-manager\dataconnect`: on path "c:\\Users\\DELL\\employee-manager\\dataconnect" (DirEntry: <nil>): CreateFile c:\Users\DELL\employee-manager\dataconnect: The system cannot find the file specified.
 {"metadata":{"emulator":{"name":"dataconnect"},"message":"E0508 13:58:05.556090   22852 load.go:23] Could not load config from \"c:\\\\Users\\\\DELL\\\\employee-manager\\\\dataconnect\": could not find dataconnect.yaml in `c:\\Users\\DELL\\employee-manager\\dataconnect`\nE0508 13:58:05.556679   22852 watch.go:76] watchAllDir unable to walk dir `c:\\Users\\DELL\\employee-manager\\dataconnect`: on path \"c:\\\\Users\\\\DELL\\\\employee-manager\\\\dataconnect\" (DirEntry: <nil>): CreateFile c:\\Users\\DELL\\employee-manager\\dataconnect: The system cannot find the file specified.\n"}}
[debug] [2025-05-08T08:28:15.556Z] E0508 13:58:15.556823   22852 load.go:23] Could not load config from "c:\\Users\\DELL\\employee-manager\\dataconnect": could not find dataconnect.yaml in `c:\Users\DELL\employee-manager\dataconnect`
 {"metadata":{"emulator":{"name":"dataconnect"},"message":"E0508 13:58:15.556823   22852 load.go:23] Could not load config from \"c:\\\\Users\\\\DELL\\\\employee-manager\\\\dataconnect\": could not find dataconnect.yaml in `c:\\Users\\DELL\\employee-manager\\dataconnect`\n"}}
[debug] [2025-05-08T08:28:25.562Z] E0508 13:58:25.562879   22852 load.go:23] Could not load config from "c:\\Users\\DELL\\employee-manager\\dataconnect": could not find dataconnect.yaml in `c:\Users\DELL\employee-manager\dataconnect`
 {"metadata":{"emulator":{"name":"dataconnect"},"message":"E0508 13:58:25.562879   22852 load.go:23] Could not load config from \"c:\\\\Users\\\\DELL\\\\employee-manager\\\\dataconnect\": could not find dataconnect.yaml in `c:\\Users\\DELL\\employee-manager\\dataconnect`\n"}}
[debug] [2025-05-08T08:28:35.567Z] E0508 13:58:35.567509   22852 load.go:23] Could not load config from "c:\\Users\\DELL\\employee-manager\\dataconnect": could not find dataconnect.yaml in `c:\Users\DELL\employee-manager\dataconnect`
 {"metadata":{"emulator":{"name":"dataconnect"},"message":"E0508 13:58:35.567509   22852 load.go:23] Could not load config from \"c:\\\\Users\\\\DELL\\\\employee-manager\\\\dataconnect\": could not find dataconnect.yaml in `c:\\Users\\DELL\\employee-manager\\dataconnect`\n"}}
[debug] [2025-05-08T08:28:45.562Z] E0508 13:58:45.562766   22852 load.go:23] Could not load config from "c:\\Users\\DELL\\employee-manager\\dataconnect": could not find dataconnect.yaml in `c:\Users\DELL\employee-manager\dataconnect`
 {"metadata":{"emulator":{"name":"dataconnect"},"message":"E0508 13:58:45.562766   22852 load.go:23] Could not load config from \"c:\\\\Users\\\\DELL\\\\employee-manager\\\\dataconnect\": could not find dataconnect.yaml in `c:\\Users\\DELL\\employee-manager\\dataconnect`\n"}}
[debug] [2025-05-08T08:28:55.556Z] E0508 13:58:55.556595   22852 load.go:23] Could not load config from "c:\\Users\\DELL\\employee-manager\\dataconnect": could not find dataconnect.yaml in `c:\Users\DELL\employee-manager\dataconnect`
 {"metadata":{"emulator":{"name":"dataconnect"},"message":"E0508 13:58:55.556595   22852 load.go:23] Could not load config from \"c:\\\\Users\\\\DELL\\\\employee-manager\\\\dataconnect\": could not find dataconnect.yaml in `c:\\Users\\DELL\\employee-manager\\dataconnect`\n"}}
[debug] [2025-05-08T08:29:05.563Z] E0508 13:59:05.563427   22852 load.go:23] Could not load config from "c:\\Users\\DELL\\employee-manager\\dataconnect": could not find dataconnect.yaml in `c:\Users\DELL\employee-manager\dataconnect`
 {"metadata":{"emulator":{"name":"dataconnect"},"message":"E0508 13:59:05.563427   22852 load.go:23] Could not load config from \"c:\\\\Users\\\\DELL\\\\employee-manager\\\\dataconnect\": could not find dataconnect.yaml in `c:\\Users\\DELL\\employee-manager\\dataconnect`\n"}}
[debug] [2025-05-08T08:29:15.556Z] E0508 13:59:15.556529   22852 load.go:23] Could not load config from "c:\\Users\\DELL\\employee-manager\\dataconnect": could not find dataconnect.yaml in `c:\Users\DELL\employee-manager\dataconnect`
 {"metadata":{"emulator":{"name":"dataconnect"},"message":"E0508 13:59:15.556529   22852 load.go:23] Could not load config from \"c:\\\\Users\\\\DELL\\\\employee-manager\\\\dataconnect\": could not find dataconnect.yaml in `c:\\Users\\DELL\\employee-manager\\dataconnect`\n"}}
[debug] [2025-05-08T08:29:25.567Z] E0508 13:59:25.567525   22852 load.go:23] Could not load config from "c:\\Users\\DELL\\employee-manager\\dataconnect": could not find dataconnect.yaml in `c:\Users\DELL\employee-manager\dataconnect`
 {"metadata":{"emulator":{"name":"dataconnect"},"message":"E0508 13:59:25.567525   22852 load.go:23] Could not load config from \"c:\\\\Users\\\\DELL\\\\employee-manager\\\\dataconnect\": could not find dataconnect.yaml in `c:\\Users\\DELL\\employee-manager\\dataconnect`\n"}}
[debug] [2025-05-08T08:29:35.570Z] E0508 13:59:35.570240   22852 load.go:23] Could not load config from "c:\\Users\\DELL\\employee-manager\\dataconnect": could not find dataconnect.yaml in `c:\Users\DELL\employee-manager\dataconnect`
 {"metadata":{"emulator":{"name":"dataconnect"},"message":"E0508 13:59:35.570240   22852 load.go:23] Could not load config from \"c:\\\\Users\\\\DELL\\\\employee-manager\\\\dataconnect\": could not find dataconnect.yaml in `c:\\Users\\DELL\\employee-manager\\dataconnect`\n"}}
[debug] [2025-05-08T08:29:45.558Z] E0508 13:59:45.558646   22852 load.go:23] Could not load config from "c:\\Users\\DELL\\employee-manager\\dataconnect": could not find dataconnect.yaml in `c:\Users\DELL\employee-manager\dataconnect`
 {"metadata":{"emulator":{"name":"dataconnect"},"message":"E0508 13:59:45.558646   22852 load.go:23] Could not load config from \"c:\\\\Users\\\\DELL\\\\employee-manager\\\\dataconnect\": could not find dataconnect.yaml in `c:\\Users\\DELL\\employee-manager\\dataconnect`\n"}}
[debug] [2025-05-08T08:29:55.570Z] E0508 13:59:55.569512   22852 load.go:23] Could not load config from "c:\\Users\\DELL\\employee-manager\\dataconnect": could not find dataconnect.yaml in `c:\Users\DELL\employee-manager\dataconnect`
 {"metadata":{"emulator":{"name":"dataconnect"},"message":"E0508 13:59:55.569512   22852 load.go:23] Could not load config from \"c:\\\\Users\\\\DELL\\\\employee-manager\\\\dataconnect\": could not find dataconnect.yaml in `c:\\Users\\DELL\\employee-manager\\dataconnect`\n"}}
[debug] [2025-05-08T08:30:05.562Z] E0508 14:00:05.561228   22852 load.go:23] Could not load config from "c:\\Users\\DELL\\employee-manager\\dataconnect": could not find dataconnect.yaml in `c:\Users\DELL\employee-manager\dataconnect`
 {"metadata":{"emulator":{"name":"dataconnect"},"message":"E0508 14:00:05.561228   22852 load.go:23] Could not load config from \"c:\\\\Users\\\\DELL\\\\employee-manager\\\\dataconnect\": could not find dataconnect.yaml in `c:\\Users\\DELL\\employee-manager\\dataconnect`\n"}}
[debug] [2025-05-08T08:30:05.563Z] E0508 14:00:05.561813   22852 watch.go:76] watchAllDir unable to walk dir `c:\Users\DELL\employee-manager\dataconnect`: on path "c:\\Users\\DELL\\employee-manager\\dataconnect" (DirEntry: <nil>): CreateFile c:\Users\DELL\employee-manager\dataconnect: The system cannot find the file specified.
 {"metadata":{"emulator":{"name":"dataconnect"},"message":"E0508 14:00:05.561813   22852 watch.go:76] watchAllDir unable to walk dir `c:\\Users\\DELL\\employee-manager\\dataconnect`: on path \"c:\\\\Users\\\\DELL\\\\employee-manager\\\\dataconnect\" (DirEntry: <nil>): CreateFile c:\\Users\\DELL\\employee-manager\\dataconnect: The system cannot find the file specified.\n"}}
[debug] [2025-05-08T08:30:15.557Z] E0508 14:00:15.556498   22852 load.go:23] Could not load config from "c:\\Users\\DELL\\employee-manager\\dataconnect": could not find dataconnect.yaml in `c:\Users\DELL\employee-manager\dataconnect`
 {"metadata":{"emulator":{"name":"dataconnect"},"message":"E0508 14:00:15.556498   22852 load.go:23] Could not load config from \"c:\\\\Users\\\\DELL\\\\employee-manager\\\\dataconnect\": could not find dataconnect.yaml in `c:\\Users\\DELL\\employee-manager\\dataconnect`\n"}}
[debug] [2025-05-08T08:30:25.566Z] E0508 14:00:25.565864   22852 load.go:23] Could not load config from "c:\\Users\\DELL\\employee-manager\\dataconnect": could not find dataconnect.yaml in `c:\Users\DELL\employee-manager\dataconnect`
 {"metadata":{"emulator":{"name":"dataconnect"},"message":"E0508 14:00:25.565864   22852 load.go:23] Could not load config from \"c:\\\\Users\\\\DELL\\\\employee-manager\\\\dataconnect\": could not find dataconnect.yaml in `c:\\Users\\DELL\\employee-manager\\dataconnect`\n"}}
[debug] [2025-05-08T08:30:35.559Z] E0508 14:00:35.559138   22852 load.go:23] Could not load config from "c:\\Users\\DELL\\employee-manager\\dataconnect": could not find dataconnect.yaml in `c:\Users\DELL\employee-manager\dataconnect`
 {"metadata":{"emulator":{"name":"dataconnect"},"message":"E0508 14:00:35.559138   22852 load.go:23] Could not load config from \"c:\\\\Users\\\\DELL\\\\employee-manager\\\\dataconnect\": could not find dataconnect.yaml in `c:\\Users\\DELL\\employee-manager\\dataconnect`\n"}}
[debug] [2025-05-08T08:30:45.570Z] E0508 14:00:45.570052   22852 load.go:23] Could not load config from "c:\\Users\\DELL\\employee-manager\\dataconnect": could not find dataconnect.yaml in `c:\Users\DELL\employee-manager\dataconnect`
 {"metadata":{"emulator":{"name":"dataconnect"},"message":"E0508 14:00:45.570052   22852 load.go:23] Could not load config from \"c:\\\\Users\\\\DELL\\\\employee-manager\\\\dataconnect\": could not find dataconnect.yaml in `c:\\Users\\DELL\\employee-manager\\dataconnect`\n"}}
[debug] [2025-05-08T08:30:55.557Z] E0508 14:00:55.556813   22852 load.go:23] Could not load config from "c:\\Users\\DELL\\employee-manager\\dataconnect": could not find dataconnect.yaml in `c:\Users\DELL\employee-manager\dataconnect`
 {"metadata":{"emulator":{"name":"dataconnect"},"message":"E0508 14:00:55.556813   22852 load.go:23] Could not load config from \"c:\\\\Users\\\\DELL\\\\employee-manager\\\\dataconnect\": could not find dataconnect.yaml in `c:\\Users\\DELL\\employee-manager\\dataconnect`\n"}}
[debug] [2025-05-08T08:31:05.565Z] E0508 14:01:05.565459   22852 load.go:23] Could not load config from "c:\\Users\\DELL\\employee-manager\\dataconnect": could not find dataconnect.yaml in `c:\Users\DELL\employee-manager\dataconnect`
 {"metadata":{"emulator":{"name":"dataconnect"},"message":"E0508 14:01:05.565459   22852 load.go:23] Could not load config from \"c:\\\\Users\\\\DELL\\\\employee-manager\\\\dataconnect\": could not find dataconnect.yaml in `c:\\Users\\DELL\\employee-manager\\dataconnect`\n"}}
[debug] [2025-05-08T08:31:15.565Z] E0508 14:01:15.565135   22852 load.go:23] Could not load config from "c:\\Users\\DELL\\employee-manager\\dataconnect": could not find dataconnect.yaml in `c:\Users\DELL\employee-manager\dataconnect`
 {"metadata":{"emulator":{"name":"dataconnect"},"message":"E0508 14:01:15.565135   22852 load.go:23] Could not load config from \"c:\\\\Users\\\\DELL\\\\employee-manager\\\\dataconnect\": could not find dataconnect.yaml in `c:\\Users\\DELL\\employee-manager\\dataconnect`\n"}}
[debug] [2025-05-08T08:43:53.213Z] E0508 14:13:53.213037   22852 load.go:23] Could not load config from "c:\\Users\\DELL\\employee-manager\\dataconnect": could not find dataconnect.yaml in `c:\Users\DELL\employee-manager\dataconnect`
 {"metadata":{"emulator":{"name":"dataconnect"},"message":"E0508 14:13:53.213037   22852 load.go:23] Could not load config from \"c:\\\\Users\\\\DELL\\\\employee-manager\\\\dataconnect\": could not find dataconnect.yaml in `c:\\Users\\DELL\\employee-manager\\dataconnect`\n"}}
[debug] [2025-05-08T08:43:53.214Z] E0508 14:13:53.213037   22852 watch.go:76] watchAllDir unable to walk dir `c:\Users\DELL\employee-manager\dataconnect`: on path "c:\\Users\\DELL\\employee-manager\\dataconnect" (DirEntry: <nil>): CreateFile c:\Users\DELL\employee-manager\dataconnect: The system cannot find the file specified.
 {"metadata":{"emulator":{"name":"dataconnect"},"message":"E0508 14:13:53.213037   22852 watch.go:76] watchAllDir unable to walk dir `c:\\Users\\DELL\\employee-manager\\dataconnect`: on path \"c:\\\\Users\\\\DELL\\\\employee-manager\\\\dataconnect\" (DirEntry: <nil>): CreateFile c:\\Users\\DELL\\employee-manager\\dataconnect: The system cannot find the file specified.\n"}}
[debug] [2025-05-08T08:43:55.565Z] E0508 14:13:55.565450   22852 load.go:23] Could not load config from "c:\\Users\\DELL\\employee-manager\\dataconnect": could not find dataconnect.yaml in `c:\Users\DELL\employee-manager\dataconnect`
 {"metadata":{"emulator":{"name":"dataconnect"},"message":"E0508 14:13:55.565450   22852 load.go:23] Could not load config from \"c:\\\\Users\\\\DELL\\\\employee-manager\\\\dataconnect\": could not find dataconnect.yaml in `c:\\Users\\DELL\\employee-manager\\dataconnect`\n"}}
[debug] [2025-05-08T08:44:05.555Z] E0508 14:14:05.555674   22852 load.go:23] Could not load config from "c:\\Users\\DELL\\employee-manager\\dataconnect": could not find dataconnect.yaml in `c:\Users\DELL\employee-manager\dataconnect`
 {"metadata":{"emulator":{"name":"dataconnect"},"message":"E0508 14:14:05.555674   22852 load.go:23] Could not load config from \"c:\\\\Users\\\\DELL\\\\employee-manager\\\\dataconnect\": could not find dataconnect.yaml in `c:\\Users\\DELL\\employee-manager\\dataconnect`\n"}}
[debug] [2025-05-08T08:44:05.557Z] E0508 14:14:05.555674   22852 watch.go:76] watchAllDir unable to walk dir `c:\Users\DELL\employee-manager\dataconnect`: on path "c:\\Users\\DELL\\employee-manager\\dataconnect" (DirEntry: <nil>): CreateFile c:\Users\DELL\employee-manager\dataconnect: The system cannot find the file specified.
 {"metadata":{"emulator":{"name":"dataconnect"},"message":"E0508 14:14:05.555674   22852 watch.go:76] watchAllDir unable to walk dir `c:\\Users\\DELL\\employee-manager\\dataconnect`: on path \"c:\\\\Users\\\\DELL\\\\employee-manager\\\\dataconnect\" (DirEntry: <nil>): CreateFile c:\\Users\\DELL\\employee-manager\\dataconnect: The system cannot find the file specified.\n"}}
[debug] [2025-05-08T08:44:15.565Z] E0508 14:14:15.564288   22852 load.go:23] Could not load config from "c:\\Users\\DELL\\employee-manager\\dataconnect": could not find dataconnect.yaml in `c:\Users\DELL\employee-manager\dataconnect`
 {"metadata":{"emulator":{"name":"dataconnect"},"message":"E0508 14:14:15.564288   22852 load.go:23] Could not load config from \"c:\\\\Users\\\\DELL\\\\employee-manager\\\\dataconnect\": could not find dataconnect.yaml in `c:\\Users\\DELL\\employee-manager\\dataconnect`\n"}}
[debug] [2025-05-08T08:44:25.570Z] E0508 14:14:25.569966   22852 load.go:23] Could not load config from "c:\\Users\\DELL\\employee-manager\\dataconnect": could not find dataconnect.yaml in `c:\Users\DELL\employee-manager\dataconnect`
 {"metadata":{"emulator":{"name":"dataconnect"},"message":"E0508 14:14:25.569966   22852 load.go:23] Could not load config from \"c:\\\\Users\\\\DELL\\\\employee-manager\\\\dataconnect\": could not find dataconnect.yaml in `c:\\Users\\DELL\\employee-manager\\dataconnect`\n"}}
[debug] [2025-05-08T08:44:35.559Z] E0508 14:14:35.558378   22852 load.go:23] Could not load config from "c:\\Users\\DELL\\employee-manager\\dataconnect": could not find dataconnect.yaml in `c:\Users\DELL\employee-manager\dataconnect`
 {"metadata":{"emulator":{"name":"dataconnect"},"message":"E0508 14:14:35.558378   22852 load.go:23] Could not load config from \"c:\\\\Users\\\\DELL\\\\employee-manager\\\\dataconnect\": could not find dataconnect.yaml in `c:\\Users\\DELL\\employee-manager\\dataconnect`\n"}}
[debug] [2025-05-08T08:44:45.556Z] E0508 14:14:45.556624   22852 load.go:23] Could not load config from "c:\\Users\\DELL\\employee-manager\\dataconnect": could not find dataconnect.yaml in `c:\Users\DELL\employee-manager\dataconnect`
 {"metadata":{"emulator":{"name":"dataconnect"},"message":"E0508 14:14:45.556624   22852 load.go:23] Could not load config from \"c:\\\\Users\\\\DELL\\\\employee-manager\\\\dataconnect\": could not find dataconnect.yaml in `c:\\Users\\DELL\\employee-manager\\dataconnect`\n"}}
[debug] [2025-05-08T08:44:55.553Z] E0508 14:14:55.556020   22852 load.go:23] Could not load config from "c:\\Users\\DELL\\employee-manager\\dataconnect": could not find dataconnect.yaml in `c:\Users\DELL\employee-manager\dataconnect`
 {"metadata":{"emulator":{"name":"dataconnect"},"message":"E0508 14:14:55.556020   22852 load.go:23] Could not load config from \"c:\\\\Users\\\\DELL\\\\employee-manager\\\\dataconnect\": could not find dataconnect.yaml in `c:\\Users\\DELL\\employee-manager\\dataconnect`\n"}}
[debug] [2025-05-08T08:45:05.555Z] E0508 14:15:05.558353   22852 load.go:23] Could not load config from "c:\\Users\\DELL\\employee-manager\\dataconnect": could not find dataconnect.yaml in `c:\Users\DELL\employee-manager\dataconnect`
 {"metadata":{"emulator":{"name":"dataconnect"},"message":"E0508 14:15:05.558353   22852 load.go:23] Could not load config from \"c:\\\\Users\\\\DELL\\\\employee-manager\\\\dataconnect\": could not find dataconnect.yaml in `c:\\Users\\DELL\\employee-manager\\dataconnect`\n"}}
[debug] [2025-05-08T08:45:15.565Z] E0508 14:15:15.568837   22852 load.go:23] Could not load config from "c:\\Users\\DELL\\employee-manager\\dataconnect": could not find dataconnect.yaml in `c:\Users\DELL\employee-manager\dataconnect`
 {"metadata":{"emulator":{"name":"dataconnect"},"message":"E0508 14:15:15.568837   22852 load.go:23] Could not load config from \"c:\\\\Users\\\\DELL\\\\employee-manager\\\\dataconnect\": could not find dataconnect.yaml in `c:\\Users\\DELL\\employee-manager\\dataconnect`\n"}}
[debug] [2025-05-08T08:45:25.554Z] E0508 14:15:25.557818   22852 load.go:23] Could not load config from "c:\\Users\\DELL\\employee-manager\\dataconnect": could not find dataconnect.yaml in `c:\Users\DELL\employee-manager\dataconnect`
 {"metadata":{"emulator":{"name":"dataconnect"},"message":"E0508 14:15:25.557818   22852 load.go:23] Could not load config from \"c:\\\\Users\\\\DELL\\\\employee-manager\\\\dataconnect\": could not find dataconnect.yaml in `c:\\Users\\DELL\\employee-manager\\dataconnect`\n"}}
[debug] [2025-05-08T08:45:35.558Z] E0508 14:15:35.562307   22852 load.go:23] Could not load config from "c:\\Users\\DELL\\employee-manager\\dataconnect": could not find dataconnect.yaml in `c:\Users\DELL\employee-manager\dataconnect`
 {"metadata":{"emulator":{"name":"dataconnect"},"message":"E0508 14:15:35.562307   22852 load.go:23] Could not load config from \"c:\\\\Users\\\\DELL\\\\employee-manager\\\\dataconnect\": could not find dataconnect.yaml in `c:\\Users\\DELL\\employee-manager\\dataconnect`\n"}}
[debug] [2025-05-08T08:45:45.562Z] E0508 14:15:45.565116   22852 load.go:23] Could not load config from "c:\\Users\\DELL\\employee-manager\\dataconnect": could not find dataconnect.yaml in `c:\Users\DELL\employee-manager\dataconnect`
 {"metadata":{"emulator":{"name":"dataconnect"},"message":"E0508 14:15:45.565116   22852 load.go:23] Could not load config from \"c:\\\\Users\\\\DELL\\\\employee-manager\\\\dataconnect\": could not find dataconnect.yaml in `c:\\Users\\DELL\\employee-manager\\dataconnect`\n"}}
[debug] [2025-05-08T08:45:55.559Z] E0508 14:15:55.558514   22852 load.go:23] Could not load config from "c:\\Users\\DELL\\employee-manager\\dataconnect": could not find dataconnect.yaml in `c:\Users\DELL\employee-manager\dataconnect`
 {"metadata":{"emulator":{"name":"dataconnect"},"message":"E0508 14:15:55.558514   22852 load.go:23] Could not load config from \"c:\\\\Users\\\\DELL\\\\employee-manager\\\\dataconnect\": could not find dataconnect.yaml in `c:\\Users\\DELL\\employee-manager\\dataconnect`\n"}}
[debug] [2025-05-08T08:46:05.558Z] E0508 14:16:05.558409   22852 load.go:23] Could not load config from "c:\\Users\\DELL\\employee-manager\\dataconnect": could not find dataconnect.yaml in `c:\Users\DELL\employee-manager\dataconnect`
 {"metadata":{"emulator":{"name":"dataconnect"},"message":"E0508 14:16:05.558409   22852 load.go:23] Could not load config from \"c:\\\\Users\\\\DELL\\\\employee-manager\\\\dataconnect\": could not find dataconnect.yaml in `c:\\Users\\DELL\\employee-manager\\dataconnect`\n"}}
[debug] [2025-05-08T08:46:05.560Z] E0508 14:16:05.558409   22852 watch.go:76] watchAllDir unable to walk dir `c:\Users\DELL\employee-manager\dataconnect`: on path "c:\\Users\\DELL\\employee-manager\\dataconnect" (DirEntry: <nil>): CreateFile c:\Users\DELL\employee-manager\dataconnect: The system cannot find the file specified.
 {"metadata":{"emulator":{"name":"dataconnect"},"message":"E0508 14:16:05.558409   22852 watch.go:76] watchAllDir unable to walk dir `c:\\Users\\DELL\\employee-manager\\dataconnect`: on path \"c:\\\\Users\\\\DELL\\\\employee-manager\\\\dataconnect\" (DirEntry: <nil>): CreateFile c:\\Users\\DELL\\employee-manager\\dataconnect: The system cannot find the file specified.\n"}}
[debug] [2025-05-08T08:46:15.561Z] E0508 14:16:15.560904   22852 load.go:23] Could not load config from "c:\\Users\\DELL\\employee-manager\\dataconnect": could not find dataconnect.yaml in `c:\Users\DELL\employee-manager\dataconnect`
 {"metadata":{"emulator":{"name":"dataconnect"},"message":"E0508 14:16:15.560904   22852 load.go:23] Could not load config from \"c:\\\\Users\\\\DELL\\\\employee-manager\\\\dataconnect\": could not find dataconnect.yaml in `c:\\Users\\DELL\\employee-manager\\dataconnect`\n"}}
[debug] [2025-05-08T08:46:25.559Z] E0508 14:16:25.559073   22852 load.go:23] Could not load config from "c:\\Users\\DELL\\employee-manager\\dataconnect": could not find dataconnect.yaml in `c:\Users\DELL\employee-manager\dataconnect`
 {"metadata":{"emulator":{"name":"dataconnect"},"message":"E0508 14:16:25.559073   22852 load.go:23] Could not load config from \"c:\\\\Users\\\\DELL\\\\employee-manager\\\\dataconnect\": could not find dataconnect.yaml in `c:\\Users\\DELL\\employee-manager\\dataconnect`\n"}}
[debug] [2025-05-08T08:46:35.559Z] E0508 14:16:35.558360   22852 load.go:23] Could not load config from "c:\\Users\\DELL\\employee-manager\\dataconnect": could not find dataconnect.yaml in `c:\Users\DELL\employee-manager\dataconnect`
 {"metadata":{"emulator":{"name":"dataconnect"},"message":"E0508 14:16:35.558360   22852 load.go:23] Could not load config from \"c:\\\\Users\\\\DELL\\\\employee-manager\\\\dataconnect\": could not find dataconnect.yaml in `c:\\Users\\DELL\\employee-manager\\dataconnect`\n"}}
[debug] [2025-05-08T08:46:45.568Z] E0508 14:16:45.568523   22852 load.go:23] Could not load config from "c:\\Users\\DELL\\employee-manager\\dataconnect": could not find dataconnect.yaml in `c:\Users\DELL\employee-manager\dataconnect`
 {"metadata":{"emulator":{"name":"dataconnect"},"message":"E0508 14:16:45.568523   22852 load.go:23] Could not load config from \"c:\\\\Users\\\\DELL\\\\employee-manager\\\\dataconnect\": could not find dataconnect.yaml in `c:\\Users\\DELL\\employee-manager\\dataconnect`\n"}}
[debug] [2025-05-08T08:46:55.560Z] E0508 14:16:55.559349   22852 load.go:23] Could not load config from "c:\\Users\\DELL\\employee-manager\\dataconnect": could not find dataconnect.yaml in `c:\Users\DELL\employee-manager\dataconnect`
 {"metadata":{"emulator":{"name":"dataconnect"},"message":"E0508 14:16:55.559349   22852 load.go:23] Could not load config from \"c:\\\\Users\\\\DELL\\\\employee-manager\\\\dataconnect\": could not find dataconnect.yaml in `c:\\Users\\DELL\\employee-manager\\dataconnect`\n"}}
[debug] [2025-05-08T08:47:05.570Z] E0508 14:17:05.569585   22852 load.go:23] Could not load config from "c:\\Users\\DELL\\employee-manager\\dataconnect": could not find dataconnect.yaml in `c:\Users\DELL\employee-manager\dataconnect`
 {"metadata":{"emulator":{"name":"dataconnect"},"message":"E0508 14:17:05.569585   22852 load.go:23] Could not load config from \"c:\\\\Users\\\\DELL\\\\employee-manager\\\\dataconnect\": could not find dataconnect.yaml in `c:\\Users\\DELL\\employee-manager\\dataconnect`\n"}}
[debug] [2025-05-08T08:47:15.559Z] E0508 14:17:15.558745   22852 load.go:23] Could not load config from "c:\\Users\\DELL\\employee-manager\\dataconnect": could not find dataconnect.yaml in `c:\Users\DELL\employee-manager\dataconnect`
 {"metadata":{"emulator":{"name":"dataconnect"},"message":"E0508 14:17:15.558745   22852 load.go:23] Could not load config from \"c:\\\\Users\\\\DELL\\\\employee-manager\\\\dataconnect\": could not find dataconnect.yaml in `c:\\Users\\DELL\\employee-manager\\dataconnect`\n"}}
[debug] [2025-05-08T08:47:25.572Z] E0508 14:17:25.571995   22852 load.go:23] Could not load config from "c:\\Users\\DELL\\employee-manager\\dataconnect": could not find dataconnect.yaml in `c:\Users\DELL\employee-manager\dataconnect`
 {"metadata":{"emulator":{"name":"dataconnect"},"message":"E0508 14:17:25.571995   22852 load.go:23] Could not load config from \"c:\\\\Users\\\\DELL\\\\employee-manager\\\\dataconnect\": could not find dataconnect.yaml in `c:\\Users\\DELL\\employee-manager\\dataconnect`\n"}}
[debug] [2025-05-08T08:47:35.559Z] E0508 14:17:35.559281   22852 load.go:23] Could not load config from "c:\\Users\\DELL\\employee-manager\\dataconnect": could not find dataconnect.yaml in `c:\Users\DELL\employee-manager\dataconnect`
 {"metadata":{"emulator":{"name":"dataconnect"},"message":"E0508 14:17:35.559281   22852 load.go:23] Could not load config from \"c:\\\\Users\\\\DELL\\\\employee-manager\\\\dataconnect\": could not find dataconnect.yaml in `c:\\Users\\DELL\\employee-manager\\dataconnect`\n"}}
[debug] [2025-05-08T08:47:45.559Z] E0508 14:17:45.558962   22852 load.go:23] Could not load config from "c:\\Users\\DELL\\employee-manager\\dataconnect": could not find dataconnect.yaml in `c:\Users\DELL\employee-manager\dataconnect`
 {"metadata":{"emulator":{"name":"dataconnect"},"message":"E0508 14:17:45.558962   22852 load.go:23] Could not load config from \"c:\\\\Users\\\\DELL\\\\employee-manager\\\\dataconnect\": could not find dataconnect.yaml in `c:\\Users\\DELL\\employee-manager\\dataconnect`\n"}}
[debug] [2025-05-08T08:47:55.567Z] E0508 14:17:55.567102   22852 load.go:23] Could not load config from "c:\\Users\\DELL\\employee-manager\\dataconnect": could not find dataconnect.yaml in `c:\Users\DELL\employee-manager\dataconnect`
 {"metadata":{"emulator":{"name":"dataconnect"},"message":"E0508 14:17:55.567102   22852 load.go:23] Could not load config from \"c:\\\\Users\\\\DELL\\\\employee-manager\\\\dataconnect\": could not find dataconnect.yaml in `c:\\Users\\DELL\\employee-manager\\dataconnect`\n"}}
[debug] [2025-05-08T08:48:05.567Z] E0508 14:18:05.566615   22852 load.go:23] Could not load config from "c:\\Users\\DELL\\employee-manager\\dataconnect": could not find dataconnect.yaml in `c:\Users\DELL\employee-manager\dataconnect`
E0508 14:18:05.566615   22852 watch.go:76] watchAllDir unable to walk dir `c:\Users\DELL\employee-manager\dataconnect`: on path "c:\\Users\\DELL\\employee-manager\\dataconnect" (DirEntry: <nil>): CreateFile c:\Users\DELL\employee-manager\dataconnect: The system cannot find the file specified.
 {"metadata":{"emulator":{"name":"dataconnect"},"message":"E0508 14:18:05.566615   22852 load.go:23] Could not load config from \"c:\\\\Users\\\\DELL\\\\employee-manager\\\\dataconnect\": could not find dataconnect.yaml in `c:\\Users\\DELL\\employee-manager\\dataconnect`\nE0508 14:18:05.566615   22852 watch.go:76] watchAllDir unable to walk dir `c:\\Users\\DELL\\employee-manager\\dataconnect`: on path \"c:\\\\Users\\\\DELL\\\\employee-manager\\\\dataconnect\" (DirEntry: <nil>): CreateFile c:\\Users\\DELL\\employee-manager\\dataconnect: The system cannot find the file specified.\n"}}
[debug] [2025-05-08T08:48:15.562Z] E0508 14:18:15.561361   22852 load.go:23] Could not load config from "c:\\Users\\DELL\\employee-manager\\dataconnect": could not find dataconnect.yaml in `c:\Users\DELL\employee-manager\dataconnect`
 {"metadata":{"emulator":{"name":"dataconnect"},"message":"E0508 14:18:15.561361   22852 load.go:23] Could not load config from \"c:\\\\Users\\\\DELL\\\\employee-manager\\\\dataconnect\": could not find dataconnect.yaml in `c:\\Users\\DELL\\employee-manager\\dataconnect`\n"}}
[debug] [2025-05-08T08:48:25.569Z] E0508 14:18:25.569368   22852 load.go:23] Could not load config from "c:\\Users\\DELL\\employee-manager\\dataconnect": could not find dataconnect.yaml in `c:\Users\DELL\employee-manager\dataconnect`
 {"metadata":{"emulator":{"name":"dataconnect"},"message":"E0508 14:18:25.569368   22852 load.go:23] Could not load config from \"c:\\\\Users\\\\DELL\\\\employee-manager\\\\dataconnect\": could not find dataconnect.yaml in `c:\\Users\\DELL\\employee-manager\\dataconnect`\n"}}
[debug] [2025-05-08T08:48:35.562Z] E0508 14:18:35.562278   22852 load.go:23] Could not load config from "c:\\Users\\DELL\\employee-manager\\dataconnect": could not find dataconnect.yaml in `c:\Users\DELL\employee-manager\dataconnect`
 {"metadata":{"emulator":{"name":"dataconnect"},"message":"E0508 14:18:35.562278   22852 load.go:23] Could not load config from \"c:\\\\Users\\\\DELL\\\\employee-manager\\\\dataconnect\": could not find dataconnect.yaml in `c:\\Users\\DELL\\employee-manager\\dataconnect`\n"}}
[debug] [2025-05-08T08:48:45.563Z] E0508 14:18:45.562632   22852 load.go:23] Could not load config from "c:\\Users\\DELL\\employee-manager\\dataconnect": could not find dataconnect.yaml in `c:\Users\DELL\employee-manager\dataconnect`
 {"metadata":{"emulator":{"name":"dataconnect"},"message":"E0508 14:18:45.562632   22852 load.go:23] Could not load config from \"c:\\\\Users\\\\DELL\\\\employee-manager\\\\dataconnect\": could not find dataconnect.yaml in `c:\\Users\\DELL\\employee-manager\\dataconnect`\n"}}
[debug] [2025-05-08T08:48:55.561Z] E0508 14:18:55.561709   22852 load.go:23] Could not load config from "c:\\Users\\DELL\\employee-manager\\dataconnect": could not find dataconnect.yaml in `c:\Users\DELL\employee-manager\dataconnect`
 {"metadata":{"emulator":{"name":"dataconnect"},"message":"E0508 14:18:55.561709   22852 load.go:23] Could not load config from \"c:\\\\Users\\\\DELL\\\\employee-manager\\\\dataconnect\": could not find dataconnect.yaml in `c:\\Users\\DELL\\employee-manager\\dataconnect`\n"}}
[debug] [2025-05-08T08:49:05.557Z] E0508 14:19:05.557203   22852 load.go:23] Could not load config from "c:\\Users\\DELL\\employee-manager\\dataconnect": could not find dataconnect.yaml in `c:\Users\DELL\employee-manager\dataconnect`
 {"metadata":{"emulator":{"name":"dataconnect"},"message":"E0508 14:19:05.557203   22852 load.go:23] Could not load config from \"c:\\\\Users\\\\DELL\\\\employee-manager\\\\dataconnect\": could not find dataconnect.yaml in `c:\\Users\\DELL\\employee-manager\\dataconnect`\n"}}
[debug] [2025-05-08T08:49:15.570Z] E0508 14:19:15.570200   22852 load.go:23] Could not load config from "c:\\Users\\DELL\\employee-manager\\dataconnect": could not find dataconnect.yaml in `c:\Users\DELL\employee-manager\dataconnect`
 {"metadata":{"emulator":{"name":"dataconnect"},"message":"E0508 14:19:15.570200   22852 load.go:23] Could not load config from \"c:\\\\Users\\\\DELL\\\\employee-manager\\\\dataconnect\": could not find dataconnect.yaml in `c:\\Users\\DELL\\employee-manager\\dataconnect`\n"}}
[debug] [2025-05-08T08:49:25.558Z] E0508 14:19:25.558305   22852 load.go:23] Could not load config from "c:\\Users\\DELL\\employee-manager\\dataconnect": could not find dataconnect.yaml in `c:\Users\DELL\employee-manager\dataconnect`
 {"metadata":{"emulator":{"name":"dataconnect"},"message":"E0508 14:19:25.558305   22852 load.go:23] Could not load config from \"c:\\\\Users\\\\DELL\\\\employee-manager\\\\dataconnect\": could not find dataconnect.yaml in `c:\\Users\\DELL\\employee-manager\\dataconnect`\n"}}
[debug] [2025-05-08T08:49:35.565Z] E0508 14:19:35.565175   22852 load.go:23] Could not load config from "c:\\Users\\DELL\\employee-manager\\dataconnect": could not find dataconnect.yaml in `c:\Users\DELL\employee-manager\dataconnect`
 {"metadata":{"emulator":{"name":"dataconnect"},"message":"E0508 14:19:35.565175   22852 load.go:23] Could not load config from \"c:\\\\Users\\\\DELL\\\\employee-manager\\\\dataconnect\": could not find dataconnect.yaml in `c:\\Users\\DELL\\employee-manager\\dataconnect`\n"}}
[debug] [2025-05-08T08:49:45.561Z] E0508 14:19:45.561325   22852 load.go:23] Could not load config from "c:\\Users\\DELL\\employee-manager\\dataconnect": could not find dataconnect.yaml in `c:\Users\DELL\employee-manager\dataconnect`
 {"metadata":{"emulator":{"name":"dataconnect"},"message":"E0508 14:19:45.561325   22852 load.go:23] Could not load config from \"c:\\\\Users\\\\DELL\\\\employee-manager\\\\dataconnect\": could not find dataconnect.yaml in `c:\\Users\\DELL\\employee-manager\\dataconnect`\n"}}
[debug] [2025-05-08T08:49:55.571Z] E0508 14:19:55.570687   22852 load.go:23] Could not load config from "c:\\Users\\DELL\\employee-manager\\dataconnect": could not find dataconnect.yaml in `c:\Users\DELL\employee-manager\dataconnect`
 {"metadata":{"emulator":{"name":"dataconnect"},"message":"E0508 14:19:55.570687   22852 load.go:23] Could not load config from \"c:\\\\Users\\\\DELL\\\\employee-manager\\\\dataconnect\": could not find dataconnect.yaml in `c:\\Users\\DELL\\employee-manager\\dataconnect`\n"}}
[debug] [2025-05-08T08:50:05.560Z] E0508 14:20:05.558918   22852 load.go:23] Could not load config from "c:\\Users\\DELL\\employee-manager\\dataconnect": could not find dataconnect.yaml in `c:\Users\DELL\employee-manager\dataconnect`
 {"metadata":{"emulator":{"name":"dataconnect"},"message":"E0508 14:20:05.558918   22852 load.go:23] Could not load config from \"c:\\\\Users\\\\DELL\\\\employee-manager\\\\dataconnect\": could not find dataconnect.yaml in `c:\\Users\\DELL\\employee-manager\\dataconnect`\n"}}
[debug] [2025-05-08T08:50:05.561Z] E0508 14:20:05.559533   22852 watch.go:76] watchAllDir unable to walk dir `c:\Users\DELL\employee-manager\dataconnect`: on path "c:\\Users\\DELL\\employee-manager\\dataconnect" (DirEntry: <nil>): CreateFile c:\Users\DELL\employee-manager\dataconnect: The system cannot find the file specified.
 {"metadata":{"emulator":{"name":"dataconnect"},"message":"E0508 14:20:05.559533   22852 watch.go:76] watchAllDir unable to walk dir `c:\\Users\\DELL\\employee-manager\\dataconnect`: on path \"c:\\\\Users\\\\DELL\\\\employee-manager\\\\dataconnect\" (DirEntry: <nil>): CreateFile c:\\Users\\DELL\\employee-manager\\dataconnect: The system cannot find the file specified.\n"}}
[debug] [2025-05-08T08:50:15.560Z] E0508 14:20:15.560114   22852 load.go:23] Could not load config from "c:\\Users\\DELL\\employee-manager\\dataconnect": could not find dataconnect.yaml in `c:\Users\DELL\employee-manager\dataconnect`
 {"metadata":{"emulator":{"name":"dataconnect"},"message":"E0508 14:20:15.560114   22852 load.go:23] Could not load config from \"c:\\\\Users\\\\DELL\\\\employee-manager\\\\dataconnect\": could not find dataconnect.yaml in `c:\\Users\\DELL\\employee-manager\\dataconnect`\n"}}
[debug] [2025-05-08T08:50:25.563Z] E0508 14:20:25.563604   22852 load.go:23] Could not load config from "c:\\Users\\DELL\\employee-manager\\dataconnect": could not find dataconnect.yaml in `c:\Users\DELL\employee-manager\dataconnect`
 {"metadata":{"emulator":{"name":"dataconnect"},"message":"E0508 14:20:25.563604   22852 load.go:23] Could not load config from \"c:\\\\Users\\\\DELL\\\\employee-manager\\\\dataconnect\": could not find dataconnect.yaml in `c:\\Users\\DELL\\employee-manager\\dataconnect`\n"}}
[debug] [2025-05-08T08:50:35.561Z] E0508 14:20:35.561530   22852 load.go:23] Could not load config from "c:\\Users\\DELL\\employee-manager\\dataconnect": could not find dataconnect.yaml in `c:\Users\DELL\employee-manager\dataconnect`
 {"metadata":{"emulator":{"name":"dataconnect"},"message":"E0508 14:20:35.561530   22852 load.go:23] Could not load config from \"c:\\\\Users\\\\DELL\\\\employee-manager\\\\dataconnect\": could not find dataconnect.yaml in `c:\\Users\\DELL\\employee-manager\\dataconnect`\n"}}
[debug] [2025-05-08T08:50:45.563Z] E0508 14:20:45.562612   22852 load.go:23] Could not load config from "c:\\Users\\DELL\\employee-manager\\dataconnect": could not find dataconnect.yaml in `c:\Users\DELL\employee-manager\dataconnect`
 {"metadata":{"emulator":{"name":"dataconnect"},"message":"E0508 14:20:45.562612   22852 load.go:23] Could not load config from \"c:\\\\Users\\\\DELL\\\\employee-manager\\\\dataconnect\": could not find dataconnect.yaml in `c:\\Users\\DELL\\employee-manager\\dataconnect`\n"}}
[debug] [2025-05-08T08:50:55.569Z] E0508 14:20:55.568720   22852 load.go:23] Could not load config from "c:\\Users\\DELL\\employee-manager\\dataconnect": could not find dataconnect.yaml in `c:\Users\DELL\employee-manager\dataconnect`
 {"metadata":{"emulator":{"name":"dataconnect"},"message":"E0508 14:20:55.568720   22852 load.go:23] Could not load config from \"c:\\\\Users\\\\DELL\\\\employee-manager\\\\dataconnect\": could not find dataconnect.yaml in `c:\\Users\\DELL\\employee-manager\\dataconnect`\n"}}
[debug] [2025-05-08T08:51:05.568Z] E0508 14:21:05.568371   22852 load.go:23] Could not load config from "c:\\Users\\DELL\\employee-manager\\dataconnect": could not find dataconnect.yaml in `c:\Users\DELL\employee-manager\dataconnect`
 {"metadata":{"emulator":{"name":"dataconnect"},"message":"E0508 14:21:05.568371   22852 load.go:23] Could not load config from \"c:\\\\Users\\\\DELL\\\\employee-manager\\\\dataconnect\": could not find dataconnect.yaml in `c:\\Users\\DELL\\employee-manager\\dataconnect`\n"}}
[debug] [2025-05-08T08:51:15.565Z] E0508 14:21:15.564807   22852 load.go:23] Could not load config from "c:\\Users\\DELL\\employee-manager\\dataconnect": could not find dataconnect.yaml in `c:\Users\DELL\employee-manager\dataconnect`
 {"metadata":{"emulator":{"name":"dataconnect"},"message":"E0508 14:21:15.564807   22852 load.go:23] Could not load config from \"c:\\\\Users\\\\DELL\\\\employee-manager\\\\dataconnect\": could not find dataconnect.yaml in `c:\\Users\\DELL\\employee-manager\\dataconnect`\n"}}
[debug] [2025-05-08T08:51:25.562Z] E0508 14:21:25.561882   22852 load.go:23] Could not load config from "c:\\Users\\DELL\\employee-manager\\dataconnect": could not find dataconnect.yaml in `c:\Users\DELL\employee-manager\dataconnect`
 {"metadata":{"emulator":{"name":"dataconnect"},"message":"E0508 14:21:25.561882   22852 load.go:23] Could not load config from \"c:\\\\Users\\\\DELL\\\\employee-manager\\\\dataconnect\": could not find dataconnect.yaml in `c:\\Users\\DELL\\employee-manager\\dataconnect`\n"}}
[debug] [2025-05-08T08:51:35.564Z] E0508 14:21:35.564120   22852 load.go:23] Could not load config from "c:\\Users\\DELL\\employee-manager\\dataconnect": could not find dataconnect.yaml in `c:\Users\DELL\employee-manager\dataconnect`
 {"metadata":{"emulator":{"name":"dataconnect"},"message":"E0508 14:21:35.564120   22852 load.go:23] Could not load config from \"c:\\\\Users\\\\DELL\\\\employee-manager\\\\dataconnect\": could not find dataconnect.yaml in `c:\\Users\\DELL\\employee-manager\\dataconnect`\n"}}
[debug] [2025-05-08T08:51:45.565Z] E0508 14:21:45.564444   22852 load.go:23] Could not load config from "c:\\Users\\DELL\\employee-manager\\dataconnect": could not find dataconnect.yaml in `c:\Users\DELL\employee-manager\dataconnect`
 {"metadata":{"emulator":{"name":"dataconnect"},"message":"E0508 14:21:45.564444   22852 load.go:23] Could not load config from \"c:\\\\Users\\\\DELL\\\\employee-manager\\\\dataconnect\": could not find dataconnect.yaml in `c:\\Users\\DELL\\employee-manager\\dataconnect`\n"}}
[debug] [2025-05-08T08:51:55.557Z] E0508 14:21:55.556752   22852 load.go:23] Could not load config from "c:\\Users\\DELL\\employee-manager\\dataconnect": could not find dataconnect.yaml in `c:\Users\DELL\employee-manager\dataconnect`
 {"metadata":{"emulator":{"name":"dataconnect"},"message":"E0508 14:21:55.556752   22852 load.go:23] Could not load config from \"c:\\\\Users\\\\DELL\\\\employee-manager\\\\dataconnect\": could not find dataconnect.yaml in `c:\\Users\\DELL\\employee-manager\\dataconnect`\n"}}
[debug] [2025-05-08T08:52:05.566Z] E0508 14:22:05.566086   22852 load.go:23] Could not load config from "c:\\Users\\DELL\\employee-manager\\dataconnect": could not find dataconnect.yaml in `c:\Users\DELL\employee-manager\dataconnect`
 {"metadata":{"emulator":{"name":"dataconnect"},"message":"E0508 14:22:05.566086   22852 load.go:23] Could not load config from \"c:\\\\Users\\\\DELL\\\\employee-manager\\\\dataconnect\": could not find dataconnect.yaml in `c:\\Users\\DELL\\employee-manager\\dataconnect`\n"}}
[debug] [2025-05-08T08:52:05.568Z] E0508 14:22:05.566086   22852 watch.go:76] watchAllDir unable to walk dir `c:\Users\DELL\employee-manager\dataconnect`: on path "c:\\Users\\DELL\\employee-manager\\dataconnect" (DirEntry: <nil>): CreateFile c:\Users\DELL\employee-manager\dataconnect: The system cannot find the file specified.
 {"metadata":{"emulator":{"name":"dataconnect"},"message":"E0508 14:22:05.566086   22852 watch.go:76] watchAllDir unable to walk dir `c:\\Users\\DELL\\employee-manager\\dataconnect`: on path \"c:\\\\Users\\\\DELL\\\\employee-manager\\\\dataconnect\" (DirEntry: <nil>): CreateFile c:\\Users\\DELL\\employee-manager\\dataconnect: The system cannot find the file specified.\n"}}
[debug] [2025-05-08T08:52:15.562Z] E0508 14:22:15.564405   22852 load.go:23] Could not load config from "c:\\Users\\DELL\\employee-manager\\dataconnect": could not find dataconnect.yaml in `c:\Users\DELL\employee-manager\dataconnect`
 {"metadata":{"emulator":{"name":"dataconnect"},"message":"E0508 14:22:15.564405   22852 load.go:23] Could not load config from \"c:\\\\Users\\\\DELL\\\\employee-manager\\\\dataconnect\": could not find dataconnect.yaml in `c:\\Users\\DELL\\employee-manager\\dataconnect`\n"}}
[debug] [2025-05-08T08:52:25.560Z] E0508 14:22:25.562006   22852 load.go:23] Could not load config from "c:\\Users\\DELL\\employee-manager\\dataconnect": could not find dataconnect.yaml in `c:\Users\DELL\employee-manager\dataconnect`
 {"metadata":{"emulator":{"name":"dataconnect"},"message":"E0508 14:22:25.562006   22852 load.go:23] Could not load config from \"c:\\\\Users\\\\DELL\\\\employee-manager\\\\dataconnect\": could not find dataconnect.yaml in `c:\\Users\\DELL\\employee-manager\\dataconnect`\n"}}
[debug] [2025-05-08T08:52:35.556Z] E0508 14:22:35.557881   22852 load.go:23] Could not load config from "c:\\Users\\DELL\\employee-manager\\dataconnect": could not find dataconnect.yaml in `c:\Users\DELL\employee-manager\dataconnect`
 {"metadata":{"emulator":{"name":"dataconnect"},"message":"E0508 14:22:35.557881   22852 load.go:23] Could not load config from \"c:\\\\Users\\\\DELL\\\\employee-manager\\\\dataconnect\": could not find dataconnect.yaml in `c:\\Users\\DELL\\employee-manager\\dataconnect`\n"}}
[debug] [2025-05-08T08:52:45.557Z] E0508 14:22:45.558785   22852 load.go:23] Could not load config from "c:\\Users\\DELL\\employee-manager\\dataconnect": could not find dataconnect.yaml in `c:\Users\DELL\employee-manager\dataconnect`
 {"metadata":{"emulator":{"name":"dataconnect"},"message":"E0508 14:22:45.558785   22852 load.go:23] Could not load config from \"c:\\\\Users\\\\DELL\\\\employee-manager\\\\dataconnect\": could not find dataconnect.yaml in `c:\\Users\\DELL\\employee-manager\\dataconnect`\n"}}
[debug] [2025-05-08T08:52:55.568Z] E0508 14:22:55.570467   22852 load.go:23] Could not load config from "c:\\Users\\DELL\\employee-manager\\dataconnect": could not find dataconnect.yaml in `c:\Users\DELL\employee-manager\dataconnect`
 {"metadata":{"emulator":{"name":"dataconnect"},"message":"E0508 14:22:55.570467   22852 load.go:23] Could not load config from \"c:\\\\Users\\\\DELL\\\\employee-manager\\\\dataconnect\": could not find dataconnect.yaml in `c:\\Users\\DELL\\employee-manager\\dataconnect`\n"}}
[debug] [2025-05-08T08:53:05.571Z] E0508 14:23:05.571566   22852 load.go:23] Could not load config from "c:\\Users\\DELL\\employee-manager\\dataconnect": could not find dataconnect.yaml in `c:\Users\DELL\employee-manager\dataconnect`
 {"metadata":{"emulator":{"name":"dataconnect"},"message":"E0508 14:23:05.571566   22852 load.go:23] Could not load config from \"c:\\\\Users\\\\DELL\\\\employee-manager\\\\dataconnect\": could not find dataconnect.yaml in `c:\\Users\\DELL\\employee-manager\\dataconnect`\n"}}
[debug] [2025-05-08T08:53:15.566Z] E0508 14:23:15.565795   22852 load.go:23] Could not load config from "c:\\Users\\DELL\\employee-manager\\dataconnect": could not find dataconnect.yaml in `c:\Users\DELL\employee-manager\dataconnect`
 {"metadata":{"emulator":{"name":"dataconnect"},"message":"E0508 14:23:15.565795   22852 load.go:23] Could not load config from \"c:\\\\Users\\\\DELL\\\\employee-manager\\\\dataconnect\": could not find dataconnect.yaml in `c:\\Users\\DELL\\employee-manager\\dataconnect`\n"}}
[debug] [2025-05-08T08:53:25.556Z] E0508 14:23:25.557058   22852 load.go:23] Could not load config from "c:\\Users\\DELL\\employee-manager\\dataconnect": could not find dataconnect.yaml in `c:\Users\DELL\employee-manager\dataconnect`
 {"metadata":{"emulator":{"name":"dataconnect"},"message":"E0508 14:23:25.557058   22852 load.go:23] Could not load config from \"c:\\\\Users\\\\DELL\\\\employee-manager\\\\dataconnect\": could not find dataconnect.yaml in `c:\\Users\\DELL\\employee-manager\\dataconnect`\n"}}
[debug] [2025-05-08T08:53:35.568Z] E0508 14:23:35.568908   22852 load.go:23] Could not load config from "c:\\Users\\DELL\\employee-manager\\dataconnect": could not find dataconnect.yaml in `c:\Users\DELL\employee-manager\dataconnect`
 {"metadata":{"emulator":{"name":"dataconnect"},"message":"E0508 14:23:35.568908   22852 load.go:23] Could not load config from \"c:\\\\Users\\\\DELL\\\\employee-manager\\\\dataconnect\": could not find dataconnect.yaml in `c:\\Users\\DELL\\employee-manager\\dataconnect`\n"}}
[debug] [2025-05-08T08:53:45.566Z] E0508 14:23:45.566011   22852 load.go:23] Could not load config from "c:\\Users\\DELL\\employee-manager\\dataconnect": could not find dataconnect.yaml in `c:\Users\DELL\employee-manager\dataconnect`
 {"metadata":{"emulator":{"name":"dataconnect"},"message":"E0508 14:23:45.566011   22852 load.go:23] Could not load config from \"c:\\\\Users\\\\DELL\\\\employee-manager\\\\dataconnect\": could not find dataconnect.yaml in `c:\\Users\\DELL\\employee-manager\\dataconnect`\n"}}
[debug] [2025-05-08T08:53:55.556Z] E0508 14:23:55.556173   22852 load.go:23] Could not load config from "c:\\Users\\DELL\\employee-manager\\dataconnect": could not find dataconnect.yaml in `c:\Users\DELL\employee-manager\dataconnect`
 {"metadata":{"emulator":{"name":"dataconnect"},"message":"E0508 14:23:55.556173   22852 load.go:23] Could not load config from \"c:\\\\Users\\\\DELL\\\\employee-manager\\\\dataconnect\": could not find dataconnect.yaml in `c:\\Users\\DELL\\employee-manager\\dataconnect`\n"}}
[debug] [2025-05-08T08:54:05.570Z] E0508 14:24:05.570001   22852 load.go:23] Could not load config from "c:\\Users\\DELL\\employee-manager\\dataconnect": could not find dataconnect.yaml in `c:\Users\DELL\employee-manager\dataconnect`
 {"metadata":{"emulator":{"name":"dataconnect"},"message":"E0508 14:24:05.570001   22852 load.go:23] Could not load config from \"c:\\\\Users\\\\DELL\\\\employee-manager\\\\dataconnect\": could not find dataconnect.yaml in `c:\\Users\\DELL\\employee-manager\\dataconnect`\n"}}
[debug] [2025-05-08T08:54:05.571Z] E0508 14:24:05.570001   22852 watch.go:76] watchAllDir unable to walk dir `c:\Users\DELL\employee-manager\dataconnect`: on path "c:\\Users\\DELL\\employee-manager\\dataconnect" (DirEntry: <nil>): CreateFile c:\Users\DELL\employee-manager\dataconnect: The system cannot find the file specified.
 {"metadata":{"emulator":{"name":"dataconnect"},"message":"E0508 14:24:05.570001   22852 watch.go:76] watchAllDir unable to walk dir `c:\\Users\\DELL\\employee-manager\\dataconnect`: on path \"c:\\\\Users\\\\DELL\\\\employee-manager\\\\dataconnect\" (DirEntry: <nil>): CreateFile c:\\Users\\DELL\\employee-manager\\dataconnect: The system cannot find the file specified.\n"}}
[debug] [2025-05-08T09:05:15.691Z] E0508 14:35:15.382346   22852 load.go:23] Could not load config from "c:\\Users\\DELL\\employee-manager\\dataconnect": could not find dataconnect.yaml in `c:\Users\DELL\employee-manager\dataconnect`
E0508 14:35:15.384415   22852 watch.go:76] watchAllDir unable to walk dir `c:\Users\DELL\employee-manager\dataconnect`: on path "c:\\Users\\DELL\\employee-manager\\dataconnect" (DirEntry: <nil>): CreateFile c:\Users\DELL\employee-manager\dataconnect: The system cannot find the file specified.
E0508 14:35:15.558464   22852 load.go:23] Could not load config from "c:\\Users\\DELL\\employee-manager\\dataconnect": could not find dataconnect.yaml in `c:\Users\DELL\employee-manager\dataconnect`
 {"metadata":{"emulator":{"name":"dataconnect"},"message":"E0508 14:35:15.382346   22852 load.go:23] Could not load config from \"c:\\\\Users\\\\DELL\\\\employee-manager\\\\dataconnect\": could not find dataconnect.yaml in `c:\\Users\\DELL\\employee-manager\\dataconnect`\nE0508 14:35:15.384415   22852 watch.go:76] watchAllDir unable to walk dir `c:\\Users\\DELL\\employee-manager\\dataconnect`: on path \"c:\\\\Users\\\\DELL\\\\employee-manager\\\\dataconnect\" (DirEntry: <nil>): CreateFile c:\\Users\\DELL\\employee-manager\\dataconnect: The system cannot find the file specified.\nE0508 14:35:15.558464   22852 load.go:23] Could not load config from \"c:\\\\Users\\\\DELL\\\\employee-manager\\\\dataconnect\": could not find dataconnect.yaml in `c:\\Users\\DELL\\employee-manager\\dataconnect`\n"}}
[debug] [2025-05-08T09:05:25.570Z] E0508 14:35:25.569969   22852 load.go:23] Could not load config from "c:\\Users\\DELL\\employee-manager\\dataconnect": could not find dataconnect.yaml in `c:\Users\DELL\employee-manager\dataconnect`
 {"metadata":{"emulator":{"name":"dataconnect"},"message":"E0508 14:35:25.569969   22852 load.go:23] Could not load config from \"c:\\\\Users\\\\DELL\\\\employee-manager\\\\dataconnect\": could not find dataconnect.yaml in `c:\\Users\\DELL\\employee-manager\\dataconnect`\n"}}
[debug] [2025-05-08T09:05:35.569Z] E0508 14:35:35.569072   22852 load.go:23] Could not load config from "c:\\Users\\DELL\\employee-manager\\dataconnect": could not find dataconnect.yaml in `c:\Users\DELL\employee-manager\dataconnect`
 {"metadata":{"emulator":{"name":"dataconnect"},"message":"E0508 14:35:35.569072   22852 load.go:23] Could not load config from \"c:\\\\Users\\\\DELL\\\\employee-manager\\\\dataconnect\": could not find dataconnect.yaml in `c:\\Users\\DELL\\employee-manager\\dataconnect`\n"}}
[debug] [2025-05-08T09:05:45.562Z] E0508 14:35:45.562084   22852 load.go:23] Could not load config from "c:\\Users\\DELL\\employee-manager\\dataconnect": could not find dataconnect.yaml in `c:\Users\DELL\employee-manager\dataconnect`
 {"metadata":{"emulator":{"name":"dataconnect"},"message":"E0508 14:35:45.562084   22852 load.go:23] Could not load config from \"c:\\\\Users\\\\DELL\\\\employee-manager\\\\dataconnect\": could not find dataconnect.yaml in `c:\\Users\\DELL\\employee-manager\\dataconnect`\n"}}
[debug] [2025-05-08T09:05:55.563Z] E0508 14:35:55.563299   22852 load.go:23] Could not load config from "c:\\Users\\DELL\\employee-manager\\dataconnect": could not find dataconnect.yaml in `c:\Users\DELL\employee-manager\dataconnect`
 {"metadata":{"emulator":{"name":"dataconnect"},"message":"E0508 14:35:55.563299   22852 load.go:23] Could not load config from \"c:\\\\Users\\\\DELL\\\\employee-manager\\\\dataconnect\": could not find dataconnect.yaml in `c:\\Users\\DELL\\employee-manager\\dataconnect`\n"}}
[debug] [2025-05-08T09:06:05.570Z] E0508 14:36:05.569894   22852 load.go:23] Could not load config from "c:\\Users\\DELL\\employee-manager\\dataconnect": could not find dataconnect.yaml in `c:\Users\DELL\employee-manager\dataconnect`
 {"metadata":{"emulator":{"name":"dataconnect"},"message":"E0508 14:36:05.569894   22852 load.go:23] Could not load config from \"c:\\\\Users\\\\DELL\\\\employee-manager\\\\dataconnect\": could not find dataconnect.yaml in `c:\\Users\\DELL\\employee-manager\\dataconnect`\n"}}
[debug] [2025-05-08T09:06:05.572Z] E0508 14:36:05.570533   22852 watch.go:76] watchAllDir unable to walk dir `c:\Users\DELL\employee-manager\dataconnect`: on path "c:\\Users\\DELL\\employee-manager\\dataconnect" (DirEntry: <nil>): CreateFile c:\Users\DELL\employee-manager\dataconnect: The system cannot find the file specified.
 {"metadata":{"emulator":{"name":"dataconnect"},"message":"E0508 14:36:05.570533   22852 watch.go:76] watchAllDir unable to walk dir `c:\\Users\\DELL\\employee-manager\\dataconnect`: on path \"c:\\\\Users\\\\DELL\\\\employee-manager\\\\dataconnect\" (DirEntry: <nil>): CreateFile c:\\Users\\DELL\\employee-manager\\dataconnect: The system cannot find the file specified.\n"}}
[debug] [2025-05-08T09:06:15.566Z] E0508 14:36:15.566538   22852 load.go:23] Could not load config from "c:\\Users\\DELL\\employee-manager\\dataconnect": could not find dataconnect.yaml in `c:\Users\DELL\employee-manager\dataconnect`
 {"metadata":{"emulator":{"name":"dataconnect"},"message":"E0508 14:36:15.566538   22852 load.go:23] Could not load config from \"c:\\\\Users\\\\DELL\\\\employee-manager\\\\dataconnect\": could not find dataconnect.yaml in `c:\\Users\\DELL\\employee-manager\\dataconnect`\n"}}
[debug] [2025-05-08T09:06:25.568Z] E0508 14:36:25.567918   22852 load.go:23] Could not load config from "c:\\Users\\DELL\\employee-manager\\dataconnect": could not find dataconnect.yaml in `c:\Users\DELL\employee-manager\dataconnect`
 {"metadata":{"emulator":{"name":"dataconnect"},"message":"E0508 14:36:25.567918   22852 load.go:23] Could not load config from \"c:\\\\Users\\\\DELL\\\\employee-manager\\\\dataconnect\": could not find dataconnect.yaml in `c:\\Users\\DELL\\employee-manager\\dataconnect`\n"}}
[debug] [2025-05-08T09:06:35.561Z] E0508 14:36:35.561317   22852 load.go:23] Could not load config from "c:\\Users\\DELL\\employee-manager\\dataconnect": could not find dataconnect.yaml in `c:\Users\DELL\employee-manager\dataconnect`
 {"metadata":{"emulator":{"name":"dataconnect"},"message":"E0508 14:36:35.561317   22852 load.go:23] Could not load config from \"c:\\\\Users\\\\DELL\\\\employee-manager\\\\dataconnect\": could not find dataconnect.yaml in `c:\\Users\\DELL\\employee-manager\\dataconnect`\n"}}
[debug] [2025-05-08T09:06:45.563Z] E0508 14:36:45.562982   22852 load.go:23] Could not load config from "c:\\Users\\DELL\\employee-manager\\dataconnect": could not find dataconnect.yaml in `c:\Users\DELL\employee-manager\dataconnect`
 {"metadata":{"emulator":{"name":"dataconnect"},"message":"E0508 14:36:45.562982   22852 load.go:23] Could not load config from \"c:\\\\Users\\\\DELL\\\\employee-manager\\\\dataconnect\": could not find dataconnect.yaml in `c:\\Users\\DELL\\employee-manager\\dataconnect`\n"}}
[debug] [2025-05-08T09:06:55.558Z] E0508 14:36:55.558097   22852 load.go:23] Could not load config from "c:\\Users\\DELL\\employee-manager\\dataconnect": could not find dataconnect.yaml in `c:\Users\DELL\employee-manager\dataconnect`
 {"metadata":{"emulator":{"name":"dataconnect"},"message":"E0508 14:36:55.558097   22852 load.go:23] Could not load config from \"c:\\\\Users\\\\DELL\\\\employee-manager\\\\dataconnect\": could not find dataconnect.yaml in `c:\\Users\\DELL\\employee-manager\\dataconnect`\n"}}
[debug] [2025-05-08T09:07:05.558Z] E0508 14:37:05.558570   22852 load.go:23] Could not load config from "c:\\Users\\DELL\\employee-manager\\dataconnect": could not find dataconnect.yaml in `c:\Users\DELL\employee-manager\dataconnect`
 {"metadata":{"emulator":{"name":"dataconnect"},"message":"E0508 14:37:05.558570   22852 load.go:23] Could not load config from \"c:\\\\Users\\\\DELL\\\\employee-manager\\\\dataconnect\": could not find dataconnect.yaml in `c:\\Users\\DELL\\employee-manager\\dataconnect`\n"}}
[debug] [2025-05-08T09:07:15.564Z] E0508 14:37:15.564191   22852 load.go:23] Could not load config from "c:\\Users\\DELL\\employee-manager\\dataconnect": could not find dataconnect.yaml in `c:\Users\DELL\employee-manager\dataconnect`
 {"metadata":{"emulator":{"name":"dataconnect"},"message":"E0508 14:37:15.564191   22852 load.go:23] Could not load config from \"c:\\\\Users\\\\DELL\\\\employee-manager\\\\dataconnect\": could not find dataconnect.yaml in `c:\\Users\\DELL\\employee-manager\\dataconnect`\n"}}
[debug] [2025-05-08T09:07:25.561Z] E0508 14:37:25.561744   22852 load.go:23] Could not load config from "c:\\Users\\DELL\\employee-manager\\dataconnect": could not find dataconnect.yaml in `c:\Users\DELL\employee-manager\dataconnect`
 {"metadata":{"emulator":{"name":"dataconnect"},"message":"E0508 14:37:25.561744   22852 load.go:23] Could not load config from \"c:\\\\Users\\\\DELL\\\\employee-manager\\\\dataconnect\": could not find dataconnect.yaml in `c:\\Users\\DELL\\employee-manager\\dataconnect`\n"}}
[debug] [2025-05-08T09:07:35.563Z] E0508 14:37:35.564440   22852 load.go:23] Could not load config from "c:\\Users\\DELL\\employee-manager\\dataconnect": could not find dataconnect.yaml in `c:\Users\DELL\employee-manager\dataconnect`
 {"metadata":{"emulator":{"name":"dataconnect"},"message":"E0508 14:37:35.564440   22852 load.go:23] Could not load config from \"c:\\\\Users\\\\DELL\\\\employee-manager\\\\dataconnect\": could not find dataconnect.yaml in `c:\\Users\\DELL\\employee-manager\\dataconnect`\n"}}
[debug] [2025-05-08T09:07:45.563Z] E0508 14:37:45.563896   22852 load.go:23] Could not load config from "c:\\Users\\DELL\\employee-manager\\dataconnect": could not find dataconnect.yaml in `c:\Users\DELL\employee-manager\dataconnect`
 {"metadata":{"emulator":{"name":"dataconnect"},"message":"E0508 14:37:45.563896   22852 load.go:23] Could not load config from \"c:\\\\Users\\\\DELL\\\\employee-manager\\\\dataconnect\": could not find dataconnect.yaml in `c:\\Users\\DELL\\employee-manager\\dataconnect`\n"}}
[debug] [2025-05-08T09:07:55.563Z] E0508 14:37:55.563968   22852 load.go:23] Could not load config from "c:\\Users\\DELL\\employee-manager\\dataconnect": could not find dataconnect.yaml in `c:\Users\DELL\employee-manager\dataconnect`
 {"metadata":{"emulator":{"name":"dataconnect"},"message":"E0508 14:37:55.563968   22852 load.go:23] Could not load config from \"c:\\\\Users\\\\DELL\\\\employee-manager\\\\dataconnect\": could not find dataconnect.yaml in `c:\\Users\\DELL\\employee-manager\\dataconnect`\n"}}
[debug] [2025-05-08T09:08:05.562Z] E0508 14:38:05.563001   22852 load.go:23] Could not load config from "c:\\Users\\DELL\\employee-manager\\dataconnect": could not find dataconnect.yaml in `c:\Users\DELL\employee-manager\dataconnect`
E0508 14:38:05.563001   22852 watch.go:76] watchAllDir unable to walk dir `c:\Users\DELL\employee-manager\dataconnect`: on path "c:\\Users\\DELL\\employee-manager\\dataconnect" (DirEntry: <nil>): CreateFile c:\Users\DELL\employee-manager\dataconnect: The system cannot find the file specified.
 {"metadata":{"emulator":{"name":"dataconnect"},"message":"E0508 14:38:05.563001   22852 load.go:23] Could not load config from \"c:\\\\Users\\\\DELL\\\\employee-manager\\\\dataconnect\": could not find dataconnect.yaml in `c:\\Users\\DELL\\employee-manager\\dataconnect`\nE0508 14:38:05.563001   22852 watch.go:76] watchAllDir unable to walk dir `c:\\Users\\DELL\\employee-manager\\dataconnect`: on path \"c:\\\\Users\\\\DELL\\\\employee-manager\\\\dataconnect\" (DirEntry: <nil>): CreateFile c:\\Users\\DELL\\employee-manager\\dataconnect: The system cannot find the file specified.\n"}}
[debug] [2025-05-08T09:08:15.559Z] E0508 14:38:15.559690   22852 load.go:23] Could not load config from "c:\\Users\\DELL\\employee-manager\\dataconnect": could not find dataconnect.yaml in `c:\Users\DELL\employee-manager\dataconnect`
 {"metadata":{"emulator":{"name":"dataconnect"},"message":"E0508 14:38:15.559690   22852 load.go:23] Could not load config from \"c:\\\\Users\\\\DELL\\\\employee-manager\\\\dataconnect\": could not find dataconnect.yaml in `c:\\Users\\DELL\\employee-manager\\dataconnect`\n"}}
[debug] [2025-05-08T09:08:25.567Z] E0508 14:38:25.568074   22852 load.go:23] Could not load config from "c:\\Users\\DELL\\employee-manager\\dataconnect": could not find dataconnect.yaml in `c:\Users\DELL\employee-manager\dataconnect`
 {"metadata":{"emulator":{"name":"dataconnect"},"message":"E0508 14:38:25.568074   22852 load.go:23] Could not load config from \"c:\\\\Users\\\\DELL\\\\employee-manager\\\\dataconnect\": could not find dataconnect.yaml in `c:\\Users\\DELL\\employee-manager\\dataconnect`\n"}}
[debug] [2025-05-08T09:08:35.567Z] E0508 14:38:35.568476   22852 load.go:23] Could not load config from "c:\\Users\\DELL\\employee-manager\\dataconnect": could not find dataconnect.yaml in `c:\Users\DELL\employee-manager\dataconnect`
 {"metadata":{"emulator":{"name":"dataconnect"},"message":"E0508 14:38:35.568476   22852 load.go:23] Could not load config from \"c:\\\\Users\\\\DELL\\\\employee-manager\\\\dataconnect\": could not find dataconnect.yaml in `c:\\Users\\DELL\\employee-manager\\dataconnect`\n"}}
[debug] [2025-05-08T09:08:45.558Z] E0508 14:38:45.559204   22852 load.go:23] Could not load config from "c:\\Users\\DELL\\employee-manager\\dataconnect": could not find dataconnect.yaml in `c:\Users\DELL\employee-manager\dataconnect`
 {"metadata":{"emulator":{"name":"dataconnect"},"message":"E0508 14:38:45.559204   22852 load.go:23] Could not load config from \"c:\\\\Users\\\\DELL\\\\employee-manager\\\\dataconnect\": could not find dataconnect.yaml in `c:\\Users\\DELL\\employee-manager\\dataconnect`\n"}}
[debug] [2025-05-08T09:08:55.571Z] E0508 14:38:55.571858   22852 load.go:23] Could not load config from "c:\\Users\\DELL\\employee-manager\\dataconnect": could not find dataconnect.yaml in `c:\Users\DELL\employee-manager\dataconnect`
 {"metadata":{"emulator":{"name":"dataconnect"},"message":"E0508 14:38:55.571858   22852 load.go:23] Could not load config from \"c:\\\\Users\\\\DELL\\\\employee-manager\\\\dataconnect\": could not find dataconnect.yaml in `c:\\Users\\DELL\\employee-manager\\dataconnect`\n"}}
[debug] [2025-05-08T09:09:05.570Z] E0508 14:39:05.570900   22852 load.go:23] Could not load config from "c:\\Users\\DELL\\employee-manager\\dataconnect": could not find dataconnect.yaml in `c:\Users\DELL\employee-manager\dataconnect`
 {"metadata":{"emulator":{"name":"dataconnect"},"message":"E0508 14:39:05.570900   22852 load.go:23] Could not load config from \"c:\\\\Users\\\\DELL\\\\employee-manager\\\\dataconnect\": could not find dataconnect.yaml in `c:\\Users\\DELL\\employee-manager\\dataconnect`\n"}}
[debug] [2025-05-08T09:09:15.564Z] E0508 14:39:15.564444   22852 load.go:23] Could not load config from "c:\\Users\\DELL\\employee-manager\\dataconnect": could not find dataconnect.yaml in `c:\Users\DELL\employee-manager\dataconnect`
 {"metadata":{"emulator":{"name":"dataconnect"},"message":"E0508 14:39:15.564444   22852 load.go:23] Could not load config from \"c:\\\\Users\\\\DELL\\\\employee-manager\\\\dataconnect\": could not find dataconnect.yaml in `c:\\Users\\DELL\\employee-manager\\dataconnect`\n"}}
[debug] [2025-05-08T09:09:25.564Z] E0508 14:39:25.565250   22852 load.go:23] Could not load config from "c:\\Users\\DELL\\employee-manager\\dataconnect": could not find dataconnect.yaml in `c:\Users\DELL\employee-manager\dataconnect`
 {"metadata":{"emulator":{"name":"dataconnect"},"message":"E0508 14:39:25.565250   22852 load.go:23] Could not load config from \"c:\\\\Users\\\\DELL\\\\employee-manager\\\\dataconnect\": could not find dataconnect.yaml in `c:\\Users\\DELL\\employee-manager\\dataconnect`\n"}}
[debug] [2025-05-08T09:09:35.570Z] E0508 14:39:35.570126   22852 load.go:23] Could not load config from "c:\\Users\\DELL\\employee-manager\\dataconnect": could not find dataconnect.yaml in `c:\Users\DELL\employee-manager\dataconnect`
 {"metadata":{"emulator":{"name":"dataconnect"},"message":"E0508 14:39:35.570126   22852 load.go:23] Could not load config from \"c:\\\\Users\\\\DELL\\\\employee-manager\\\\dataconnect\": could not find dataconnect.yaml in `c:\\Users\\DELL\\employee-manager\\dataconnect`\n"}}
[debug] [2025-05-08T09:09:45.561Z] E0508 14:39:45.561391   22852 load.go:23] Could not load config from "c:\\Users\\DELL\\employee-manager\\dataconnect": could not find dataconnect.yaml in `c:\Users\DELL\employee-manager\dataconnect`
 {"metadata":{"emulator":{"name":"dataconnect"},"message":"E0508 14:39:45.561391   22852 load.go:23] Could not load config from \"c:\\\\Users\\\\DELL\\\\employee-manager\\\\dataconnect\": could not find dataconnect.yaml in `c:\\Users\\DELL\\employee-manager\\dataconnect`\n"}}
[debug] [2025-05-08T09:09:55.564Z] E0508 14:39:55.564498   22852 load.go:23] Could not load config from "c:\\Users\\DELL\\employee-manager\\dataconnect": could not find dataconnect.yaml in `c:\Users\DELL\employee-manager\dataconnect`
 {"metadata":{"emulator":{"name":"dataconnect"},"message":"E0508 14:39:55.564498   22852 load.go:23] Could not load config from \"c:\\\\Users\\\\DELL\\\\employee-manager\\\\dataconnect\": could not find dataconnect.yaml in `c:\\Users\\DELL\\employee-manager\\dataconnect`\n"}}
[debug] [2025-05-08T09:10:05.562Z] E0508 14:40:05.562168   22852 load.go:23] Could not load config from "c:\\Users\\DELL\\employee-manager\\dataconnect": could not find dataconnect.yaml in `c:\Users\DELL\employee-manager\dataconnect`
E0508 14:40:05.562168   22852 watch.go:76] watchAllDir unable to walk dir `c:\Users\DELL\employee-manager\dataconnect`: on path "c:\\Users\\DELL\\employee-manager\\dataconnect" (DirEntry: <nil>): CreateFile c:\Users\DELL\employee-manager\dataconnect: The system cannot find the file specified.
 {"metadata":{"emulator":{"name":"dataconnect"},"message":"E0508 14:40:05.562168   22852 load.go:23] Could not load config from \"c:\\\\Users\\\\DELL\\\\employee-manager\\\\dataconnect\": could not find dataconnect.yaml in `c:\\Users\\DELL\\employee-manager\\dataconnect`\nE0508 14:40:05.562168   22852 watch.go:76] watchAllDir unable to walk dir `c:\\Users\\DELL\\employee-manager\\dataconnect`: on path \"c:\\\\Users\\\\DELL\\\\employee-manager\\\\dataconnect\" (DirEntry: <nil>): CreateFile c:\\Users\\DELL\\employee-manager\\dataconnect: The system cannot find the file specified.\n"}}
[debug] [2025-05-08T09:10:15.560Z] E0508 14:40:15.559837   22852 load.go:23] Could not load config from "c:\\Users\\DELL\\employee-manager\\dataconnect": could not find dataconnect.yaml in `c:\Users\DELL\employee-manager\dataconnect`
 {"metadata":{"emulator":{"name":"dataconnect"},"message":"E0508 14:40:15.559837   22852 load.go:23] Could not load config from \"c:\\\\Users\\\\DELL\\\\employee-manager\\\\dataconnect\": could not find dataconnect.yaml in `c:\\Users\\DELL\\employee-manager\\dataconnect`\n"}}
[debug] [2025-05-08T09:10:25.599Z] E0508 14:40:25.562015   22852 load.go:23] Could not load config from "c:\\Users\\DELL\\employee-manager\\dataconnect": could not find dataconnect.yaml in `c:\Users\DELL\employee-manager\dataconnect`
 {"metadata":{"emulator":{"name":"dataconnect"},"message":"E0508 14:40:25.562015   22852 load.go:23] Could not load config from \"c:\\\\Users\\\\DELL\\\\employee-manager\\\\dataconnect\": could not find dataconnect.yaml in `c:\\Users\\DELL\\employee-manager\\dataconnect`\n"}}
[debug] [2025-05-08T09:10:35.569Z] E0508 14:40:35.568836   22852 load.go:23] Could not load config from "c:\\Users\\DELL\\employee-manager\\dataconnect": could not find dataconnect.yaml in `c:\Users\DELL\employee-manager\dataconnect`
 {"metadata":{"emulator":{"name":"dataconnect"},"message":"E0508 14:40:35.568836   22852 load.go:23] Could not load config from \"c:\\\\Users\\\\DELL\\\\employee-manager\\\\dataconnect\": could not find dataconnect.yaml in `c:\\Users\\DELL\\employee-manager\\dataconnect`\n"}}
[debug] [2025-05-08T09:10:45.563Z] E0508 14:40:45.563008   22852 load.go:23] Could not load config from "c:\\Users\\DELL\\employee-manager\\dataconnect": could not find dataconnect.yaml in `c:\Users\DELL\employee-manager\dataconnect`
 {"metadata":{"emulator":{"name":"dataconnect"},"message":"E0508 14:40:45.563008   22852 load.go:23] Could not load config from \"c:\\\\Users\\\\DELL\\\\employee-manager\\\\dataconnect\": could not find dataconnect.yaml in `c:\\Users\\DELL\\employee-manager\\dataconnect`\n"}}
[debug] [2025-05-08T09:10:55.570Z] E0508 14:40:55.569925   22852 load.go:23] Could not load config from "c:\\Users\\DELL\\employee-manager\\dataconnect": could not find dataconnect.yaml in `c:\Users\DELL\employee-manager\dataconnect`
 {"metadata":{"emulator":{"name":"dataconnect"},"message":"E0508 14:40:55.569925   22852 load.go:23] Could not load config from \"c:\\\\Users\\\\DELL\\\\employee-manager\\\\dataconnect\": could not find dataconnect.yaml in `c:\\Users\\DELL\\employee-manager\\dataconnect`\n"}}
[debug] [2025-05-08T09:11:05.556Z] E0508 14:41:05.556702   22852 load.go:23] Could not load config from "c:\\Users\\DELL\\employee-manager\\dataconnect": could not find dataconnect.yaml in `c:\Users\DELL\employee-manager\dataconnect`
 {"metadata":{"emulator":{"name":"dataconnect"},"message":"E0508 14:41:05.556702   22852 load.go:23] Could not load config from \"c:\\\\Users\\\\DELL\\\\employee-manager\\\\dataconnect\": could not find dataconnect.yaml in `c:\\Users\\DELL\\employee-manager\\dataconnect`\n"}}
[debug] [2025-05-08T09:11:15.560Z] E0508 14:41:15.560059   22852 load.go:23] Could not load config from "c:\\Users\\DELL\\employee-manager\\dataconnect": could not find dataconnect.yaml in `c:\Users\DELL\employee-manager\dataconnect`
 {"metadata":{"emulator":{"name":"dataconnect"},"message":"E0508 14:41:15.560059   22852 load.go:23] Could not load config from \"c:\\\\Users\\\\DELL\\\\employee-manager\\\\dataconnect\": could not find dataconnect.yaml in `c:\\Users\\DELL\\employee-manager\\dataconnect`\n"}}
[debug] [2025-05-08T09:11:25.561Z] E0508 14:41:25.560919   22852 load.go:23] Could not load config from "c:\\Users\\DELL\\employee-manager\\dataconnect": could not find dataconnect.yaml in `c:\Users\DELL\employee-manager\dataconnect`
 {"metadata":{"emulator":{"name":"dataconnect"},"message":"E0508 14:41:25.560919   22852 load.go:23] Could not load config from \"c:\\\\Users\\\\DELL\\\\employee-manager\\\\dataconnect\": could not find dataconnect.yaml in `c:\\Users\\DELL\\employee-manager\\dataconnect`\n"}}
[debug] [2025-05-08T09:11:35.570Z] E0508 14:41:35.570413   22852 load.go:23] Could not load config from "c:\\Users\\DELL\\employee-manager\\dataconnect": could not find dataconnect.yaml in `c:\Users\DELL\employee-manager\dataconnect`
 {"metadata":{"emulator":{"name":"dataconnect"},"message":"E0508 14:41:35.570413   22852 load.go:23] Could not load config from \"c:\\\\Users\\\\DELL\\\\employee-manager\\\\dataconnect\": could not find dataconnect.yaml in `c:\\Users\\DELL\\employee-manager\\dataconnect`\n"}}
[debug] [2025-05-08T09:11:45.563Z] E0508 14:41:45.562803   22852 load.go:23] Could not load config from "c:\\Users\\DELL\\employee-manager\\dataconnect": could not find dataconnect.yaml in `c:\Users\DELL\employee-manager\dataconnect`
 {"metadata":{"emulator":{"name":"dataconnect"},"message":"E0508 14:41:45.562803   22852 load.go:23] Could not load config from \"c:\\\\Users\\\\DELL\\\\employee-manager\\\\dataconnect\": could not find dataconnect.yaml in `c:\\Users\\DELL\\employee-manager\\dataconnect`\n"}}
[debug] [2025-05-08T09:11:55.560Z] E0508 14:41:55.559051   22852 load.go:23] Could not load config from "c:\\Users\\DELL\\employee-manager\\dataconnect": could not find dataconnect.yaml in `c:\Users\DELL\employee-manager\dataconnect`
 {"metadata":{"emulator":{"name":"dataconnect"},"message":"E0508 14:41:55.559051   22852 load.go:23] Could not load config from \"c:\\\\Users\\\\DELL\\\\employee-manager\\\\dataconnect\": could not find dataconnect.yaml in `c:\\Users\\DELL\\employee-manager\\dataconnect`\n"}}
[debug] [2025-05-08T09:12:05.559Z] E0508 14:42:05.559171   22852 load.go:23] Could not load config from "c:\\Users\\DELL\\employee-manager\\dataconnect": could not find dataconnect.yaml in `c:\Users\DELL\employee-manager\dataconnect`
 {"metadata":{"emulator":{"name":"dataconnect"},"message":"E0508 14:42:05.559171   22852 load.go:23] Could not load config from \"c:\\\\Users\\\\DELL\\\\employee-manager\\\\dataconnect\": could not find dataconnect.yaml in `c:\\Users\\DELL\\employee-manager\\dataconnect`\n"}}
[debug] [2025-05-08T09:12:05.560Z] E0508 14:42:05.559171   22852 watch.go:76] watchAllDir unable to walk dir `c:\Users\DELL\employee-manager\dataconnect`: on path "c:\\Users\\DELL\\employee-manager\\dataconnect" (DirEntry: <nil>): CreateFile c:\Users\DELL\employee-manager\dataconnect: The system cannot find the file specified.
 {"metadata":{"emulator":{"name":"dataconnect"},"message":"E0508 14:42:05.559171   22852 watch.go:76] watchAllDir unable to walk dir `c:\\Users\\DELL\\employee-manager\\dataconnect`: on path \"c:\\\\Users\\\\DELL\\\\employee-manager\\\\dataconnect\" (DirEntry: <nil>): CreateFile c:\\Users\\DELL\\employee-manager\\dataconnect: The system cannot find the file specified.\n"}}
[debug] [2025-05-08T09:12:15.558Z] E0508 14:42:15.557782   22852 load.go:23] Could not load config from "c:\\Users\\DELL\\employee-manager\\dataconnect": could not find dataconnect.yaml in `c:\Users\DELL\employee-manager\dataconnect`
 {"metadata":{"emulator":{"name":"dataconnect"},"message":"E0508 14:42:15.557782   22852 load.go:23] Could not load config from \"c:\\\\Users\\\\DELL\\\\employee-manager\\\\dataconnect\": could not find dataconnect.yaml in `c:\\Users\\DELL\\employee-manager\\dataconnect`\n"}}
[debug] [2025-05-08T09:12:25.568Z] E0508 14:42:25.567455   22852 load.go:23] Could not load config from "c:\\Users\\DELL\\employee-manager\\dataconnect": could not find dataconnect.yaml in `c:\Users\DELL\employee-manager\dataconnect`
 {"metadata":{"emulator":{"name":"dataconnect"},"message":"E0508 14:42:25.567455   22852 load.go:23] Could not load config from \"c:\\\\Users\\\\DELL\\\\employee-manager\\\\dataconnect\": could not find dataconnect.yaml in `c:\\Users\\DELL\\employee-manager\\dataconnect`\n"}}
[debug] [2025-05-08T09:12:35.558Z] E0508 14:42:35.558170   22852 load.go:23] Could not load config from "c:\\Users\\DELL\\employee-manager\\dataconnect": could not find dataconnect.yaml in `c:\Users\DELL\employee-manager\dataconnect`
 {"metadata":{"emulator":{"name":"dataconnect"},"message":"E0508 14:42:35.558170   22852 load.go:23] Could not load config from \"c:\\\\Users\\\\DELL\\\\employee-manager\\\\dataconnect\": could not find dataconnect.yaml in `c:\\Users\\DELL\\employee-manager\\dataconnect`\n"}}
[debug] [2025-05-08T09:12:45.559Z] E0508 14:42:45.558797   22852 load.go:23] Could not load config from "c:\\Users\\DELL\\employee-manager\\dataconnect": could not find dataconnect.yaml in `c:\Users\DELL\employee-manager\dataconnect`
 {"metadata":{"emulator":{"name":"dataconnect"},"message":"E0508 14:42:45.558797   22852 load.go:23] Could not load config from \"c:\\\\Users\\\\DELL\\\\employee-manager\\\\dataconnect\": could not find dataconnect.yaml in `c:\\Users\\DELL\\employee-manager\\dataconnect`\n"}}
[debug] [2025-05-08T09:12:55.569Z] E0508 14:42:55.568680   22852 load.go:23] Could not load config from "c:\\Users\\DELL\\employee-manager\\dataconnect": could not find dataconnect.yaml in `c:\Users\DELL\employee-manager\dataconnect`
 {"metadata":{"emulator":{"name":"dataconnect"},"message":"E0508 14:42:55.568680   22852 load.go:23] Could not load config from \"c:\\\\Users\\\\DELL\\\\employee-manager\\\\dataconnect\": could not find dataconnect.yaml in `c:\\Users\\DELL\\employee-manager\\dataconnect`\n"}}
[debug] [2025-05-08T09:13:05.564Z] E0508 14:43:05.563916   22852 load.go:23] Could not load config from "c:\\Users\\DELL\\employee-manager\\dataconnect": could not find dataconnect.yaml in `c:\Users\DELL\employee-manager\dataconnect`
 {"metadata":{"emulator":{"name":"dataconnect"},"message":"E0508 14:43:05.563916   22852 load.go:23] Could not load config from \"c:\\\\Users\\\\DELL\\\\employee-manager\\\\dataconnect\": could not find dataconnect.yaml in `c:\\Users\\DELL\\employee-manager\\dataconnect`\n"}}
[debug] [2025-05-08T09:13:15.559Z] E0508 14:43:15.559198   22852 load.go:23] Could not load config from "c:\\Users\\DELL\\employee-manager\\dataconnect": could not find dataconnect.yaml in `c:\Users\DELL\employee-manager\dataconnect`
 {"metadata":{"emulator":{"name":"dataconnect"},"message":"E0508 14:43:15.559198   22852 load.go:23] Could not load config from \"c:\\\\Users\\\\DELL\\\\employee-manager\\\\dataconnect\": could not find dataconnect.yaml in `c:\\Users\\DELL\\employee-manager\\dataconnect`\n"}}
[debug] [2025-05-08T09:13:25.562Z] E0508 14:43:25.561555   22852 load.go:23] Could not load config from "c:\\Users\\DELL\\employee-manager\\dataconnect": could not find dataconnect.yaml in `c:\Users\DELL\employee-manager\dataconnect`
 {"metadata":{"emulator":{"name":"dataconnect"},"message":"E0508 14:43:25.561555   22852 load.go:23] Could not load config from \"c:\\\\Users\\\\DELL\\\\employee-manager\\\\dataconnect\": could not find dataconnect.yaml in `c:\\Users\\DELL\\employee-manager\\dataconnect`\n"}}
[debug] [2025-05-08T09:13:35.558Z] E0508 14:43:35.557895   22852 load.go:23] Could not load config from "c:\\Users\\DELL\\employee-manager\\dataconnect": could not find dataconnect.yaml in `c:\Users\DELL\employee-manager\dataconnect`
 {"metadata":{"emulator":{"name":"dataconnect"},"message":"E0508 14:43:35.557895   22852 load.go:23] Could not load config from \"c:\\\\Users\\\\DELL\\\\employee-manager\\\\dataconnect\": could not find dataconnect.yaml in `c:\\Users\\DELL\\employee-manager\\dataconnect`\n"}}
[debug] [2025-05-08T09:13:45.560Z] E0508 14:43:45.560210   22852 load.go:23] Could not load config from "c:\\Users\\DELL\\employee-manager\\dataconnect": could not find dataconnect.yaml in `c:\Users\DELL\employee-manager\dataconnect`
 {"metadata":{"emulator":{"name":"dataconnect"},"message":"E0508 14:43:45.560210   22852 load.go:23] Could not load config from \"c:\\\\Users\\\\DELL\\\\employee-manager\\\\dataconnect\": could not find dataconnect.yaml in `c:\\Users\\DELL\\employee-manager\\dataconnect`\n"}}
[debug] [2025-05-08T09:13:55.561Z] E0508 14:43:55.561743   22852 load.go:23] Could not load config from "c:\\Users\\DELL\\employee-manager\\dataconnect": could not find dataconnect.yaml in `c:\Users\DELL\employee-manager\dataconnect`
 {"metadata":{"emulator":{"name":"dataconnect"},"message":"E0508 14:43:55.561743   22852 load.go:23] Could not load config from \"c:\\\\Users\\\\DELL\\\\employee-manager\\\\dataconnect\": could not find dataconnect.yaml in `c:\\Users\\DELL\\employee-manager\\dataconnect`\n"}}
[debug] [2025-05-08T09:14:05.559Z] E0508 14:44:05.558778   22852 load.go:23] Could not load config from "c:\\Users\\DELL\\employee-manager\\dataconnect": could not find dataconnect.yaml in `c:\Users\DELL\employee-manager\dataconnect`
 {"metadata":{"emulator":{"name":"dataconnect"},"message":"E0508 14:44:05.558778   22852 load.go:23] Could not load config from \"c:\\\\Users\\\\DELL\\\\employee-manager\\\\dataconnect\": could not find dataconnect.yaml in `c:\\Users\\DELL\\employee-manager\\dataconnect`\n"}}
[debug] [2025-05-08T09:14:05.560Z] E0508 14:44:05.558778   22852 watch.go:76] watchAllDir unable to walk dir `c:\Users\DELL\employee-manager\dataconnect`: on path "c:\\Users\\DELL\\employee-manager\\dataconnect" (DirEntry: <nil>): CreateFile c:\Users\DELL\employee-manager\dataconnect: The system cannot find the file specified.
 {"metadata":{"emulator":{"name":"dataconnect"},"message":"E0508 14:44:05.558778   22852 watch.go:76] watchAllDir unable to walk dir `c:\\Users\\DELL\\employee-manager\\dataconnect`: on path \"c:\\\\Users\\\\DELL\\\\employee-manager\\\\dataconnect\" (DirEntry: <nil>): CreateFile c:\\Users\\DELL\\employee-manager\\dataconnect: The system cannot find the file specified.\n"}}
[debug] [2025-05-08T09:14:15.566Z] E0508 14:44:15.566718   22852 load.go:23] Could not load config from "c:\\Users\\DELL\\employee-manager\\dataconnect": could not find dataconnect.yaml in `c:\Users\DELL\employee-manager\dataconnect`
 {"metadata":{"emulator":{"name":"dataconnect"},"message":"E0508 14:44:15.566718   22852 load.go:23] Could not load config from \"c:\\\\Users\\\\DELL\\\\employee-manager\\\\dataconnect\": could not find dataconnect.yaml in `c:\\Users\\DELL\\employee-manager\\dataconnect`\n"}}
[debug] [2025-05-08T09:14:25.567Z] E0508 14:44:25.567714   22852 load.go:23] Could not load config from "c:\\Users\\DELL\\employee-manager\\dataconnect": could not find dataconnect.yaml in `c:\Users\DELL\employee-manager\dataconnect`
 {"metadata":{"emulator":{"name":"dataconnect"},"message":"E0508 14:44:25.567714   22852 load.go:23] Could not load config from \"c:\\\\Users\\\\DELL\\\\employee-manager\\\\dataconnect\": could not find dataconnect.yaml in `c:\\Users\\DELL\\employee-manager\\dataconnect`\n"}}
[debug] [2025-05-08T09:14:35.560Z] E0508 14:44:35.559767   22852 load.go:23] Could not load config from "c:\\Users\\DELL\\employee-manager\\dataconnect": could not find dataconnect.yaml in `c:\Users\DELL\employee-manager\dataconnect`
 {"metadata":{"emulator":{"name":"dataconnect"},"message":"E0508 14:44:35.559767   22852 load.go:23] Could not load config from \"c:\\\\Users\\\\DELL\\\\employee-manager\\\\dataconnect\": could not find dataconnect.yaml in `c:\\Users\\DELL\\employee-manager\\dataconnect`\n"}}
[debug] [2025-05-08T09:14:45.564Z] E0508 14:44:45.564124   22852 load.go:23] Could not load config from "c:\\Users\\DELL\\employee-manager\\dataconnect": could not find dataconnect.yaml in `c:\Users\DELL\employee-manager\dataconnect`
 {"metadata":{"emulator":{"name":"dataconnect"},"message":"E0508 14:44:45.564124   22852 load.go:23] Could not load config from \"c:\\\\Users\\\\DELL\\\\employee-manager\\\\dataconnect\": could not find dataconnect.yaml in `c:\\Users\\DELL\\employee-manager\\dataconnect`\n"}}
[debug] [2025-05-08T09:14:55.558Z] E0508 14:44:55.557547   22852 load.go:23] Could not load config from "c:\\Users\\DELL\\employee-manager\\dataconnect": could not find dataconnect.yaml in `c:\Users\DELL\employee-manager\dataconnect`
 {"metadata":{"emulator":{"name":"dataconnect"},"message":"E0508 14:44:55.557547   22852 load.go:23] Could not load config from \"c:\\\\Users\\\\DELL\\\\employee-manager\\\\dataconnect\": could not find dataconnect.yaml in `c:\\Users\\DELL\\employee-manager\\dataconnect`\n"}}
[debug] [2025-05-08T09:15:05.569Z] E0508 14:45:05.568327   22852 load.go:23] Could not load config from "c:\\Users\\DELL\\employee-manager\\dataconnect": could not find dataconnect.yaml in `c:\Users\DELL\employee-manager\dataconnect`
 {"metadata":{"emulator":{"name":"dataconnect"},"message":"E0508 14:45:05.568327   22852 load.go:23] Could not load config from \"c:\\\\Users\\\\DELL\\\\employee-manager\\\\dataconnect\": could not find dataconnect.yaml in `c:\\Users\\DELL\\employee-manager\\dataconnect`\n"}}
[debug] [2025-05-08T09:15:15.561Z] E0508 14:45:15.560667   22852 load.go:23] Could not load config from "c:\\Users\\DELL\\employee-manager\\dataconnect": could not find dataconnect.yaml in `c:\Users\DELL\employee-manager\dataconnect`
 {"metadata":{"emulator":{"name":"dataconnect"},"message":"E0508 14:45:15.560667   22852 load.go:23] Could not load config from \"c:\\\\Users\\\\DELL\\\\employee-manager\\\\dataconnect\": could not find dataconnect.yaml in `c:\\Users\\DELL\\employee-manager\\dataconnect`\n"}}
[debug] [2025-05-08T09:15:25.570Z] E0508 14:45:25.569667   22852 load.go:23] Could not load config from "c:\\Users\\DELL\\employee-manager\\dataconnect": could not find dataconnect.yaml in `c:\Users\DELL\employee-manager\dataconnect`
 {"metadata":{"emulator":{"name":"dataconnect"},"message":"E0508 14:45:25.569667   22852 load.go:23] Could not load config from \"c:\\\\Users\\\\DELL\\\\employee-manager\\\\dataconnect\": could not find dataconnect.yaml in `c:\\Users\\DELL\\employee-manager\\dataconnect`\n"}}
[debug] [2025-05-08T09:15:35.561Z] E0508 14:45:35.561198   22852 load.go:23] Could not load config from "c:\\Users\\DELL\\employee-manager\\dataconnect": could not find dataconnect.yaml in `c:\Users\DELL\employee-manager\dataconnect`
 {"metadata":{"emulator":{"name":"dataconnect"},"message":"E0508 14:45:35.561198   22852 load.go:23] Could not load config from \"c:\\\\Users\\\\DELL\\\\employee-manager\\\\dataconnect\": could not find dataconnect.yaml in `c:\\Users\\DELL\\employee-manager\\dataconnect`\n"}}
[debug] [2025-05-08T09:15:45.558Z] E0508 14:45:45.558443   22852 load.go:23] Could not load config from "c:\\Users\\DELL\\employee-manager\\dataconnect": could not find dataconnect.yaml in `c:\Users\DELL\employee-manager\dataconnect`
 {"metadata":{"emulator":{"name":"dataconnect"},"message":"E0508 14:45:45.558443   22852 load.go:23] Could not load config from \"c:\\\\Users\\\\DELL\\\\employee-manager\\\\dataconnect\": could not find dataconnect.yaml in `c:\\Users\\DELL\\employee-manager\\dataconnect`\n"}}
[debug] [2025-05-08T09:15:55.561Z] E0508 14:45:55.560350   22852 load.go:23] Could not load config from "c:\\Users\\DELL\\employee-manager\\dataconnect": could not find dataconnect.yaml in `c:\Users\DELL\employee-manager\dataconnect`
 {"metadata":{"emulator":{"name":"dataconnect"},"message":"E0508 14:45:55.560350   22852 load.go:23] Could not load config from \"c:\\\\Users\\\\DELL\\\\employee-manager\\\\dataconnect\": could not find dataconnect.yaml in `c:\\Users\\DELL\\employee-manager\\dataconnect`\n"}}
[debug] [2025-05-08T09:16:05.568Z] E0508 14:46:05.568961   22852 load.go:23] Could not load config from "c:\\Users\\DELL\\employee-manager\\dataconnect": could not find dataconnect.yaml in `c:\Users\DELL\employee-manager\dataconnect`
 {"metadata":{"emulator":{"name":"dataconnect"},"message":"E0508 14:46:05.568961   22852 load.go:23] Could not load config from \"c:\\\\Users\\\\DELL\\\\employee-manager\\\\dataconnect\": could not find dataconnect.yaml in `c:\\Users\\DELL\\employee-manager\\dataconnect`\n"}}
[debug] [2025-05-08T09:16:05.570Z] E0508 14:46:05.569841   22852 watch.go:76] watchAllDir unable to walk dir `c:\Users\DELL\employee-manager\dataconnect`: on path "c:\\Users\\DELL\\employee-manager\\dataconnect" (DirEntry: <nil>): CreateFile c:\Users\DELL\employee-manager\dataconnect: The system cannot find the file specified.
 {"metadata":{"emulator":{"name":"dataconnect"},"message":"E0508 14:46:05.569841   22852 watch.go:76] watchAllDir unable to walk dir `c:\\Users\\DELL\\employee-manager\\dataconnect`: on path \"c:\\\\Users\\\\DELL\\\\employee-manager\\\\dataconnect\" (DirEntry: <nil>): CreateFile c:\\Users\\DELL\\employee-manager\\dataconnect: The system cannot find the file specified.\n"}}
[debug] [2025-05-08T09:16:15.564Z] E0508 14:46:15.564357   22852 load.go:23] Could not load config from "c:\\Users\\DELL\\employee-manager\\dataconnect": could not find dataconnect.yaml in `c:\Users\DELL\employee-manager\dataconnect`
 {"metadata":{"emulator":{"name":"dataconnect"},"message":"E0508 14:46:15.564357   22852 load.go:23] Could not load config from \"c:\\\\Users\\\\DELL\\\\employee-manager\\\\dataconnect\": could not find dataconnect.yaml in `c:\\Users\\DELL\\employee-manager\\dataconnect`\n"}}
[debug] [2025-05-08T09:16:25.561Z] E0508 14:46:25.561191   22852 load.go:23] Could not load config from "c:\\Users\\DELL\\employee-manager\\dataconnect": could not find dataconnect.yaml in `c:\Users\DELL\employee-manager\dataconnect`
 {"metadata":{"emulator":{"name":"dataconnect"},"message":"E0508 14:46:25.561191   22852 load.go:23] Could not load config from \"c:\\\\Users\\\\DELL\\\\employee-manager\\\\dataconnect\": could not find dataconnect.yaml in `c:\\Users\\DELL\\employee-manager\\dataconnect`\n"}}
[debug] [2025-05-08T09:16:35.564Z] E0508 14:46:35.564763   22852 load.go:23] Could not load config from "c:\\Users\\DELL\\employee-manager\\dataconnect": could not find dataconnect.yaml in `c:\Users\DELL\employee-manager\dataconnect`
 {"metadata":{"emulator":{"name":"dataconnect"},"message":"E0508 14:46:35.564763   22852 load.go:23] Could not load config from \"c:\\\\Users\\\\DELL\\\\employee-manager\\\\dataconnect\": could not find dataconnect.yaml in `c:\\Users\\DELL\\employee-manager\\dataconnect`\n"}}
[debug] [2025-05-08T09:16:45.563Z] E0508 14:46:45.564037   22852 load.go:23] Could not load config from "c:\\Users\\DELL\\employee-manager\\dataconnect": could not find dataconnect.yaml in `c:\Users\DELL\employee-manager\dataconnect`
 {"metadata":{"emulator":{"name":"dataconnect"},"message":"E0508 14:46:45.564037   22852 load.go:23] Could not load config from \"c:\\\\Users\\\\DELL\\\\employee-manager\\\\dataconnect\": could not find dataconnect.yaml in `c:\\Users\\DELL\\employee-manager\\dataconnect`\n"}}
[debug] [2025-05-08T09:16:55.566Z] E0508 14:46:55.565875   22852 load.go:23] Could not load config from "c:\\Users\\DELL\\employee-manager\\dataconnect": could not find dataconnect.yaml in `c:\Users\DELL\employee-manager\dataconnect`
 {"metadata":{"emulator":{"name":"dataconnect"},"message":"E0508 14:46:55.565875   22852 load.go:23] Could not load config from \"c:\\\\Users\\\\DELL\\\\employee-manager\\\\dataconnect\": could not find dataconnect.yaml in `c:\\Users\\DELL\\employee-manager\\dataconnect`\n"}}
[debug] [2025-05-08T09:17:05.568Z] E0508 14:47:05.568208   22852 load.go:23] Could not load config from "c:\\Users\\DELL\\employee-manager\\dataconnect": could not find dataconnect.yaml in `c:\Users\DELL\employee-manager\dataconnect`
 {"metadata":{"emulator":{"name":"dataconnect"},"message":"E0508 14:47:05.568208   22852 load.go:23] Could not load config from \"c:\\\\Users\\\\DELL\\\\employee-manager\\\\dataconnect\": could not find dataconnect.yaml in `c:\\Users\\DELL\\employee-manager\\dataconnect`\n"}}
[debug] [2025-05-08T09:17:15.562Z] E0508 14:47:15.561481   22852 load.go:23] Could not load config from "c:\\Users\\DELL\\employee-manager\\dataconnect": could not find dataconnect.yaml in `c:\Users\DELL\employee-manager\dataconnect`
 {"metadata":{"emulator":{"name":"dataconnect"},"message":"E0508 14:47:15.561481   22852 load.go:23] Could not load config from \"c:\\\\Users\\\\DELL\\\\employee-manager\\\\dataconnect\": could not find dataconnect.yaml in `c:\\Users\\DELL\\employee-manager\\dataconnect`\n"}}
[debug] [2025-05-08T09:17:25.559Z] E0508 14:47:25.558691   22852 load.go:23] Could not load config from "c:\\Users\\DELL\\employee-manager\\dataconnect": could not find dataconnect.yaml in `c:\Users\DELL\employee-manager\dataconnect`
 {"metadata":{"emulator":{"name":"dataconnect"},"message":"E0508 14:47:25.558691   22852 load.go:23] Could not load config from \"c:\\\\Users\\\\DELL\\\\employee-manager\\\\dataconnect\": could not find dataconnect.yaml in `c:\\Users\\DELL\\employee-manager\\dataconnect`\n"}}
[debug] [2025-05-08T09:17:35.559Z] E0508 14:47:35.559536   22852 load.go:23] Could not load config from "c:\\Users\\DELL\\employee-manager\\dataconnect": could not find dataconnect.yaml in `c:\Users\DELL\employee-manager\dataconnect`
 {"metadata":{"emulator":{"name":"dataconnect"},"message":"E0508 14:47:35.559536   22852 load.go:23] Could not load config from \"c:\\\\Users\\\\DELL\\\\employee-manager\\\\dataconnect\": could not find dataconnect.yaml in `c:\\Users\\DELL\\employee-manager\\dataconnect`\n"}}
[debug] [2025-05-08T09:17:45.567Z] E0508 14:47:45.567437   22852 load.go:23] Could not load config from "c:\\Users\\DELL\\employee-manager\\dataconnect": could not find dataconnect.yaml in `c:\Users\DELL\employee-manager\dataconnect`
 {"metadata":{"emulator":{"name":"dataconnect"},"message":"E0508 14:47:45.567437   22852 load.go:23] Could not load config from \"c:\\\\Users\\\\DELL\\\\employee-manager\\\\dataconnect\": could not find dataconnect.yaml in `c:\\Users\\DELL\\employee-manager\\dataconnect`\n"}}
[debug] [2025-05-08T09:17:55.556Z] E0508 14:47:55.556261   22852 load.go:23] Could not load config from "c:\\Users\\DELL\\employee-manager\\dataconnect": could not find dataconnect.yaml in `c:\Users\DELL\employee-manager\dataconnect`
 {"metadata":{"emulator":{"name":"dataconnect"},"message":"E0508 14:47:55.556261   22852 load.go:23] Could not load config from \"c:\\\\Users\\\\DELL\\\\employee-manager\\\\dataconnect\": could not find dataconnect.yaml in `c:\\Users\\DELL\\employee-manager\\dataconnect`\n"}}
[debug] [2025-05-08T09:18:05.559Z] E0508 14:48:05.558833   22852 load.go:23] Could not load config from "c:\\Users\\DELL\\employee-manager\\dataconnect": could not find dataconnect.yaml in `c:\Users\DELL\employee-manager\dataconnect`
 {"metadata":{"emulator":{"name":"dataconnect"},"message":"E0508 14:48:05.558833   22852 load.go:23] Could not load config from \"c:\\\\Users\\\\DELL\\\\employee-manager\\\\dataconnect\": could not find dataconnect.yaml in `c:\\Users\\DELL\\employee-manager\\dataconnect`\n"}}
[debug] [2025-05-08T09:18:05.560Z] E0508 14:48:05.559398   22852 watch.go:76] watchAllDir unable to walk dir `c:\Users\DELL\employee-manager\dataconnect`: on path "c:\\Users\\DELL\\employee-manager\\dataconnect" (DirEntry: <nil>): CreateFile c:\Users\DELL\employee-manager\dataconnect: The system cannot find the file specified.
 {"metadata":{"emulator":{"name":"dataconnect"},"message":"E0508 14:48:05.559398   22852 watch.go:76] watchAllDir unable to walk dir `c:\\Users\\DELL\\employee-manager\\dataconnect`: on path \"c:\\\\Users\\\\DELL\\\\employee-manager\\\\dataconnect\" (DirEntry: <nil>): CreateFile c:\\Users\\DELL\\employee-manager\\dataconnect: The system cannot find the file specified.\n"}}
[debug] [2025-05-08T09:18:15.564Z] E0508 14:48:15.564195   22852 load.go:23] Could not load config from "c:\\Users\\DELL\\employee-manager\\dataconnect": could not find dataconnect.yaml in `c:\Users\DELL\employee-manager\dataconnect`
 {"metadata":{"emulator":{"name":"dataconnect"},"message":"E0508 14:48:15.564195   22852 load.go:23] Could not load config from \"c:\\\\Users\\\\DELL\\\\employee-manager\\\\dataconnect\": could not find dataconnect.yaml in `c:\\Users\\DELL\\employee-manager\\dataconnect`\n"}}
[debug] [2025-05-08T09:18:25.559Z] E0508 14:48:25.558653   22852 load.go:23] Could not load config from "c:\\Users\\DELL\\employee-manager\\dataconnect": could not find dataconnect.yaml in `c:\Users\DELL\employee-manager\dataconnect`
 {"metadata":{"emulator":{"name":"dataconnect"},"message":"E0508 14:48:25.558653   22852 load.go:23] Could not load config from \"c:\\\\Users\\\\DELL\\\\employee-manager\\\\dataconnect\": could not find dataconnect.yaml in `c:\\Users\\DELL\\employee-manager\\dataconnect`\n"}}
[debug] [2025-05-08T09:18:35.562Z] E0508 14:48:35.561272   22852 load.go:23] Could not load config from "c:\\Users\\DELL\\employee-manager\\dataconnect": could not find dataconnect.yaml in `c:\Users\DELL\employee-manager\dataconnect`
 {"metadata":{"emulator":{"name":"dataconnect"},"message":"E0508 14:48:35.561272   22852 load.go:23] Could not load config from \"c:\\\\Users\\\\DELL\\\\employee-manager\\\\dataconnect\": could not find dataconnect.yaml in `c:\\Users\\DELL\\employee-manager\\dataconnect`\n"}}
[debug] [2025-05-08T09:18:45.570Z] E0508 14:48:45.570165   22852 load.go:23] Could not load config from "c:\\Users\\DELL\\employee-manager\\dataconnect": could not find dataconnect.yaml in `c:\Users\DELL\employee-manager\dataconnect`
 {"metadata":{"emulator":{"name":"dataconnect"},"message":"E0508 14:48:45.570165   22852 load.go:23] Could not load config from \"c:\\\\Users\\\\DELL\\\\employee-manager\\\\dataconnect\": could not find dataconnect.yaml in `c:\\Users\\DELL\\employee-manager\\dataconnect`\n"}}
[debug] [2025-05-08T09:18:55.559Z] E0508 14:48:55.559162   22852 load.go:23] Could not load config from "c:\\Users\\DELL\\employee-manager\\dataconnect": could not find dataconnect.yaml in `c:\Users\DELL\employee-manager\dataconnect`
 {"metadata":{"emulator":{"name":"dataconnect"},"message":"E0508 14:48:55.559162   22852 load.go:23] Could not load config from \"c:\\\\Users\\\\DELL\\\\employee-manager\\\\dataconnect\": could not find dataconnect.yaml in `c:\\Users\\DELL\\employee-manager\\dataconnect`\n"}}
[debug] [2025-05-08T09:19:05.567Z] E0508 14:49:05.566837   22852 load.go:23] Could not load config from "c:\\Users\\DELL\\employee-manager\\dataconnect": could not find dataconnect.yaml in `c:\Users\DELL\employee-manager\dataconnect`
 {"metadata":{"emulator":{"name":"dataconnect"},"message":"E0508 14:49:05.566837   22852 load.go:23] Could not load config from \"c:\\\\Users\\\\DELL\\\\employee-manager\\\\dataconnect\": could not find dataconnect.yaml in `c:\\Users\\DELL\\employee-manager\\dataconnect`\n"}}
[debug] [2025-05-08T09:19:15.565Z] E0508 14:49:15.562065   22852 load.go:23] Could not load config from "c:\\Users\\DELL\\employee-manager\\dataconnect": could not find dataconnect.yaml in `c:\Users\DELL\employee-manager\dataconnect`
 {"metadata":{"emulator":{"name":"dataconnect"},"message":"E0508 14:49:15.562065   22852 load.go:23] Could not load config from \"c:\\\\Users\\\\DELL\\\\employee-manager\\\\dataconnect\": could not find dataconnect.yaml in `c:\\Users\\DELL\\employee-manager\\dataconnect`\n"}}
[debug] [2025-05-08T09:19:25.564Z] E0508 14:49:25.563717   22852 load.go:23] Could not load config from "c:\\Users\\DELL\\employee-manager\\dataconnect": could not find dataconnect.yaml in `c:\Users\DELL\employee-manager\dataconnect`
 {"metadata":{"emulator":{"name":"dataconnect"},"message":"E0508 14:49:25.563717   22852 load.go:23] Could not load config from \"c:\\\\Users\\\\DELL\\\\employee-manager\\\\dataconnect\": could not find dataconnect.yaml in `c:\\Users\\DELL\\employee-manager\\dataconnect`\n"}}
[debug] [2025-05-08T09:19:35.563Z] E0508 14:49:35.563154   22852 load.go:23] Could not load config from "c:\\Users\\DELL\\employee-manager\\dataconnect": could not find dataconnect.yaml in `c:\Users\DELL\employee-manager\dataconnect`
 {"metadata":{"emulator":{"name":"dataconnect"},"message":"E0508 14:49:35.563154   22852 load.go:23] Could not load config from \"c:\\\\Users\\\\DELL\\\\employee-manager\\\\dataconnect\": could not find dataconnect.yaml in `c:\\Users\\DELL\\employee-manager\\dataconnect`\n"}}
[debug] [2025-05-08T09:19:45.560Z] E0508 14:49:45.560315   22852 load.go:23] Could not load config from "c:\\Users\\DELL\\employee-manager\\dataconnect": could not find dataconnect.yaml in `c:\Users\DELL\employee-manager\dataconnect`
 {"metadata":{"emulator":{"name":"dataconnect"},"message":"E0508 14:49:45.560315   22852 load.go:23] Could not load config from \"c:\\\\Users\\\\DELL\\\\employee-manager\\\\dataconnect\": could not find dataconnect.yaml in `c:\\Users\\DELL\\employee-manager\\dataconnect`\n"}}
[debug] [2025-05-08T09:19:55.557Z] E0508 14:49:55.556881   22852 load.go:23] Could not load config from "c:\\Users\\DELL\\employee-manager\\dataconnect": could not find dataconnect.yaml in `c:\Users\DELL\employee-manager\dataconnect`
 {"metadata":{"emulator":{"name":"dataconnect"},"message":"E0508 14:49:55.556881   22852 load.go:23] Could not load config from \"c:\\\\Users\\\\DELL\\\\employee-manager\\\\dataconnect\": could not find dataconnect.yaml in `c:\\Users\\DELL\\employee-manager\\dataconnect`\n"}}
[debug] [2025-05-08T09:20:05.570Z] E0508 14:50:05.570362   22852 load.go:23] Could not load config from "c:\\Users\\DELL\\employee-manager\\dataconnect": could not find dataconnect.yaml in `c:\Users\DELL\employee-manager\dataconnect`
 {"metadata":{"emulator":{"name":"dataconnect"},"message":"E0508 14:50:05.570362   22852 load.go:23] Could not load config from \"c:\\\\Users\\\\DELL\\\\employee-manager\\\\dataconnect\": could not find dataconnect.yaml in `c:\\Users\\DELL\\employee-manager\\dataconnect`\n"}}
[debug] [2025-05-08T09:20:05.572Z] E0508 14:50:05.570362   22852 watch.go:76] watchAllDir unable to walk dir `c:\Users\DELL\employee-manager\dataconnect`: on path "c:\\Users\\DELL\\employee-manager\\dataconnect" (DirEntry: <nil>): CreateFile c:\Users\DELL\employee-manager\dataconnect: The system cannot find the file specified.
 {"metadata":{"emulator":{"name":"dataconnect"},"message":"E0508 14:50:05.570362   22852 watch.go:76] watchAllDir unable to walk dir `c:\\Users\\DELL\\employee-manager\\dataconnect`: on path \"c:\\\\Users\\\\DELL\\\\employee-manager\\\\dataconnect\" (DirEntry: <nil>): CreateFile c:\\Users\\DELL\\employee-manager\\dataconnect: The system cannot find the file specified.\n"}}
[debug] [2025-05-08T09:20:15.564Z] E0508 14:50:15.563574   22852 load.go:23] Could not load config from "c:\\Users\\DELL\\employee-manager\\dataconnect": could not find dataconnect.yaml in `c:\Users\DELL\employee-manager\dataconnect`
 {"metadata":{"emulator":{"name":"dataconnect"},"message":"E0508 14:50:15.563574   22852 load.go:23] Could not load config from \"c:\\\\Users\\\\DELL\\\\employee-manager\\\\dataconnect\": could not find dataconnect.yaml in `c:\\Users\\DELL\\employee-manager\\dataconnect`\n"}}
[debug] [2025-05-08T09:20:25.569Z] E0508 14:50:25.569244   22852 load.go:23] Could not load config from "c:\\Users\\DELL\\employee-manager\\dataconnect": could not find dataconnect.yaml in `c:\Users\DELL\employee-manager\dataconnect`
 {"metadata":{"emulator":{"name":"dataconnect"},"message":"E0508 14:50:25.569244   22852 load.go:23] Could not load config from \"c:\\\\Users\\\\DELL\\\\employee-manager\\\\dataconnect\": could not find dataconnect.yaml in `c:\\Users\\DELL\\employee-manager\\dataconnect`\n"}}
[debug] [2025-05-08T09:20:35.560Z] E0508 14:50:35.560090   22852 load.go:23] Could not load config from "c:\\Users\\DELL\\employee-manager\\dataconnect": could not find dataconnect.yaml in `c:\Users\DELL\employee-manager\dataconnect`
 {"metadata":{"emulator":{"name":"dataconnect"},"message":"E0508 14:50:35.560090   22852 load.go:23] Could not load config from \"c:\\\\Users\\\\DELL\\\\employee-manager\\\\dataconnect\": could not find dataconnect.yaml in `c:\\Users\\DELL\\employee-manager\\dataconnect`\n"}}
[debug] [2025-05-08T09:20:45.558Z] E0508 14:50:45.557703   22852 load.go:23] Could not load config from "c:\\Users\\DELL\\employee-manager\\dataconnect": could not find dataconnect.yaml in `c:\Users\DELL\employee-manager\dataconnect`
 {"metadata":{"emulator":{"name":"dataconnect"},"message":"E0508 14:50:45.557703   22852 load.go:23] Could not load config from \"c:\\\\Users\\\\DELL\\\\employee-manager\\\\dataconnect\": could not find dataconnect.yaml in `c:\\Users\\DELL\\employee-manager\\dataconnect`\n"}}
[debug] [2025-05-08T09:20:55.562Z] E0508 14:50:55.562360   22852 load.go:23] Could not load config from "c:\\Users\\DELL\\employee-manager\\dataconnect": could not find dataconnect.yaml in `c:\Users\DELL\employee-manager\dataconnect`
 {"metadata":{"emulator":{"name":"dataconnect"},"message":"E0508 14:50:55.562360   22852 load.go:23] Could not load config from \"c:\\\\Users\\\\DELL\\\\employee-manager\\\\dataconnect\": could not find dataconnect.yaml in `c:\\Users\\DELL\\employee-manager\\dataconnect`\n"}}
[debug] [2025-05-08T09:21:05.563Z] E0508 14:51:05.563061   22852 load.go:23] Could not load config from "c:\\Users\\DELL\\employee-manager\\dataconnect": could not find dataconnect.yaml in `c:\Users\DELL\employee-manager\dataconnect`
 {"metadata":{"emulator":{"name":"dataconnect"},"message":"E0508 14:51:05.563061   22852 load.go:23] Could not load config from \"c:\\\\Users\\\\DELL\\\\employee-manager\\\\dataconnect\": could not find dataconnect.yaml in `c:\\Users\\DELL\\employee-manager\\dataconnect`\n"}}
[debug] [2025-05-08T09:21:15.567Z] E0508 14:51:15.567750   22852 load.go:23] Could not load config from "c:\\Users\\DELL\\employee-manager\\dataconnect": could not find dataconnect.yaml in `c:\Users\DELL\employee-manager\dataconnect`
 {"metadata":{"emulator":{"name":"dataconnect"},"message":"E0508 14:51:15.567750   22852 load.go:23] Could not load config from \"c:\\\\Users\\\\DELL\\\\employee-manager\\\\dataconnect\": could not find dataconnect.yaml in `c:\\Users\\DELL\\employee-manager\\dataconnect`\n"}}
[debug] [2025-05-08T09:21:25.571Z] E0508 14:51:25.571382   22852 load.go:23] Could not load config from "c:\\Users\\DELL\\employee-manager\\dataconnect": could not find dataconnect.yaml in `c:\Users\DELL\employee-manager\dataconnect`
 {"metadata":{"emulator":{"name":"dataconnect"},"message":"E0508 14:51:25.571382   22852 load.go:23] Could not load config from \"c:\\\\Users\\\\DELL\\\\employee-manager\\\\dataconnect\": could not find dataconnect.yaml in `c:\\Users\\DELL\\employee-manager\\dataconnect`\n"}}
[debug] [2025-05-08T09:21:35.562Z] E0508 14:51:35.562145   22852 load.go:23] Could not load config from "c:\\Users\\DELL\\employee-manager\\dataconnect": could not find dataconnect.yaml in `c:\Users\DELL\employee-manager\dataconnect`
 {"metadata":{"emulator":{"name":"dataconnect"},"message":"E0508 14:51:35.562145   22852 load.go:23] Could not load config from \"c:\\\\Users\\\\DELL\\\\employee-manager\\\\dataconnect\": could not find dataconnect.yaml in `c:\\Users\\DELL\\employee-manager\\dataconnect`\n"}}
[debug] [2025-05-08T09:21:45.572Z] E0508 14:51:45.571784   22852 load.go:23] Could not load config from "c:\\Users\\DELL\\employee-manager\\dataconnect": could not find dataconnect.yaml in `c:\Users\DELL\employee-manager\dataconnect`
 {"metadata":{"emulator":{"name":"dataconnect"},"message":"E0508 14:51:45.571784   22852 load.go:23] Could not load config from \"c:\\\\Users\\\\DELL\\\\employee-manager\\\\dataconnect\": could not find dataconnect.yaml in `c:\\Users\\DELL\\employee-manager\\dataconnect`\n"}}
[debug] [2025-05-08T09:21:55.567Z] E0508 14:51:55.566382   22852 load.go:23] Could not load config from "c:\\Users\\DELL\\employee-manager\\dataconnect": could not find dataconnect.yaml in `c:\Users\DELL\employee-manager\dataconnect`
 {"metadata":{"emulator":{"name":"dataconnect"},"message":"E0508 14:51:55.566382   22852 load.go:23] Could not load config from \"c:\\\\Users\\\\DELL\\\\employee-manager\\\\dataconnect\": could not find dataconnect.yaml in `c:\\Users\\DELL\\employee-manager\\dataconnect`\n"}}
[debug] [2025-05-08T09:22:05.565Z] E0508 14:52:05.565751   22852 load.go:23] Could not load config from "c:\\Users\\DELL\\employee-manager\\dataconnect": could not find dataconnect.yaml in `c:\Users\DELL\employee-manager\dataconnect`
E0508 14:52:05.565751   22852 watch.go:76] watchAllDir unable to walk dir `c:\Users\DELL\employee-manager\dataconnect`: on path "c:\\Users\\DELL\\employee-manager\\dataconnect" (DirEntry: <nil>): CreateFile c:\Users\DELL\employee-manager\dataconnect: The system cannot find the file specified.
 {"metadata":{"emulator":{"name":"dataconnect"},"message":"E0508 14:52:05.565751   22852 load.go:23] Could not load config from \"c:\\\\Users\\\\DELL\\\\employee-manager\\\\dataconnect\": could not find dataconnect.yaml in `c:\\Users\\DELL\\employee-manager\\dataconnect`\nE0508 14:52:05.565751   22852 watch.go:76] watchAllDir unable to walk dir `c:\\Users\\DELL\\employee-manager\\dataconnect`: on path \"c:\\\\Users\\\\DELL\\\\employee-manager\\\\dataconnect\" (DirEntry: <nil>): CreateFile c:\\Users\\DELL\\employee-manager\\dataconnect: The system cannot find the file specified.\n"}}
[debug] [2025-05-08T09:22:15.565Z] E0508 14:52:15.565266   22852 load.go:23] Could not load config from "c:\\Users\\DELL\\employee-manager\\dataconnect": could not find dataconnect.yaml in `c:\Users\DELL\employee-manager\dataconnect`
 {"metadata":{"emulator":{"name":"dataconnect"},"message":"E0508 14:52:15.565266   22852 load.go:23] Could not load config from \"c:\\\\Users\\\\DELL\\\\employee-manager\\\\dataconnect\": could not find dataconnect.yaml in `c:\\Users\\DELL\\employee-manager\\dataconnect`\n"}}
[debug] [2025-05-08T09:22:25.557Z] E0508 14:52:25.558336   22852 load.go:23] Could not load config from "c:\\Users\\DELL\\employee-manager\\dataconnect": could not find dataconnect.yaml in `c:\Users\DELL\employee-manager\dataconnect`
 {"metadata":{"emulator":{"name":"dataconnect"},"message":"E0508 14:52:25.558336   22852 load.go:23] Could not load config from \"c:\\\\Users\\\\DELL\\\\employee-manager\\\\dataconnect\": could not find dataconnect.yaml in `c:\\Users\\DELL\\employee-manager\\dataconnect`\n"}}
[debug] [2025-05-08T09:22:35.568Z] E0508 14:52:35.569398   22852 load.go:23] Could not load config from "c:\\Users\\DELL\\employee-manager\\dataconnect": could not find dataconnect.yaml in `c:\Users\DELL\employee-manager\dataconnect`
 {"metadata":{"emulator":{"name":"dataconnect"},"message":"E0508 14:52:35.569398   22852 load.go:23] Could not load config from \"c:\\\\Users\\\\DELL\\\\employee-manager\\\\dataconnect\": could not find dataconnect.yaml in `c:\\Users\\DELL\\employee-manager\\dataconnect`\n"}}
[debug] [2025-05-08T09:22:45.562Z] E0508 14:52:45.563199   22852 load.go:23] Could not load config from "c:\\Users\\DELL\\employee-manager\\dataconnect": could not find dataconnect.yaml in `c:\Users\DELL\employee-manager\dataconnect`
 {"metadata":{"emulator":{"name":"dataconnect"},"message":"E0508 14:52:45.563199   22852 load.go:23] Could not load config from \"c:\\\\Users\\\\DELL\\\\employee-manager\\\\dataconnect\": could not find dataconnect.yaml in `c:\\Users\\DELL\\employee-manager\\dataconnect`\n"}}
[debug] [2025-05-08T09:22:55.563Z] E0508 14:52:55.563998   22852 load.go:23] Could not load config from "c:\\Users\\DELL\\employee-manager\\dataconnect": could not find dataconnect.yaml in `c:\Users\DELL\employee-manager\dataconnect`
 {"metadata":{"emulator":{"name":"dataconnect"},"message":"E0508 14:52:55.563998   22852 load.go:23] Could not load config from \"c:\\\\Users\\\\DELL\\\\employee-manager\\\\dataconnect\": could not find dataconnect.yaml in `c:\\Users\\DELL\\employee-manager\\dataconnect`\n"}}
[debug] [2025-05-08T09:23:05.557Z] E0508 14:53:05.557944   22852 load.go:23] Could not load config from "c:\\Users\\DELL\\employee-manager\\dataconnect": could not find dataconnect.yaml in `c:\Users\DELL\employee-manager\dataconnect`
 {"metadata":{"emulator":{"name":"dataconnect"},"message":"E0508 14:53:05.557944   22852 load.go:23] Could not load config from \"c:\\\\Users\\\\DELL\\\\employee-manager\\\\dataconnect\": could not find dataconnect.yaml in `c:\\Users\\DELL\\employee-manager\\dataconnect`\n"}}
[debug] [2025-05-08T09:23:15.567Z] E0508 14:53:15.568458   22852 load.go:23] Could not load config from "c:\\Users\\DELL\\employee-manager\\dataconnect": could not find dataconnect.yaml in `c:\Users\DELL\employee-manager\dataconnect`
 {"metadata":{"emulator":{"name":"dataconnect"},"message":"E0508 14:53:15.568458   22852 load.go:23] Could not load config from \"c:\\\\Users\\\\DELL\\\\employee-manager\\\\dataconnect\": could not find dataconnect.yaml in `c:\\Users\\DELL\\employee-manager\\dataconnect`\n"}}
[debug] [2025-05-08T09:23:25.556Z] E0508 14:53:25.557018   22852 load.go:23] Could not load config from "c:\\Users\\DELL\\employee-manager\\dataconnect": could not find dataconnect.yaml in `c:\Users\DELL\employee-manager\dataconnect`
 {"metadata":{"emulator":{"name":"dataconnect"},"message":"E0508 14:53:25.557018   22852 load.go:23] Could not load config from \"c:\\\\Users\\\\DELL\\\\employee-manager\\\\dataconnect\": could not find dataconnect.yaml in `c:\\Users\\DELL\\employee-manager\\dataconnect`\n"}}
[debug] [2025-05-08T09:23:35.566Z] E0508 14:53:35.567175   22852 load.go:23] Could not load config from "c:\\Users\\DELL\\employee-manager\\dataconnect": could not find dataconnect.yaml in `c:\Users\DELL\employee-manager\dataconnect`
 {"metadata":{"emulator":{"name":"dataconnect"},"message":"E0508 14:53:35.567175   22852 load.go:23] Could not load config from \"c:\\\\Users\\\\DELL\\\\employee-manager\\\\dataconnect\": could not find dataconnect.yaml in `c:\\Users\\DELL\\employee-manager\\dataconnect`\n"}}
[debug] [2025-05-08T09:23:45.566Z] E0508 14:53:45.567714   22852 load.go:23] Could not load config from "c:\\Users\\DELL\\employee-manager\\dataconnect": could not find dataconnect.yaml in `c:\Users\DELL\employee-manager\dataconnect`
 {"metadata":{"emulator":{"name":"dataconnect"},"message":"E0508 14:53:45.567714   22852 load.go:23] Could not load config from \"c:\\\\Users\\\\DELL\\\\employee-manager\\\\dataconnect\": could not find dataconnect.yaml in `c:\\Users\\DELL\\employee-manager\\dataconnect`\n"}}
[debug] [2025-05-08T09:23:55.563Z] E0508 14:53:55.562750   22852 load.go:23] Could not load config from "c:\\Users\\DELL\\employee-manager\\dataconnect": could not find dataconnect.yaml in `c:\Users\DELL\employee-manager\dataconnect`
 {"metadata":{"emulator":{"name":"dataconnect"},"message":"E0508 14:53:55.562750   22852 load.go:23] Could not load config from \"c:\\\\Users\\\\DELL\\\\employee-manager\\\\dataconnect\": could not find dataconnect.yaml in `c:\\Users\\DELL\\employee-manager\\dataconnect`\n"}}
[debug] [2025-05-08T09:24:05.564Z] E0508 14:54:05.564675   22852 load.go:23] Could not load config from "c:\\Users\\DELL\\employee-manager\\dataconnect": could not find dataconnect.yaml in `c:\Users\DELL\employee-manager\dataconnect`
 {"metadata":{"emulator":{"name":"dataconnect"},"message":"E0508 14:54:05.564675   22852 load.go:23] Could not load config from \"c:\\\\Users\\\\DELL\\\\employee-manager\\\\dataconnect\": could not find dataconnect.yaml in `c:\\Users\\DELL\\employee-manager\\dataconnect`\n"}}
[debug] [2025-05-08T09:24:05.565Z] E0508 14:54:05.565296   22852 watch.go:76] watchAllDir unable to walk dir `c:\Users\DELL\employee-manager\dataconnect`: on path "c:\\Users\\DELL\\employee-manager\\dataconnect" (DirEntry: <nil>): CreateFile c:\Users\DELL\employee-manager\dataconnect: The system cannot find the file specified.
 {"metadata":{"emulator":{"name":"dataconnect"},"message":"E0508 14:54:05.565296   22852 watch.go:76] watchAllDir unable to walk dir `c:\\Users\\DELL\\employee-manager\\dataconnect`: on path \"c:\\\\Users\\\\DELL\\\\employee-manager\\\\dataconnect\" (DirEntry: <nil>): CreateFile c:\\Users\\DELL\\employee-manager\\dataconnect: The system cannot find the file specified.\n"}}
[debug] [2025-05-08T09:24:15.558Z] E0508 14:54:15.559642   22852 load.go:23] Could not load config from "c:\\Users\\DELL\\employee-manager\\dataconnect": could not find dataconnect.yaml in `c:\Users\DELL\employee-manager\dataconnect`
 {"metadata":{"emulator":{"name":"dataconnect"},"message":"E0508 14:54:15.559642   22852 load.go:23] Could not load config from \"c:\\\\Users\\\\DELL\\\\employee-manager\\\\dataconnect\": could not find dataconnect.yaml in `c:\\Users\\DELL\\employee-manager\\dataconnect`\n"}}
[debug] [2025-05-08T09:24:25.571Z] E0508 14:54:25.571200   22852 load.go:23] Could not load config from "c:\\Users\\DELL\\employee-manager\\dataconnect": could not find dataconnect.yaml in `c:\Users\DELL\employee-manager\dataconnect`
 {"metadata":{"emulator":{"name":"dataconnect"},"message":"E0508 14:54:25.571200   22852 load.go:23] Could not load config from \"c:\\\\Users\\\\DELL\\\\employee-manager\\\\dataconnect\": could not find dataconnect.yaml in `c:\\Users\\DELL\\employee-manager\\dataconnect`\n"}}
[info] [Firebase Plugin] Stopping Data Connect toolkit
[warn] !  Data Connect Emulator has exited upon receiving signal: SIGKILL 
[debug] [2025-05-08T09:26:04.349Z] [Firebase Plugin] Activating Firebase extension.
[debug] [2025-05-08T09:26:18.310Z] [Firebase Plugin] requireAuthWrapper
[debug] [2025-05-08T09:26:18.316Z] > command requires scopes: ["email","openid","https://www.googleapis.com/auth/cloudplatformprojects.readonly","https://www.googleapis.com/auth/firebase","https://www.googleapis.com/auth/cloud-platform"]
[debug] [2025-05-08T09:26:18.317Z] > authorizing via signed-in user (rishiraj34453@gmail.com)
[debug] [2025-05-08T09:26:18.324Z] Checked if tokens are valid: false, expires at: 1746687367432
[debug] [2025-05-08T09:26:18.325Z] Checked if tokens are valid: false, expires at: 1746687367432
[debug] [2025-05-08T09:26:18.326Z] > refreshing access token with scopes: []
[debug] [2025-05-08T09:26:18.329Z] >>> [apiv2][query] POST https://www.googleapis.com/oauth2/v3/token [none]
[debug] [2025-05-08T09:26:18.330Z] >>> [apiv2][body] POST https://www.googleapis.com/oauth2/v3/token [omitted]
[debug] [2025-05-08T09:26:18.350Z] [Firebase Plugin] VSCode notification server listening on port 40001
[info] [Firebase Plugin] Starting Data Connect toolkit (version 2.3.1) on port 50001
[debug] [2025-05-08T09:26:22.920Z] 'fdc build' failed with error: Unable to build your Data Connect schema and connectors (exit code 1): E0508 14:56:22.901308   10404 cmd.go:43] Error loading data connect config: could not find dataconnect.yaml in `c:\Users\DELL\employee-manager\dataconnect`
 {"metadata":{"emulator":{"name":"dataconnect"},"message":"'fdc build' failed with error: Unable to build your Data Connect schema and connectors (exit code 1): E0508 14:56:22.901308   10404 cmd.go:43] Error loading data connect config: could not find dataconnect.yaml in `c:\\Users\\DELL\\employee-manager\\dataconnect`\n"}}
[debug] [2025-05-08T09:26:22.923Z] Ignoring unsupported arg: auto_download {"metadata":{"emulator":{"name":"dataconnect"},"message":"Ignoring unsupported arg: auto_download"}}
[debug] [2025-05-08T09:26:22.924Z] Ignoring unsupported arg: port {"metadata":{"emulator":{"name":"dataconnect"},"message":"Ignoring unsupported arg: port"}}
[debug] [2025-05-08T09:26:22.925Z] Starting Data Connect Emulator with command {"binary":"C:\\Users\\DELL\\.cache\\firebase\\emulators\\dataconnect-emulator-2.3.1.exe","args":["--logtostderr","-v=2","dev","--listen=localhost:50001","--config_dir=c:\\Users\\DELL\\employee-manager\\dataconnect","--enable_output_schema_extensions=true","--enable_output_generated_sdk=true"],"optionalArgs":["listen","config_dir","enable_output_schema_extensions","enable_output_generated_sdk"],"joinArgs":true,"shell":false,"port":9399} {"metadata":{"emulator":{"name":"dataconnect"},"message":"Starting Data Connect Emulator with command {\"binary\":\"C:\\\\Users\\\\DELL\\\\.cache\\\\firebase\\\\emulators\\\\dataconnect-emulator-2.3.1.exe\",\"args\":[\"--logtostderr\",\"-v=2\",\"dev\",\"--listen=localhost:50001\",\"--config_dir=c:\\\\Users\\\\DELL\\\\employee-manager\\\\dataconnect\",\"--enable_output_schema_extensions=true\",\"--enable_output_generated_sdk=true\"],\"optionalArgs\":[\"listen\",\"config_dir\",\"enable_output_schema_extensions\",\"enable_output_generated_sdk\"],\"joinArgs\":true,\"shell\":false,\"port\":9399}"}}
[info] i  dataconnect: Data Connect Emulator logging to dataconnect-debug.log {"metadata":{"emulator":{"name":"dataconnect"},"message":"Data Connect Emulator logging to \u001b[1mdataconnect-debug.log\u001b[22m"}}
[debug] [2025-05-08T09:26:23.029Z] E0508 14:56:23.022448   14524 load.go:23] Could not load config from "c:\\Users\\DELL\\employee-manager\\dataconnect": could not find dataconnect.yaml in `c:\Users\DELL\employee-manager\dataconnect`
 {"metadata":{"emulator":{"name":"dataconnect"},"message":"E0508 14:56:23.022448   14524 load.go:23] Could not load config from \"c:\\\\Users\\\\DELL\\\\employee-manager\\\\dataconnect\": could not find dataconnect.yaml in `c:\\Users\\DELL\\employee-manager\\dataconnect`\n"}}
[debug] [2025-05-08T09:26:23.031Z] E0508 14:56:23.022448   14524 watch.go:76] watchAllDir unable to walk dir `c:\Users\DELL\employee-manager\dataconnect`: on path "c:\\Users\\DELL\\employee-manager\\dataconnect" (DirEntry: <nil>): CreateFile c:\Users\DELL\employee-manager\dataconnect: The system cannot find the file specified.
 {"metadata":{"emulator":{"name":"dataconnect"},"message":"E0508 14:56:23.022448   14524 watch.go:76] watchAllDir unable to walk dir `c:\\Users\\DELL\\employee-manager\\dataconnect`: on path \"c:\\\\Users\\\\DELL\\\\employee-manager\\\\dataconnect\" (DirEntry: <nil>): CreateFile c:\\Users\\DELL\\employee-manager\\dataconnect: The system cannot find the file specified.\n"}}
[debug] [2025-05-08T09:26:23.061Z] I0508 14:56:23.061334   14524 dev.go:95] Listening on address (HTTP + gRPC): 127.0.0.1:50001
 {"metadata":{"emulator":{"name":"dataconnect"},"message":"I0508 14:56:23.061334   14524 dev.go:95] Listening on address (HTTP + gRPC): 127.0.0.1:50001\n"}}
[debug] [2025-05-08T09:26:23.107Z] <<< [apiv2][status] POST https://www.googleapis.com/oauth2/v3/token 200
[debug] [2025-05-08T09:26:23.108Z] <<< [apiv2][body] POST https://www.googleapis.com/oauth2/v3/token [omitted]
[debug] [2025-05-08T09:26:23.162Z] [Firebase Plugin] User found:  rishiraj34453@gmail.com
[info] [Firebase Plugin] (Core:Project) New user detected, fetching projects
[debug] [2025-05-08T09:26:23.165Z] Checked if tokens are valid: true, expires at: 1746699982109
[debug] [2025-05-08T09:26:23.168Z] >>> [apiv2][query] GET https://firebase.googleapis.com/v1beta1/projects pageSize=1000
[error] [Firebase Plugin] error:  {}
[debug] [2025-05-08T09:26:24.013Z] <<< [apiv2][status] GET https://firebase.googleapis.com/v1beta1/projects 200
[debug] [2025-05-08T09:26:24.014Z] <<< [apiv2][body] GET https://firebase.googleapis.com/v1beta1/projects [omitted]
[debug] [2025-05-08T09:26:33.023Z] E0508 14:56:33.024298   14524 load.go:23] Could not load config from "c:\\Users\\DELL\\employee-manager\\dataconnect": could not find dataconnect.yaml in `c:\Users\DELL\employee-manager\dataconnect`
 {"metadata":{"emulator":{"name":"dataconnect"},"message":"E0508 14:56:33.024298   14524 load.go:23] Could not load config from \"c:\\\\Users\\\\DELL\\\\employee-manager\\\\dataconnect\": could not find dataconnect.yaml in `c:\\Users\\DELL\\employee-manager\\dataconnect`\n"}}
[debug] [2025-05-08T09:26:43.023Z] E0508 14:56:43.024178   14524 load.go:23] Could not load config from "c:\\Users\\DELL\\employee-manager\\dataconnect": could not find dataconnect.yaml in `c:\Users\DELL\employee-manager\dataconnect`
 {"metadata":{"emulator":{"name":"dataconnect"},"message":"E0508 14:56:43.024178   14524 load.go:23] Could not load config from \"c:\\\\Users\\\\DELL\\\\employee-manager\\\\dataconnect\": could not find dataconnect.yaml in `c:\\Users\\DELL\\employee-manager\\dataconnect`\n"}}
[debug] [2025-05-08T09:26:53.024Z] E0508 14:56:53.028321   14524 load.go:23] Could not load config from "c:\\Users\\DELL\\employee-manager\\dataconnect": could not find dataconnect.yaml in `c:\Users\DELL\employee-manager\dataconnect`
 {"metadata":{"emulator":{"name":"dataconnect"},"message":"E0508 14:56:53.028321   14524 load.go:23] Could not load config from \"c:\\\\Users\\\\DELL\\\\employee-manager\\\\dataconnect\": could not find dataconnect.yaml in `c:\\Users\\DELL\\employee-manager\\dataconnect`\n"}}
[debug] [2025-05-08T09:27:03.024Z] E0508 14:57:03.029805   14524 load.go:23] Could not load config from "c:\\Users\\DELL\\employee-manager\\dataconnect": could not find dataconnect.yaml in `c:\Users\DELL\employee-manager\dataconnect`
 {"metadata":{"emulator":{"name":"dataconnect"},"message":"E0508 14:57:03.029805   14524 load.go:23] Could not load config from \"c:\\\\Users\\\\DELL\\\\employee-manager\\\\dataconnect\": could not find dataconnect.yaml in `c:\\Users\\DELL\\employee-manager\\dataconnect`\n"}}
[debug] [2025-05-08T09:27:13.028Z] E0508 14:57:13.033461   14524 load.go:23] Could not load config from "c:\\Users\\DELL\\employee-manager\\dataconnect": could not find dataconnect.yaml in `c:\Users\DELL\employee-manager\dataconnect`
 {"metadata":{"emulator":{"name":"dataconnect"},"message":"E0508 14:57:13.033461   14524 load.go:23] Could not load config from \"c:\\\\Users\\\\DELL\\\\employee-manager\\\\dataconnect\": could not find dataconnect.yaml in `c:\\Users\\DELL\\employee-manager\\dataconnect`\n"}}
[debug] [2025-05-08T09:27:23.022Z] E0508 14:57:23.026543   14524 load.go:23] Could not load config from "c:\\Users\\DELL\\employee-manager\\dataconnect": could not find dataconnect.yaml in `c:\Users\DELL\employee-manager\dataconnect`
 {"metadata":{"emulator":{"name":"dataconnect"},"message":"E0508 14:57:23.026543   14524 load.go:23] Could not load config from \"c:\\\\Users\\\\DELL\\\\employee-manager\\\\dataconnect\": could not find dataconnect.yaml in `c:\\Users\\DELL\\employee-manager\\dataconnect`\n"}}
[debug] [2025-05-08T09:27:33.031Z] E0508 14:57:33.035575   14524 load.go:23] Could not load config from "c:\\Users\\DELL\\employee-manager\\dataconnect": could not find dataconnect.yaml in `c:\Users\DELL\employee-manager\dataconnect`
 {"metadata":{"emulator":{"name":"dataconnect"},"message":"E0508 14:57:33.035575   14524 load.go:23] Could not load config from \"c:\\\\Users\\\\DELL\\\\employee-manager\\\\dataconnect\": could not find dataconnect.yaml in `c:\\Users\\DELL\\employee-manager\\dataconnect`\n"}}
[debug] [2025-05-08T09:27:43.025Z] E0508 14:57:43.030965   14524 load.go:23] Could not load config from "c:\\Users\\DELL\\employee-manager\\dataconnect": could not find dataconnect.yaml in `c:\Users\DELL\employee-manager\dataconnect`
 {"metadata":{"emulator":{"name":"dataconnect"},"message":"E0508 14:57:43.030965   14524 load.go:23] Could not load config from \"c:\\\\Users\\\\DELL\\\\employee-manager\\\\dataconnect\": could not find dataconnect.yaml in `c:\\Users\\DELL\\employee-manager\\dataconnect`\n"}}
[debug] [2025-05-08T09:27:53.030Z] E0508 14:57:53.030118   14524 load.go:23] Could not load config from "c:\\Users\\DELL\\employee-manager\\dataconnect": could not find dataconnect.yaml in `c:\Users\DELL\employee-manager\dataconnect`
 {"metadata":{"emulator":{"name":"dataconnect"},"message":"E0508 14:57:53.030118   14524 load.go:23] Could not load config from \"c:\\\\Users\\\\DELL\\\\employee-manager\\\\dataconnect\": could not find dataconnect.yaml in `c:\\Users\\DELL\\employee-manager\\dataconnect`\n"}}
[debug] [2025-05-08T09:28:03.025Z] E0508 14:58:03.025258   14524 load.go:23] Could not load config from "c:\\Users\\DELL\\employee-manager\\dataconnect": could not find dataconnect.yaml in `c:\Users\DELL\employee-manager\dataconnect`
 {"metadata":{"emulator":{"name":"dataconnect"},"message":"E0508 14:58:03.025258   14524 load.go:23] Could not load config from \"c:\\\\Users\\\\DELL\\\\employee-manager\\\\dataconnect\": could not find dataconnect.yaml in `c:\\Users\\DELL\\employee-manager\\dataconnect`\n"}}
[debug] [2025-05-08T09:28:13.026Z] E0508 14:58:13.026216   14524 load.go:23] Could not load config from "c:\\Users\\DELL\\employee-manager\\dataconnect": could not find dataconnect.yaml in `c:\Users\DELL\employee-manager\dataconnect`
 {"metadata":{"emulator":{"name":"dataconnect"},"message":"E0508 14:58:13.026216   14524 load.go:23] Could not load config from \"c:\\\\Users\\\\DELL\\\\employee-manager\\\\dataconnect\": could not find dataconnect.yaml in `c:\\Users\\DELL\\employee-manager\\dataconnect`\n"}}
[debug] [2025-05-08T09:28:23.035Z] E0508 14:58:23.035435   14524 load.go:23] Could not load config from "c:\\Users\\DELL\\employee-manager\\dataconnect": could not find dataconnect.yaml in `c:\Users\DELL\employee-manager\dataconnect`
 {"metadata":{"emulator":{"name":"dataconnect"},"message":"E0508 14:58:23.035435   14524 load.go:23] Could not load config from \"c:\\\\Users\\\\DELL\\\\employee-manager\\\\dataconnect\": could not find dataconnect.yaml in `c:\\Users\\DELL\\employee-manager\\dataconnect`\n"}}
[debug] [2025-05-08T09:28:23.036Z] E0508 14:58:23.035435   14524 watch.go:76] watchAllDir unable to walk dir `c:\Users\DELL\employee-manager\dataconnect`: on path "c:\\Users\\DELL\\employee-manager\\dataconnect" (DirEntry: <nil>): CreateFile c:\Users\DELL\employee-manager\dataconnect: The system cannot find the file specified.
 {"metadata":{"emulator":{"name":"dataconnect"},"message":"E0508 14:58:23.035435   14524 watch.go:76] watchAllDir unable to walk dir `c:\\Users\\DELL\\employee-manager\\dataconnect`: on path \"c:\\\\Users\\\\DELL\\\\employee-manager\\\\dataconnect\" (DirEntry: <nil>): CreateFile c:\\Users\\DELL\\employee-manager\\dataconnect: The system cannot find the file specified.\n"}}
[debug] [2025-05-08T09:28:33.027Z] E0508 14:58:33.026775   14524 load.go:23] Could not load config from "c:\\Users\\DELL\\employee-manager\\dataconnect": could not find dataconnect.yaml in `c:\Users\DELL\employee-manager\dataconnect`
 {"metadata":{"emulator":{"name":"dataconnect"},"message":"E0508 14:58:33.026775   14524 load.go:23] Could not load config from \"c:\\\\Users\\\\DELL\\\\employee-manager\\\\dataconnect\": could not find dataconnect.yaml in `c:\\Users\\DELL\\employee-manager\\dataconnect`\n"}}
[debug] [2025-05-08T09:28:43.033Z] E0508 14:58:43.033301   14524 load.go:23] Could not load config from "c:\\Users\\DELL\\employee-manager\\dataconnect": could not find dataconnect.yaml in `c:\Users\DELL\employee-manager\dataconnect`
 {"metadata":{"emulator":{"name":"dataconnect"},"message":"E0508 14:58:43.033301   14524 load.go:23] Could not load config from \"c:\\\\Users\\\\DELL\\\\employee-manager\\\\dataconnect\": could not find dataconnect.yaml in `c:\\Users\\DELL\\employee-manager\\dataconnect`\n"}}
[debug] [2025-05-08T09:28:53.030Z] E0508 14:58:53.029985   14524 load.go:23] Could not load config from "c:\\Users\\DELL\\employee-manager\\dataconnect": could not find dataconnect.yaml in `c:\Users\DELL\employee-manager\dataconnect`
 {"metadata":{"emulator":{"name":"dataconnect"},"message":"E0508 14:58:53.029985   14524 load.go:23] Could not load config from \"c:\\\\Users\\\\DELL\\\\employee-manager\\\\dataconnect\": could not find dataconnect.yaml in `c:\\Users\\DELL\\employee-manager\\dataconnect`\n"}}
[debug] [2025-05-08T09:29:03.040Z] E0508 14:59:03.039260   14524 load.go:23] Could not load config from "c:\\Users\\DELL\\employee-manager\\dataconnect": could not find dataconnect.yaml in `c:\Users\DELL\employee-manager\dataconnect`
 {"metadata":{"emulator":{"name":"dataconnect"},"message":"E0508 14:59:03.039260   14524 load.go:23] Could not load config from \"c:\\\\Users\\\\DELL\\\\employee-manager\\\\dataconnect\": could not find dataconnect.yaml in `c:\\Users\\DELL\\employee-manager\\dataconnect`\n"}}
[debug] [2025-05-08T09:29:13.034Z] E0508 14:59:13.034056   14524 load.go:23] Could not load config from "c:\\Users\\DELL\\employee-manager\\dataconnect": could not find dataconnect.yaml in `c:\Users\DELL\employee-manager\dataconnect`
 {"metadata":{"emulator":{"name":"dataconnect"},"message":"E0508 14:59:13.034056   14524 load.go:23] Could not load config from \"c:\\\\Users\\\\DELL\\\\employee-manager\\\\dataconnect\": could not find dataconnect.yaml in `c:\\Users\\DELL\\employee-manager\\dataconnect`\n"}}
[debug] [2025-05-08T09:29:23.037Z] E0508 14:59:23.037212   14524 load.go:23] Could not load config from "c:\\Users\\DELL\\employee-manager\\dataconnect": could not find dataconnect.yaml in `c:\Users\DELL\employee-manager\dataconnect`
 {"metadata":{"emulator":{"name":"dataconnect"},"message":"E0508 14:59:23.037212   14524 load.go:23] Could not load config from \"c:\\\\Users\\\\DELL\\\\employee-manager\\\\dataconnect\": could not find dataconnect.yaml in `c:\\Users\\DELL\\employee-manager\\dataconnect`\n"}}
[debug] [2025-05-08T09:29:33.024Z] E0508 14:59:33.024033   14524 load.go:23] Could not load config from "c:\\Users\\DELL\\employee-manager\\dataconnect": could not find dataconnect.yaml in `c:\Users\DELL\employee-manager\dataconnect`
 {"metadata":{"emulator":{"name":"dataconnect"},"message":"E0508 14:59:33.024033   14524 load.go:23] Could not load config from \"c:\\\\Users\\\\DELL\\\\employee-manager\\\\dataconnect\": could not find dataconnect.yaml in `c:\\Users\\DELL\\employee-manager\\dataconnect`\n"}}
[debug] [2025-05-08T09:29:43.028Z] E0508 14:59:43.028586   14524 load.go:23] Could not load config from "c:\\Users\\DELL\\employee-manager\\dataconnect": could not find dataconnect.yaml in `c:\Users\DELL\employee-manager\dataconnect`
 {"metadata":{"emulator":{"name":"dataconnect"},"message":"E0508 14:59:43.028586   14524 load.go:23] Could not load config from \"c:\\\\Users\\\\DELL\\\\employee-manager\\\\dataconnect\": could not find dataconnect.yaml in `c:\\Users\\DELL\\employee-manager\\dataconnect`\n"}}
[debug] [2025-05-08T09:29:53.026Z] E0508 14:59:53.026170   14524 load.go:23] Could not load config from "c:\\Users\\DELL\\employee-manager\\dataconnect": could not find dataconnect.yaml in `c:\Users\DELL\employee-manager\dataconnect`
 {"metadata":{"emulator":{"name":"dataconnect"},"message":"E0508 14:59:53.026170   14524 load.go:23] Could not load config from \"c:\\\\Users\\\\DELL\\\\employee-manager\\\\dataconnect\": could not find dataconnect.yaml in `c:\\Users\\DELL\\employee-manager\\dataconnect`\n"}}
[debug] [2025-05-08T09:30:03.030Z] E0508 15:00:03.030825   14524 load.go:23] Could not load config from "c:\\Users\\DELL\\employee-manager\\dataconnect": could not find dataconnect.yaml in `c:\Users\DELL\employee-manager\dataconnect`
 {"metadata":{"emulator":{"name":"dataconnect"},"message":"E0508 15:00:03.030825   14524 load.go:23] Could not load config from \"c:\\\\Users\\\\DELL\\\\employee-manager\\\\dataconnect\": could not find dataconnect.yaml in `c:\\Users\\DELL\\employee-manager\\dataconnect`\n"}}
[debug] [2025-05-08T09:30:13.025Z] E0508 15:00:13.025194   14524 load.go:23] Could not load config from "c:\\Users\\DELL\\employee-manager\\dataconnect": could not find dataconnect.yaml in `c:\Users\DELL\employee-manager\dataconnect`
 {"metadata":{"emulator":{"name":"dataconnect"},"message":"E0508 15:00:13.025194   14524 load.go:23] Could not load config from \"c:\\\\Users\\\\DELL\\\\employee-manager\\\\dataconnect\": could not find dataconnect.yaml in `c:\\Users\\DELL\\employee-manager\\dataconnect`\n"}}
[debug] [2025-05-08T09:30:23.043Z] E0508 15:00:23.043415   14524 load.go:23] Could not load config from "c:\\Users\\DELL\\employee-manager\\dataconnect": could not find dataconnect.yaml in `c:\Users\DELL\employee-manager\dataconnect`
 {"metadata":{"emulator":{"name":"dataconnect"},"message":"E0508 15:00:23.043415   14524 load.go:23] Could not load config from \"c:\\\\Users\\\\DELL\\\\employee-manager\\\\dataconnect\": could not find dataconnect.yaml in `c:\\Users\\DELL\\employee-manager\\dataconnect`\n"}}
[debug] [2025-05-08T09:30:23.045Z] E0508 15:00:23.043415   14524 watch.go:76] watchAllDir unable to walk dir `c:\Users\DELL\employee-manager\dataconnect`: on path "c:\\Users\\DELL\\employee-manager\\dataconnect" (DirEntry: <nil>): CreateFile c:\Users\DELL\employee-manager\dataconnect: The system cannot find the file specified.
 {"metadata":{"emulator":{"name":"dataconnect"},"message":"E0508 15:00:23.043415   14524 watch.go:76] watchAllDir unable to walk dir `c:\\Users\\DELL\\employee-manager\\dataconnect`: on path \"c:\\\\Users\\\\DELL\\\\employee-manager\\\\dataconnect\" (DirEntry: <nil>): CreateFile c:\\Users\\DELL\\employee-manager\\dataconnect: The system cannot find the file specified.\n"}}
[debug] [2025-05-08T09:30:33.026Z] E0508 15:00:33.025459   14524 load.go:23] Could not load config from "c:\\Users\\DELL\\employee-manager\\dataconnect": could not find dataconnect.yaml in `c:\Users\DELL\employee-manager\dataconnect`
 {"metadata":{"emulator":{"name":"dataconnect"},"message":"E0508 15:00:33.025459   14524 load.go:23] Could not load config from \"c:\\\\Users\\\\DELL\\\\employee-manager\\\\dataconnect\": could not find dataconnect.yaml in `c:\\Users\\DELL\\employee-manager\\dataconnect`\n"}}
[debug] [2025-05-08T09:30:43.026Z] E0508 15:00:43.026221   14524 load.go:23] Could not load config from "c:\\Users\\DELL\\employee-manager\\dataconnect": could not find dataconnect.yaml in `c:\Users\DELL\employee-manager\dataconnect`
 {"metadata":{"emulator":{"name":"dataconnect"},"message":"E0508 15:00:43.026221   14524 load.go:23] Could not load config from \"c:\\\\Users\\\\DELL\\\\employee-manager\\\\dataconnect\": could not find dataconnect.yaml in `c:\\Users\\DELL\\employee-manager\\dataconnect`\n"}}
[debug] [2025-05-08T09:30:53.028Z] E0508 15:00:53.028538   14524 load.go:23] Could not load config from "c:\\Users\\DELL\\employee-manager\\dataconnect": could not find dataconnect.yaml in `c:\Users\DELL\employee-manager\dataconnect`
 {"metadata":{"emulator":{"name":"dataconnect"},"message":"E0508 15:00:53.028538   14524 load.go:23] Could not load config from \"c:\\\\Users\\\\DELL\\\\employee-manager\\\\dataconnect\": could not find dataconnect.yaml in `c:\\Users\\DELL\\employee-manager\\dataconnect`\n"}}
[debug] [2025-05-08T09:31:03.023Z] E0508 15:01:03.023198   14524 load.go:23] Could not load config from "c:\\Users\\DELL\\employee-manager\\dataconnect": could not find dataconnect.yaml in `c:\Users\DELL\employee-manager\dataconnect`
 {"metadata":{"emulator":{"name":"dataconnect"},"message":"E0508 15:01:03.023198   14524 load.go:23] Could not load config from \"c:\\\\Users\\\\DELL\\\\employee-manager\\\\dataconnect\": could not find dataconnect.yaml in `c:\\Users\\DELL\\employee-manager\\dataconnect`\n"}}
[debug] [2025-05-08T09:31:13.024Z] E0508 15:01:13.024687   14524 load.go:23] Could not load config from "c:\\Users\\DELL\\employee-manager\\dataconnect": could not find dataconnect.yaml in `c:\Users\DELL\employee-manager\dataconnect`
 {"metadata":{"emulator":{"name":"dataconnect"},"message":"E0508 15:01:13.024687   14524 load.go:23] Could not load config from \"c:\\\\Users\\\\DELL\\\\employee-manager\\\\dataconnect\": could not find dataconnect.yaml in `c:\\Users\\DELL\\employee-manager\\dataconnect`\n"}}
[debug] [2025-05-08T09:31:23.031Z] E0508 15:01:23.031806   14524 load.go:23] Could not load config from "c:\\Users\\DELL\\employee-manager\\dataconnect": could not find dataconnect.yaml in `c:\Users\DELL\employee-manager\dataconnect`
 {"metadata":{"emulator":{"name":"dataconnect"},"message":"E0508 15:01:23.031806   14524 load.go:23] Could not load config from \"c:\\\\Users\\\\DELL\\\\employee-manager\\\\dataconnect\": could not find dataconnect.yaml in `c:\\Users\\DELL\\employee-manager\\dataconnect`\n"}}
[debug] [2025-05-08T09:31:33.030Z] E0508 15:01:33.030463   14524 load.go:23] Could not load config from "c:\\Users\\DELL\\employee-manager\\dataconnect": could not find dataconnect.yaml in `c:\Users\DELL\employee-manager\dataconnect`
 {"metadata":{"emulator":{"name":"dataconnect"},"message":"E0508 15:01:33.030463   14524 load.go:23] Could not load config from \"c:\\\\Users\\\\DELL\\\\employee-manager\\\\dataconnect\": could not find dataconnect.yaml in `c:\\Users\\DELL\\employee-manager\\dataconnect`\n"}}
[debug] [2025-05-08T09:31:43.023Z] E0508 15:01:43.023749   14524 load.go:23] Could not load config from "c:\\Users\\DELL\\employee-manager\\dataconnect": could not find dataconnect.yaml in `c:\Users\DELL\employee-manager\dataconnect`
 {"metadata":{"emulator":{"name":"dataconnect"},"message":"E0508 15:01:43.023749   14524 load.go:23] Could not load config from \"c:\\\\Users\\\\DELL\\\\employee-manager\\\\dataconnect\": could not find dataconnect.yaml in `c:\\Users\\DELL\\employee-manager\\dataconnect`\n"}}
[debug] [2025-05-08T09:31:53.036Z] E0508 15:01:53.036823   14524 load.go:23] Could not load config from "c:\\Users\\DELL\\employee-manager\\dataconnect": could not find dataconnect.yaml in `c:\Users\DELL\employee-manager\dataconnect`
 {"metadata":{"emulator":{"name":"dataconnect"},"message":"E0508 15:01:53.036823   14524 load.go:23] Could not load config from \"c:\\\\Users\\\\DELL\\\\employee-manager\\\\dataconnect\": could not find dataconnect.yaml in `c:\\Users\\DELL\\employee-manager\\dataconnect`\n"}}
[debug] [2025-05-08T09:32:03.028Z] E0508 15:02:03.028268   14524 load.go:23] Could not load config from "c:\\Users\\DELL\\employee-manager\\dataconnect": could not find dataconnect.yaml in `c:\Users\DELL\employee-manager\dataconnect`
 {"metadata":{"emulator":{"name":"dataconnect"},"message":"E0508 15:02:03.028268   14524 load.go:23] Could not load config from \"c:\\\\Users\\\\DELL\\\\employee-manager\\\\dataconnect\": could not find dataconnect.yaml in `c:\\Users\\DELL\\employee-manager\\dataconnect`\n"}}
[debug] [2025-05-08T09:32:13.030Z] E0508 15:02:13.031040   14524 load.go:23] Could not load config from "c:\\Users\\DELL\\employee-manager\\dataconnect": could not find dataconnect.yaml in `c:\Users\DELL\employee-manager\dataconnect`
 {"metadata":{"emulator":{"name":"dataconnect"},"message":"E0508 15:02:13.031040   14524 load.go:23] Could not load config from \"c:\\\\Users\\\\DELL\\\\employee-manager\\\\dataconnect\": could not find dataconnect.yaml in `c:\\Users\\DELL\\employee-manager\\dataconnect`\n"}}
[debug] [2025-05-08T09:32:23.024Z] E0508 15:02:23.025261   14524 load.go:23] Could not load config from "c:\\Users\\DELL\\employee-manager\\dataconnect": could not find dataconnect.yaml in `c:\Users\DELL\employee-manager\dataconnect`
E0508 15:02:23.025867   14524 watch.go:76] watchAllDir unable to walk dir `c:\Users\DELL\employee-manager\dataconnect`: on path "c:\\Users\\DELL\\employee-manager\\dataconnect" (DirEntry: <nil>): CreateFile c:\Users\DELL\employee-manager\dataconnect: The system cannot find the file specified.
 {"metadata":{"emulator":{"name":"dataconnect"},"message":"E0508 15:02:23.025261   14524 load.go:23] Could not load config from \"c:\\\\Users\\\\DELL\\\\employee-manager\\\\dataconnect\": could not find dataconnect.yaml in `c:\\Users\\DELL\\employee-manager\\dataconnect`\nE0508 15:02:23.025867   14524 watch.go:76] watchAllDir unable to walk dir `c:\\Users\\DELL\\employee-manager\\dataconnect`: on path \"c:\\\\Users\\\\DELL\\\\employee-manager\\\\dataconnect\" (DirEntry: <nil>): CreateFile c:\\Users\\DELL\\employee-manager\\dataconnect: The system cannot find the file specified.\n"}}
[debug] [2025-05-08T09:32:33.038Z] E0508 15:02:33.038965   14524 load.go:23] Could not load config from "c:\\Users\\DELL\\employee-manager\\dataconnect": could not find dataconnect.yaml in `c:\Users\DELL\employee-manager\dataconnect`
 {"metadata":{"emulator":{"name":"dataconnect"},"message":"E0508 15:02:33.038965   14524 load.go:23] Could not load config from \"c:\\\\Users\\\\DELL\\\\employee-manager\\\\dataconnect\": could not find dataconnect.yaml in `c:\\Users\\DELL\\employee-manager\\dataconnect`\n"}}
[debug] [2025-05-08T09:32:43.032Z] E0508 15:02:43.033187   14524 load.go:23] Could not load config from "c:\\Users\\DELL\\employee-manager\\dataconnect": could not find dataconnect.yaml in `c:\Users\DELL\employee-manager\dataconnect`
 {"metadata":{"emulator":{"name":"dataconnect"},"message":"E0508 15:02:43.033187   14524 load.go:23] Could not load config from \"c:\\\\Users\\\\DELL\\\\employee-manager\\\\dataconnect\": could not find dataconnect.yaml in `c:\\Users\\DELL\\employee-manager\\dataconnect`\n"}}
[debug] [2025-05-08T09:32:53.030Z] E0508 15:02:53.031656   14524 load.go:23] Could not load config from "c:\\Users\\DELL\\employee-manager\\dataconnect": could not find dataconnect.yaml in `c:\Users\DELL\employee-manager\dataconnect`
 {"metadata":{"emulator":{"name":"dataconnect"},"message":"E0508 15:02:53.031656   14524 load.go:23] Could not load config from \"c:\\\\Users\\\\DELL\\\\employee-manager\\\\dataconnect\": could not find dataconnect.yaml in `c:\\Users\\DELL\\employee-manager\\dataconnect`\n"}}
[debug] [2025-05-08T09:33:03.039Z] E0508 15:03:03.039520   14524 load.go:23] Could not load config from "c:\\Users\\DELL\\employee-manager\\dataconnect": could not find dataconnect.yaml in `c:\Users\DELL\employee-manager\dataconnect`
 {"metadata":{"emulator":{"name":"dataconnect"},"message":"E0508 15:03:03.039520   14524 load.go:23] Could not load config from \"c:\\\\Users\\\\DELL\\\\employee-manager\\\\dataconnect\": could not find dataconnect.yaml in `c:\\Users\\DELL\\employee-manager\\dataconnect`\n"}}
[debug] [2025-05-08T09:33:13.025Z] E0508 15:03:13.025530   14524 load.go:23] Could not load config from "c:\\Users\\DELL\\employee-manager\\dataconnect": could not find dataconnect.yaml in `c:\Users\DELL\employee-manager\dataconnect`
 {"metadata":{"emulator":{"name":"dataconnect"},"message":"E0508 15:03:13.025530   14524 load.go:23] Could not load config from \"c:\\\\Users\\\\DELL\\\\employee-manager\\\\dataconnect\": could not find dataconnect.yaml in `c:\\Users\\DELL\\employee-manager\\dataconnect`\n"}}
[debug] [2025-05-08T09:33:23.027Z] E0508 15:03:23.027484   14524 load.go:23] Could not load config from "c:\\Users\\DELL\\employee-manager\\dataconnect": could not find dataconnect.yaml in `c:\Users\DELL\employee-manager\dataconnect`
 {"metadata":{"emulator":{"name":"dataconnect"},"message":"E0508 15:03:23.027484   14524 load.go:23] Could not load config from \"c:\\\\Users\\\\DELL\\\\employee-manager\\\\dataconnect\": could not find dataconnect.yaml in `c:\\Users\\DELL\\employee-manager\\dataconnect`\n"}}
[debug] [2025-05-08T09:33:33.036Z] E0508 15:03:33.036209   14524 load.go:23] Could not load config from "c:\\Users\\DELL\\employee-manager\\dataconnect": could not find dataconnect.yaml in `c:\Users\DELL\employee-manager\dataconnect`
 {"metadata":{"emulator":{"name":"dataconnect"},"message":"E0508 15:03:33.036209   14524 load.go:23] Could not load config from \"c:\\\\Users\\\\DELL\\\\employee-manager\\\\dataconnect\": could not find dataconnect.yaml in `c:\\Users\\DELL\\employee-manager\\dataconnect`\n"}}
[debug] [2025-05-08T09:33:43.026Z] E0508 15:03:43.026444   14524 load.go:23] Could not load config from "c:\\Users\\DELL\\employee-manager\\dataconnect": could not find dataconnect.yaml in `c:\Users\DELL\employee-manager\dataconnect`
 {"metadata":{"emulator":{"name":"dataconnect"},"message":"E0508 15:03:43.026444   14524 load.go:23] Could not load config from \"c:\\\\Users\\\\DELL\\\\employee-manager\\\\dataconnect\": could not find dataconnect.yaml in `c:\\Users\\DELL\\employee-manager\\dataconnect`\n"}}
[debug] [2025-05-08T09:33:53.026Z] E0508 15:03:53.026751   14524 load.go:23] Could not load config from "c:\\Users\\DELL\\employee-manager\\dataconnect": could not find dataconnect.yaml in `c:\Users\DELL\employee-manager\dataconnect`
 {"metadata":{"emulator":{"name":"dataconnect"},"message":"E0508 15:03:53.026751   14524 load.go:23] Could not load config from \"c:\\\\Users\\\\DELL\\\\employee-manager\\\\dataconnect\": could not find dataconnect.yaml in `c:\\Users\\DELL\\employee-manager\\dataconnect`\n"}}
[debug] [2025-05-08T09:34:03.032Z] E0508 15:04:03.032816   14524 load.go:23] Could not load config from "c:\\Users\\DELL\\employee-manager\\dataconnect": could not find dataconnect.yaml in `c:\Users\DELL\employee-manager\dataconnect`
 {"metadata":{"emulator":{"name":"dataconnect"},"message":"E0508 15:04:03.032816   14524 load.go:23] Could not load config from \"c:\\\\Users\\\\DELL\\\\employee-manager\\\\dataconnect\": could not find dataconnect.yaml in `c:\\Users\\DELL\\employee-manager\\dataconnect`\n"}}
[debug] [2025-05-08T09:34:13.026Z] E0508 15:04:13.025974   14524 load.go:23] Could not load config from "c:\\Users\\DELL\\employee-manager\\dataconnect": could not find dataconnect.yaml in `c:\Users\DELL\employee-manager\dataconnect`
 {"metadata":{"emulator":{"name":"dataconnect"},"message":"E0508 15:04:13.025974   14524 load.go:23] Could not load config from \"c:\\\\Users\\\\DELL\\\\employee-manager\\\\dataconnect\": could not find dataconnect.yaml in `c:\\Users\\DELL\\employee-manager\\dataconnect`\n"}}
[debug] [2025-05-08T09:34:23.023Z] E0508 15:04:23.023535   14524 load.go:23] Could not load config from "c:\\Users\\DELL\\employee-manager\\dataconnect": could not find dataconnect.yaml in `c:\Users\DELL\employee-manager\dataconnect`
 {"metadata":{"emulator":{"name":"dataconnect"},"message":"E0508 15:04:23.023535   14524 load.go:23] Could not load config from \"c:\\\\Users\\\\DELL\\\\employee-manager\\\\dataconnect\": could not find dataconnect.yaml in `c:\\Users\\DELL\\employee-manager\\dataconnect`\n"}}
[debug] [2025-05-08T09:34:23.025Z] E0508 15:04:23.023535   14524 watch.go:76] watchAllDir unable to walk dir `c:\Users\DELL\employee-manager\dataconnect`: on path "c:\\Users\\DELL\\employee-manager\\dataconnect" (DirEntry: <nil>): CreateFile c:\Users\DELL\employee-manager\dataconnect: The system cannot find the file specified.
 {"metadata":{"emulator":{"name":"dataconnect"},"message":"E0508 15:04:23.023535   14524 watch.go:76] watchAllDir unable to walk dir `c:\\Users\\DELL\\employee-manager\\dataconnect`: on path \"c:\\\\Users\\\\DELL\\\\employee-manager\\\\dataconnect\" (DirEntry: <nil>): CreateFile c:\\Users\\DELL\\employee-manager\\dataconnect: The system cannot find the file specified.\n"}}
[debug] [2025-05-08T09:34:33.034Z] E0508 15:04:33.034967   14524 load.go:23] Could not load config from "c:\\Users\\DELL\\employee-manager\\dataconnect": could not find dataconnect.yaml in `c:\Users\DELL\employee-manager\dataconnect`
 {"metadata":{"emulator":{"name":"dataconnect"},"message":"E0508 15:04:33.034967   14524 load.go:23] Could not load config from \"c:\\\\Users\\\\DELL\\\\employee-manager\\\\dataconnect\": could not find dataconnect.yaml in `c:\\Users\\DELL\\employee-manager\\dataconnect`\n"}}
[debug] [2025-05-08T09:34:43.028Z] E0508 15:04:43.028516   14524 load.go:23] Could not load config from "c:\\Users\\DELL\\employee-manager\\dataconnect": could not find dataconnect.yaml in `c:\Users\DELL\employee-manager\dataconnect`
 {"metadata":{"emulator":{"name":"dataconnect"},"message":"E0508 15:04:43.028516   14524 load.go:23] Could not load config from \"c:\\\\Users\\\\DELL\\\\employee-manager\\\\dataconnect\": could not find dataconnect.yaml in `c:\\Users\\DELL\\employee-manager\\dataconnect`\n"}}
[debug] [2025-05-08T09:34:53.034Z] E0508 15:04:53.034345   14524 load.go:23] Could not load config from "c:\\Users\\DELL\\employee-manager\\dataconnect": could not find dataconnect.yaml in `c:\Users\DELL\employee-manager\dataconnect`
 {"metadata":{"emulator":{"name":"dataconnect"},"message":"E0508 15:04:53.034345   14524 load.go:23] Could not load config from \"c:\\\\Users\\\\DELL\\\\employee-manager\\\\dataconnect\": could not find dataconnect.yaml in `c:\\Users\\DELL\\employee-manager\\dataconnect`\n"}}
[debug] [2025-05-08T09:35:03.026Z] E0508 15:05:03.026413   14524 load.go:23] Could not load config from "c:\\Users\\DELL\\employee-manager\\dataconnect": could not find dataconnect.yaml in `c:\Users\DELL\employee-manager\dataconnect`
 {"metadata":{"emulator":{"name":"dataconnect"},"message":"E0508 15:05:03.026413   14524 load.go:23] Could not load config from \"c:\\\\Users\\\\DELL\\\\employee-manager\\\\dataconnect\": could not find dataconnect.yaml in `c:\\Users\\DELL\\employee-manager\\dataconnect`\n"}}
[debug] [2025-05-08T09:35:13.024Z] E0508 15:05:13.024234   14524 load.go:23] Could not load config from "c:\\Users\\DELL\\employee-manager\\dataconnect": could not find dataconnect.yaml in `c:\Users\DELL\employee-manager\dataconnect`
 {"metadata":{"emulator":{"name":"dataconnect"},"message":"E0508 15:05:13.024234   14524 load.go:23] Could not load config from \"c:\\\\Users\\\\DELL\\\\employee-manager\\\\dataconnect\": could not find dataconnect.yaml in `c:\\Users\\DELL\\employee-manager\\dataconnect`\n"}}
[debug] [2025-05-08T09:35:23.033Z] E0508 15:05:23.031079   14524 load.go:23] Could not load config from "c:\\Users\\DELL\\employee-manager\\dataconnect": could not find dataconnect.yaml in `c:\Users\DELL\employee-manager\dataconnect`
 {"metadata":{"emulator":{"name":"dataconnect"},"message":"E0508 15:05:23.031079   14524 load.go:23] Could not load config from \"c:\\\\Users\\\\DELL\\\\employee-manager\\\\dataconnect\": could not find dataconnect.yaml in `c:\\Users\\DELL\\employee-manager\\dataconnect`\n"}}
[debug] [2025-05-08T09:35:33.031Z] E0508 15:05:33.031938   14524 load.go:23] Could not load config from "c:\\Users\\DELL\\employee-manager\\dataconnect": could not find dataconnect.yaml in `c:\Users\DELL\employee-manager\dataconnect`
 {"metadata":{"emulator":{"name":"dataconnect"},"message":"E0508 15:05:33.031938   14524 load.go:23] Could not load config from \"c:\\\\Users\\\\DELL\\\\employee-manager\\\\dataconnect\": could not find dataconnect.yaml in `c:\\Users\\DELL\\employee-manager\\dataconnect`\n"}}
[debug] [2025-05-08T09:35:43.035Z] E0508 15:05:43.035182   14524 load.go:23] Could not load config from "c:\\Users\\DELL\\employee-manager\\dataconnect": could not find dataconnect.yaml in `c:\Users\DELL\employee-manager\dataconnect`
 {"metadata":{"emulator":{"name":"dataconnect"},"message":"E0508 15:05:43.035182   14524 load.go:23] Could not load config from \"c:\\\\Users\\\\DELL\\\\employee-manager\\\\dataconnect\": could not find dataconnect.yaml in `c:\\Users\\DELL\\employee-manager\\dataconnect`\n"}}
[debug] [2025-05-08T09:35:53.028Z] E0508 15:05:53.028681   14524 load.go:23] Could not load config from "c:\\Users\\DELL\\employee-manager\\dataconnect": could not find dataconnect.yaml in `c:\Users\DELL\employee-manager\dataconnect`
 {"metadata":{"emulator":{"name":"dataconnect"},"message":"E0508 15:05:53.028681   14524 load.go:23] Could not load config from \"c:\\\\Users\\\\DELL\\\\employee-manager\\\\dataconnect\": could not find dataconnect.yaml in `c:\\Users\\DELL\\employee-manager\\dataconnect`\n"}}
[debug] [2025-05-08T09:36:03.031Z] E0508 15:06:03.031738   14524 load.go:23] Could not load config from "c:\\Users\\DELL\\employee-manager\\dataconnect": could not find dataconnect.yaml in `c:\Users\DELL\employee-manager\dataconnect`
 {"metadata":{"emulator":{"name":"dataconnect"},"message":"E0508 15:06:03.031738   14524 load.go:23] Could not load config from \"c:\\\\Users\\\\DELL\\\\employee-manager\\\\dataconnect\": could not find dataconnect.yaml in `c:\\Users\\DELL\\employee-manager\\dataconnect`\n"}}
[debug] [2025-05-08T09:36:13.032Z] E0508 15:06:13.031916   14524 load.go:23] Could not load config from "c:\\Users\\DELL\\employee-manager\\dataconnect": could not find dataconnect.yaml in `c:\Users\DELL\employee-manager\dataconnect`
 {"metadata":{"emulator":{"name":"dataconnect"},"message":"E0508 15:06:13.031916   14524 load.go:23] Could not load config from \"c:\\\\Users\\\\DELL\\\\employee-manager\\\\dataconnect\": could not find dataconnect.yaml in `c:\\Users\\DELL\\employee-manager\\dataconnect`\n"}}
[debug] [2025-05-08T09:36:23.026Z] E0508 15:06:23.026157   14524 load.go:23] Could not load config from "c:\\Users\\DELL\\employee-manager\\dataconnect": could not find dataconnect.yaml in `c:\Users\DELL\employee-manager\dataconnect`
E0508 15:06:23.026749   14524 watch.go:76] watchAllDir unable to walk dir `c:\Users\DELL\employee-manager\dataconnect`: on path "c:\\Users\\DELL\\employee-manager\\dataconnect" (DirEntry: <nil>): CreateFile c:\Users\DELL\employee-manager\dataconnect: The system cannot find the file specified.
 {"metadata":{"emulator":{"name":"dataconnect"},"message":"E0508 15:06:23.026157   14524 load.go:23] Could not load config from \"c:\\\\Users\\\\DELL\\\\employee-manager\\\\dataconnect\": could not find dataconnect.yaml in `c:\\Users\\DELL\\employee-manager\\dataconnect`\nE0508 15:06:23.026749   14524 watch.go:76] watchAllDir unable to walk dir `c:\\Users\\DELL\\employee-manager\\dataconnect`: on path \"c:\\\\Users\\\\DELL\\\\employee-manager\\\\dataconnect\" (DirEntry: <nil>): CreateFile c:\\Users\\DELL\\employee-manager\\dataconnect: The system cannot find the file specified.\n"}}
[debug] [2025-05-08T09:36:33.025Z] E0508 15:06:33.024691   14524 load.go:23] Could not load config from "c:\\Users\\DELL\\employee-manager\\dataconnect": could not find dataconnect.yaml in `c:\Users\DELL\employee-manager\dataconnect`
 {"metadata":{"emulator":{"name":"dataconnect"},"message":"E0508 15:06:33.024691   14524 load.go:23] Could not load config from \"c:\\\\Users\\\\DELL\\\\employee-manager\\\\dataconnect\": could not find dataconnect.yaml in `c:\\Users\\DELL\\employee-manager\\dataconnect`\n"}}
[debug] [2025-05-08T09:36:43.040Z] E0508 15:06:43.039617   14524 load.go:23] Could not load config from "c:\\Users\\DELL\\employee-manager\\dataconnect": could not find dataconnect.yaml in `c:\Users\DELL\employee-manager\dataconnect`
 {"metadata":{"emulator":{"name":"dataconnect"},"message":"E0508 15:06:43.039617   14524 load.go:23] Could not load config from \"c:\\\\Users\\\\DELL\\\\employee-manager\\\\dataconnect\": could not find dataconnect.yaml in `c:\\Users\\DELL\\employee-manager\\dataconnect`\n"}}
[debug] [2025-05-08T09:36:53.031Z] E0508 15:06:53.030530   14524 load.go:23] Could not load config from "c:\\Users\\DELL\\employee-manager\\dataconnect": could not find dataconnect.yaml in `c:\Users\DELL\employee-manager\dataconnect`
 {"metadata":{"emulator":{"name":"dataconnect"},"message":"E0508 15:06:53.030530   14524 load.go:23] Could not load config from \"c:\\\\Users\\\\DELL\\\\employee-manager\\\\dataconnect\": could not find dataconnect.yaml in `c:\\Users\\DELL\\employee-manager\\dataconnect`\n"}}
[debug] [2025-05-08T09:37:03.033Z] E0508 15:07:03.033729   14524 load.go:23] Could not load config from "c:\\Users\\DELL\\employee-manager\\dataconnect": could not find dataconnect.yaml in `c:\Users\DELL\employee-manager\dataconnect`
 {"metadata":{"emulator":{"name":"dataconnect"},"message":"E0508 15:07:03.033729   14524 load.go:23] Could not load config from \"c:\\\\Users\\\\DELL\\\\employee-manager\\\\dataconnect\": could not find dataconnect.yaml in `c:\\Users\\DELL\\employee-manager\\dataconnect`\n"}}
[debug] [2025-05-08T09:37:13.037Z] E0508 15:07:13.036653   14524 load.go:23] Could not load config from "c:\\Users\\DELL\\employee-manager\\dataconnect": could not find dataconnect.yaml in `c:\Users\DELL\employee-manager\dataconnect`
 {"metadata":{"emulator":{"name":"dataconnect"},"message":"E0508 15:07:13.036653   14524 load.go:23] Could not load config from \"c:\\\\Users\\\\DELL\\\\employee-manager\\\\dataconnect\": could not find dataconnect.yaml in `c:\\Users\\DELL\\employee-manager\\dataconnect`\n"}}
[debug] [2025-05-08T09:37:23.026Z] E0508 15:07:23.025726   14524 load.go:23] Could not load config from "c:\\Users\\DELL\\employee-manager\\dataconnect": could not find dataconnect.yaml in `c:\Users\DELL\employee-manager\dataconnect`
 {"metadata":{"emulator":{"name":"dataconnect"},"message":"E0508 15:07:23.025726   14524 load.go:23] Could not load config from \"c:\\\\Users\\\\DELL\\\\employee-manager\\\\dataconnect\": could not find dataconnect.yaml in `c:\\Users\\DELL\\employee-manager\\dataconnect`\n"}}
[debug] [2025-05-08T09:37:33.033Z] E0508 15:07:33.032761   14524 load.go:23] Could not load config from "c:\\Users\\DELL\\employee-manager\\dataconnect": could not find dataconnect.yaml in `c:\Users\DELL\employee-manager\dataconnect`
 {"metadata":{"emulator":{"name":"dataconnect"},"message":"E0508 15:07:33.032761   14524 load.go:23] Could not load config from \"c:\\\\Users\\\\DELL\\\\employee-manager\\\\dataconnect\": could not find dataconnect.yaml in `c:\\Users\\DELL\\employee-manager\\dataconnect`\n"}}
[debug] [2025-05-08T09:37:43.033Z] E0508 15:07:43.033505   14524 load.go:23] Could not load config from "c:\\Users\\DELL\\employee-manager\\dataconnect": could not find dataconnect.yaml in `c:\Users\DELL\employee-manager\dataconnect`
 {"metadata":{"emulator":{"name":"dataconnect"},"message":"E0508 15:07:43.033505   14524 load.go:23] Could not load config from \"c:\\\\Users\\\\DELL\\\\employee-manager\\\\dataconnect\": could not find dataconnect.yaml in `c:\\Users\\DELL\\employee-manager\\dataconnect`\n"}}
[debug] [2025-05-08T09:37:53.027Z] E0508 15:07:53.027654   14524 load.go:23] Could not load config from "c:\\Users\\DELL\\employee-manager\\dataconnect": could not find dataconnect.yaml in `c:\Users\DELL\employee-manager\dataconnect`
 {"metadata":{"emulator":{"name":"dataconnect"},"message":"E0508 15:07:53.027654   14524 load.go:23] Could not load config from \"c:\\\\Users\\\\DELL\\\\employee-manager\\\\dataconnect\": could not find dataconnect.yaml in `c:\\Users\\DELL\\employee-manager\\dataconnect`\n"}}
[debug] [2025-05-08T09:38:03.029Z] E0508 15:08:03.028750   14524 load.go:23] Could not load config from "c:\\Users\\DELL\\employee-manager\\dataconnect": could not find dataconnect.yaml in `c:\Users\DELL\employee-manager\dataconnect`
 {"metadata":{"emulator":{"name":"dataconnect"},"message":"E0508 15:08:03.028750   14524 load.go:23] Could not load config from \"c:\\\\Users\\\\DELL\\\\employee-manager\\\\dataconnect\": could not find dataconnect.yaml in `c:\\Users\\DELL\\employee-manager\\dataconnect`\n"}}
[debug] [2025-05-08T09:38:13.038Z] E0508 15:08:13.037429   14524 load.go:23] Could not load config from "c:\\Users\\DELL\\employee-manager\\dataconnect": could not find dataconnect.yaml in `c:\Users\DELL\employee-manager\dataconnect`
 {"metadata":{"emulator":{"name":"dataconnect"},"message":"E0508 15:08:13.037429   14524 load.go:23] Could not load config from \"c:\\\\Users\\\\DELL\\\\employee-manager\\\\dataconnect\": could not find dataconnect.yaml in `c:\\Users\\DELL\\employee-manager\\dataconnect`\n"}}
[debug] [2025-05-08T09:38:23.030Z] E0508 15:08:23.030397   14524 load.go:23] Could not load config from "c:\\Users\\DELL\\employee-manager\\dataconnect": could not find dataconnect.yaml in `c:\Users\DELL\employee-manager\dataconnect`
 {"metadata":{"emulator":{"name":"dataconnect"},"message":"E0508 15:08:23.030397   14524 load.go:23] Could not load config from \"c:\\\\Users\\\\DELL\\\\employee-manager\\\\dataconnect\": could not find dataconnect.yaml in `c:\\Users\\DELL\\employee-manager\\dataconnect`\n"}}
[debug] [2025-05-08T09:38:23.032Z] E0508 15:08:23.030397   14524 watch.go:76] watchAllDir unable to walk dir `c:\Users\DELL\employee-manager\dataconnect`: on path "c:\\Users\\DELL\\employee-manager\\dataconnect" (DirEntry: <nil>): CreateFile c:\Users\DELL\employee-manager\dataconnect: The system cannot find the file specified.
 {"metadata":{"emulator":{"name":"dataconnect"},"message":"E0508 15:08:23.030397   14524 watch.go:76] watchAllDir unable to walk dir `c:\\Users\\DELL\\employee-manager\\dataconnect`: on path \"c:\\\\Users\\\\DELL\\\\employee-manager\\\\dataconnect\" (DirEntry: <nil>): CreateFile c:\\Users\\DELL\\employee-manager\\dataconnect: The system cannot find the file specified.\n"}}
[debug] [2025-05-08T09:38:33.038Z] E0508 15:08:33.037452   14524 load.go:23] Could not load config from "c:\\Users\\DELL\\employee-manager\\dataconnect": could not find dataconnect.yaml in `c:\Users\DELL\employee-manager\dataconnect`
 {"metadata":{"emulator":{"name":"dataconnect"},"message":"E0508 15:08:33.037452   14524 load.go:23] Could not load config from \"c:\\\\Users\\\\DELL\\\\employee-manager\\\\dataconnect\": could not find dataconnect.yaml in `c:\\Users\\DELL\\employee-manager\\dataconnect`\n"}}
[debug] [2025-05-08T09:38:43.035Z] E0508 15:08:43.035055   14524 load.go:23] Could not load config from "c:\\Users\\DELL\\employee-manager\\dataconnect": could not find dataconnect.yaml in `c:\Users\DELL\employee-manager\dataconnect`
 {"metadata":{"emulator":{"name":"dataconnect"},"message":"E0508 15:08:43.035055   14524 load.go:23] Could not load config from \"c:\\\\Users\\\\DELL\\\\employee-manager\\\\dataconnect\": could not find dataconnect.yaml in `c:\\Users\\DELL\\employee-manager\\dataconnect`\n"}}
[debug] [2025-05-08T09:38:53.037Z] E0508 15:08:53.037407   14524 load.go:23] Could not load config from "c:\\Users\\DELL\\employee-manager\\dataconnect": could not find dataconnect.yaml in `c:\Users\DELL\employee-manager\dataconnect`
 {"metadata":{"emulator":{"name":"dataconnect"},"message":"E0508 15:08:53.037407   14524 load.go:23] Could not load config from \"c:\\\\Users\\\\DELL\\\\employee-manager\\\\dataconnect\": could not find dataconnect.yaml in `c:\\Users\\DELL\\employee-manager\\dataconnect`\n"}}
[debug] [2025-05-08T09:39:03.029Z] E0508 15:09:03.028286   14524 load.go:23] Could not load config from "c:\\Users\\DELL\\employee-manager\\dataconnect": could not find dataconnect.yaml in `c:\Users\DELL\employee-manager\dataconnect`
 {"metadata":{"emulator":{"name":"dataconnect"},"message":"E0508 15:09:03.028286   14524 load.go:23] Could not load config from \"c:\\\\Users\\\\DELL\\\\employee-manager\\\\dataconnect\": could not find dataconnect.yaml in `c:\\Users\\DELL\\employee-manager\\dataconnect`\n"}}
[debug] [2025-05-08T09:39:13.034Z] E0508 15:09:13.034036   14524 load.go:23] Could not load config from "c:\\Users\\DELL\\employee-manager\\dataconnect": could not find dataconnect.yaml in `c:\Users\DELL\employee-manager\dataconnect`
 {"metadata":{"emulator":{"name":"dataconnect"},"message":"E0508 15:09:13.034036   14524 load.go:23] Could not load config from \"c:\\\\Users\\\\DELL\\\\employee-manager\\\\dataconnect\": could not find dataconnect.yaml in `c:\\Users\\DELL\\employee-manager\\dataconnect`\n"}}
[debug] [2025-05-08T09:39:23.030Z] E0508 15:09:23.030915   14524 load.go:23] Could not load config from "c:\\Users\\DELL\\employee-manager\\dataconnect": could not find dataconnect.yaml in `c:\Users\DELL\employee-manager\dataconnect`
 {"metadata":{"emulator":{"name":"dataconnect"},"message":"E0508 15:09:23.030915   14524 load.go:23] Could not load config from \"c:\\\\Users\\\\DELL\\\\employee-manager\\\\dataconnect\": could not find dataconnect.yaml in `c:\\Users\\DELL\\employee-manager\\dataconnect`\n"}}
[debug] [2025-05-08T09:39:33.025Z] E0508 15:09:33.026349   14524 load.go:23] Could not load config from "c:\\Users\\DELL\\employee-manager\\dataconnect": could not find dataconnect.yaml in `c:\Users\DELL\employee-manager\dataconnect`
 {"metadata":{"emulator":{"name":"dataconnect"},"message":"E0508 15:09:33.026349   14524 load.go:23] Could not load config from \"c:\\\\Users\\\\DELL\\\\employee-manager\\\\dataconnect\": could not find dataconnect.yaml in `c:\\Users\\DELL\\employee-manager\\dataconnect`\n"}}
[debug] [2025-05-08T09:39:43.035Z] E0508 15:09:43.036076   14524 load.go:23] Could not load config from "c:\\Users\\DELL\\employee-manager\\dataconnect": could not find dataconnect.yaml in `c:\Users\DELL\employee-manager\dataconnect`
 {"metadata":{"emulator":{"name":"dataconnect"},"message":"E0508 15:09:43.036076   14524 load.go:23] Could not load config from \"c:\\\\Users\\\\DELL\\\\employee-manager\\\\dataconnect\": could not find dataconnect.yaml in `c:\\Users\\DELL\\employee-manager\\dataconnect`\n"}}
[debug] [2025-05-08T09:39:53.024Z] E0508 15:09:53.024434   14524 load.go:23] Could not load config from "c:\\Users\\DELL\\employee-manager\\dataconnect": could not find dataconnect.yaml in `c:\Users\DELL\employee-manager\dataconnect`
 {"metadata":{"emulator":{"name":"dataconnect"},"message":"E0508 15:09:53.024434   14524 load.go:23] Could not load config from \"c:\\\\Users\\\\DELL\\\\employee-manager\\\\dataconnect\": could not find dataconnect.yaml in `c:\\Users\\DELL\\employee-manager\\dataconnect`\n"}}
[debug] [2025-05-08T09:40:03.026Z] E0508 15:10:03.026983   14524 load.go:23] Could not load config from "c:\\Users\\DELL\\employee-manager\\dataconnect": could not find dataconnect.yaml in `c:\Users\DELL\employee-manager\dataconnect`
 {"metadata":{"emulator":{"name":"dataconnect"},"message":"E0508 15:10:03.026983   14524 load.go:23] Could not load config from \"c:\\\\Users\\\\DELL\\\\employee-manager\\\\dataconnect\": could not find dataconnect.yaml in `c:\\Users\\DELL\\employee-manager\\dataconnect`\n"}}
[debug] [2025-05-08T09:40:13.029Z] E0508 15:10:13.030049   14524 load.go:23] Could not load config from "c:\\Users\\DELL\\employee-manager\\dataconnect": could not find dataconnect.yaml in `c:\Users\DELL\employee-manager\dataconnect`
 {"metadata":{"emulator":{"name":"dataconnect"},"message":"E0508 15:10:13.030049   14524 load.go:23] Could not load config from \"c:\\\\Users\\\\DELL\\\\employee-manager\\\\dataconnect\": could not find dataconnect.yaml in `c:\\Users\\DELL\\employee-manager\\dataconnect`\n"}}
[debug] [2025-05-08T09:40:23.026Z] E0508 15:10:23.026003   14524 load.go:23] Could not load config from "c:\\Users\\DELL\\employee-manager\\dataconnect": could not find dataconnect.yaml in `c:\Users\DELL\employee-manager\dataconnect`
 {"metadata":{"emulator":{"name":"dataconnect"},"message":"E0508 15:10:23.026003   14524 load.go:23] Could not load config from \"c:\\\\Users\\\\DELL\\\\employee-manager\\\\dataconnect\": could not find dataconnect.yaml in `c:\\Users\\DELL\\employee-manager\\dataconnect`\n"}}
[debug] [2025-05-08T09:40:23.028Z] E0508 15:10:23.026575   14524 watch.go:76] watchAllDir unable to walk dir `c:\Users\DELL\employee-manager\dataconnect`: on path "c:\\Users\\DELL\\employee-manager\\dataconnect" (DirEntry: <nil>): CreateFile c:\Users\DELL\employee-manager\dataconnect: The system cannot find the file specified.
 {"metadata":{"emulator":{"name":"dataconnect"},"message":"E0508 15:10:23.026575   14524 watch.go:76] watchAllDir unable to walk dir `c:\\Users\\DELL\\employee-manager\\dataconnect`: on path \"c:\\\\Users\\\\DELL\\\\employee-manager\\\\dataconnect\" (DirEntry: <nil>): CreateFile c:\\Users\\DELL\\employee-manager\\dataconnect: The system cannot find the file specified.\n"}}
[debug] [2025-05-08T09:40:33.025Z] E0508 15:10:33.024433   14524 load.go:23] Could not load config from "c:\\Users\\DELL\\employee-manager\\dataconnect": could not find dataconnect.yaml in `c:\Users\DELL\employee-manager\dataconnect`
 {"metadata":{"emulator":{"name":"dataconnect"},"message":"E0508 15:10:33.024433   14524 load.go:23] Could not load config from \"c:\\\\Users\\\\DELL\\\\employee-manager\\\\dataconnect\": could not find dataconnect.yaml in `c:\\Users\\DELL\\employee-manager\\dataconnect`\n"}}
[debug] [2025-05-08T09:40:43.033Z] E0508 15:10:43.032314   14524 load.go:23] Could not load config from "c:\\Users\\DELL\\employee-manager\\dataconnect": could not find dataconnect.yaml in `c:\Users\DELL\employee-manager\dataconnect`
 {"metadata":{"emulator":{"name":"dataconnect"},"message":"E0508 15:10:43.032314   14524 load.go:23] Could not load config from \"c:\\\\Users\\\\DELL\\\\employee-manager\\\\dataconnect\": could not find dataconnect.yaml in `c:\\Users\\DELL\\employee-manager\\dataconnect`\n"}}
[debug] [2025-05-08T09:40:53.032Z] E0508 15:10:53.031675   14524 load.go:23] Could not load config from "c:\\Users\\DELL\\employee-manager\\dataconnect": could not find dataconnect.yaml in `c:\Users\DELL\employee-manager\dataconnect`
 {"metadata":{"emulator":{"name":"dataconnect"},"message":"E0508 15:10:53.031675   14524 load.go:23] Could not load config from \"c:\\\\Users\\\\DELL\\\\employee-manager\\\\dataconnect\": could not find dataconnect.yaml in `c:\\Users\\DELL\\employee-manager\\dataconnect`\n"}}
[debug] [2025-05-08T09:41:03.031Z] E0508 15:11:03.031159   14524 load.go:23] Could not load config from "c:\\Users\\DELL\\employee-manager\\dataconnect": could not find dataconnect.yaml in `c:\Users\DELL\employee-manager\dataconnect`
 {"metadata":{"emulator":{"name":"dataconnect"},"message":"E0508 15:11:03.031159   14524 load.go:23] Could not load config from \"c:\\\\Users\\\\DELL\\\\employee-manager\\\\dataconnect\": could not find dataconnect.yaml in `c:\\Users\\DELL\\employee-manager\\dataconnect`\n"}}
[debug] [2025-05-08T09:41:13.035Z] E0508 15:11:13.034073   14524 load.go:23] Could not load config from "c:\\Users\\DELL\\employee-manager\\dataconnect": could not find dataconnect.yaml in `c:\Users\DELL\employee-manager\dataconnect`
 {"metadata":{"emulator":{"name":"dataconnect"},"message":"E0508 15:11:13.034073   14524 load.go:23] Could not load config from \"c:\\\\Users\\\\DELL\\\\employee-manager\\\\dataconnect\": could not find dataconnect.yaml in `c:\\Users\\DELL\\employee-manager\\dataconnect`\n"}}
[debug] [2025-05-08T09:41:23.029Z] E0508 15:11:23.029976   14524 load.go:23] Could not load config from "c:\\Users\\DELL\\employee-manager\\dataconnect": could not find dataconnect.yaml in `c:\Users\DELL\employee-manager\dataconnect`
 {"metadata":{"emulator":{"name":"dataconnect"},"message":"E0508 15:11:23.029976   14524 load.go:23] Could not load config from \"c:\\\\Users\\\\DELL\\\\employee-manager\\\\dataconnect\": could not find dataconnect.yaml in `c:\\Users\\DELL\\employee-manager\\dataconnect`\n"}}
[debug] [2025-05-08T09:41:33.026Z] E0508 15:11:33.026608   14524 load.go:23] Could not load config from "c:\\Users\\DELL\\employee-manager\\dataconnect": could not find dataconnect.yaml in `c:\Users\DELL\employee-manager\dataconnect`
 {"metadata":{"emulator":{"name":"dataconnect"},"message":"E0508 15:11:33.026608   14524 load.go:23] Could not load config from \"c:\\\\Users\\\\DELL\\\\employee-manager\\\\dataconnect\": could not find dataconnect.yaml in `c:\\Users\\DELL\\employee-manager\\dataconnect`\n"}}
[debug] [2025-05-08T09:41:43.028Z] E0508 15:11:43.029664   14524 load.go:23] Could not load config from "c:\\Users\\DELL\\employee-manager\\dataconnect": could not find dataconnect.yaml in `c:\Users\DELL\employee-manager\dataconnect`
 {"metadata":{"emulator":{"name":"dataconnect"},"message":"E0508 15:11:43.029664   14524 load.go:23] Could not load config from \"c:\\\\Users\\\\DELL\\\\employee-manager\\\\dataconnect\": could not find dataconnect.yaml in `c:\\Users\\DELL\\employee-manager\\dataconnect`\n"}}
[debug] [2025-05-08T09:41:53.033Z] E0508 15:11:53.034133   14524 load.go:23] Could not load config from "c:\\Users\\DELL\\employee-manager\\dataconnect": could not find dataconnect.yaml in `c:\Users\DELL\employee-manager\dataconnect`
 {"metadata":{"emulator":{"name":"dataconnect"},"message":"E0508 15:11:53.034133   14524 load.go:23] Could not load config from \"c:\\\\Users\\\\DELL\\\\employee-manager\\\\dataconnect\": could not find dataconnect.yaml in `c:\\Users\\DELL\\employee-manager\\dataconnect`\n"}}
[debug] [2025-05-08T09:42:03.027Z] E0508 15:12:03.028474   14524 load.go:23] Could not load config from "c:\\Users\\DELL\\employee-manager\\dataconnect": could not find dataconnect.yaml in `c:\Users\DELL\employee-manager\dataconnect`
 {"metadata":{"emulator":{"name":"dataconnect"},"message":"E0508 15:12:03.028474   14524 load.go:23] Could not load config from \"c:\\\\Users\\\\DELL\\\\employee-manager\\\\dataconnect\": could not find dataconnect.yaml in `c:\\Users\\DELL\\employee-manager\\dataconnect`\n"}}
[debug] [2025-05-08T09:42:13.029Z] E0508 15:12:13.029564   14524 load.go:23] Could not load config from "c:\\Users\\DELL\\employee-manager\\dataconnect": could not find dataconnect.yaml in `c:\Users\DELL\employee-manager\dataconnect`
 {"metadata":{"emulator":{"name":"dataconnect"},"message":"E0508 15:12:13.029564   14524 load.go:23] Could not load config from \"c:\\\\Users\\\\DELL\\\\employee-manager\\\\dataconnect\": could not find dataconnect.yaml in `c:\\Users\\DELL\\employee-manager\\dataconnect`\n"}}
[debug] [2025-05-08T09:42:23.040Z] E0508 15:12:23.039928   14524 load.go:23] Could not load config from "c:\\Users\\DELL\\employee-manager\\dataconnect": could not find dataconnect.yaml in `c:\Users\DELL\employee-manager\dataconnect`
 {"metadata":{"emulator":{"name":"dataconnect"},"message":"E0508 15:12:23.039928   14524 load.go:23] Could not load config from \"c:\\\\Users\\\\DELL\\\\employee-manager\\\\dataconnect\": could not find dataconnect.yaml in `c:\\Users\\DELL\\employee-manager\\dataconnect`\n"}}
[debug] [2025-05-08T09:42:23.041Z] E0508 15:12:23.039928   14524 watch.go:76] watchAllDir unable to walk dir `c:\Users\DELL\employee-manager\dataconnect`: on path "c:\\Users\\DELL\\employee-manager\\dataconnect" (DirEntry: <nil>): CreateFile c:\Users\DELL\employee-manager\dataconnect: The system cannot find the file specified.
 {"metadata":{"emulator":{"name":"dataconnect"},"message":"E0508 15:12:23.039928   14524 watch.go:76] watchAllDir unable to walk dir `c:\\Users\\DELL\\employee-manager\\dataconnect`: on path \"c:\\\\Users\\\\DELL\\\\employee-manager\\\\dataconnect\" (DirEntry: <nil>): CreateFile c:\\Users\\DELL\\employee-manager\\dataconnect: The system cannot find the file specified.\n"}}
[debug] [2025-05-08T09:42:33.030Z] E0508 15:12:33.030380   14524 load.go:23] Could not load config from "c:\\Users\\DELL\\employee-manager\\dataconnect": could not find dataconnect.yaml in `c:\Users\DELL\employee-manager\dataconnect`
 {"metadata":{"emulator":{"name":"dataconnect"},"message":"E0508 15:12:33.030380   14524 load.go:23] Could not load config from \"c:\\\\Users\\\\DELL\\\\employee-manager\\\\dataconnect\": could not find dataconnect.yaml in `c:\\Users\\DELL\\employee-manager\\dataconnect`\n"}}
[debug] [2025-05-08T09:42:43.027Z] E0508 15:12:43.027768   14524 load.go:23] Could not load config from "c:\\Users\\DELL\\employee-manager\\dataconnect": could not find dataconnect.yaml in `c:\Users\DELL\employee-manager\dataconnect`
 {"metadata":{"emulator":{"name":"dataconnect"},"message":"E0508 15:12:43.027768   14524 load.go:23] Could not load config from \"c:\\\\Users\\\\DELL\\\\employee-manager\\\\dataconnect\": could not find dataconnect.yaml in `c:\\Users\\DELL\\employee-manager\\dataconnect`\n"}}
[debug] [2025-05-08T09:42:53.039Z] E0508 15:12:53.039135   14524 load.go:23] Could not load config from "c:\\Users\\DELL\\employee-manager\\dataconnect": could not find dataconnect.yaml in `c:\Users\DELL\employee-manager\dataconnect`
 {"metadata":{"emulator":{"name":"dataconnect"},"message":"E0508 15:12:53.039135   14524 load.go:23] Could not load config from \"c:\\\\Users\\\\DELL\\\\employee-manager\\\\dataconnect\": could not find dataconnect.yaml in `c:\\Users\\DELL\\employee-manager\\dataconnect`\n"}}
[debug] [2025-05-08T09:43:03.035Z] E0508 15:13:03.034916   14524 load.go:23] Could not load config from "c:\\Users\\DELL\\employee-manager\\dataconnect": could not find dataconnect.yaml in `c:\Users\DELL\employee-manager\dataconnect`
 {"metadata":{"emulator":{"name":"dataconnect"},"message":"E0508 15:13:03.034916   14524 load.go:23] Could not load config from \"c:\\\\Users\\\\DELL\\\\employee-manager\\\\dataconnect\": could not find dataconnect.yaml in `c:\\Users\\DELL\\employee-manager\\dataconnect`\n"}}
[debug] [2025-05-08T09:43:13.024Z] E0508 15:13:13.024775   14524 load.go:23] Could not load config from "c:\\Users\\DELL\\employee-manager\\dataconnect": could not find dataconnect.yaml in `c:\Users\DELL\employee-manager\dataconnect`
 {"metadata":{"emulator":{"name":"dataconnect"},"message":"E0508 15:13:13.024775   14524 load.go:23] Could not load config from \"c:\\\\Users\\\\DELL\\\\employee-manager\\\\dataconnect\": could not find dataconnect.yaml in `c:\\Users\\DELL\\employee-manager\\dataconnect`\n"}}
[debug] [2025-05-08T09:43:23.034Z] E0508 15:13:23.028984   14524 load.go:23] Could not load config from "c:\\Users\\DELL\\employee-manager\\dataconnect": could not find dataconnect.yaml in `c:\Users\DELL\employee-manager\dataconnect`
 {"metadata":{"emulator":{"name":"dataconnect"},"message":"E0508 15:13:23.028984   14524 load.go:23] Could not load config from \"c:\\\\Users\\\\DELL\\\\employee-manager\\\\dataconnect\": could not find dataconnect.yaml in `c:\\Users\\DELL\\employee-manager\\dataconnect`\n"}}
[debug] [2025-05-08T09:43:33.036Z] E0508 15:13:33.036427   14524 load.go:23] Could not load config from "c:\\Users\\DELL\\employee-manager\\dataconnect": could not find dataconnect.yaml in `c:\Users\DELL\employee-manager\dataconnect`
 {"metadata":{"emulator":{"name":"dataconnect"},"message":"E0508 15:13:33.036427   14524 load.go:23] Could not load config from \"c:\\\\Users\\\\DELL\\\\employee-manager\\\\dataconnect\": could not find dataconnect.yaml in `c:\\Users\\DELL\\employee-manager\\dataconnect`\n"}}
[debug] [2025-05-08T09:43:43.028Z] E0508 15:13:43.028429   14524 load.go:23] Could not load config from "c:\\Users\\DELL\\employee-manager\\dataconnect": could not find dataconnect.yaml in `c:\Users\DELL\employee-manager\dataconnect`
 {"metadata":{"emulator":{"name":"dataconnect"},"message":"E0508 15:13:43.028429   14524 load.go:23] Could not load config from \"c:\\\\Users\\\\DELL\\\\employee-manager\\\\dataconnect\": could not find dataconnect.yaml in `c:\\Users\\DELL\\employee-manager\\dataconnect`\n"}}
[debug] [2025-05-08T09:43:53.037Z] E0508 15:13:53.036631   14524 load.go:23] Could not load config from "c:\\Users\\DELL\\employee-manager\\dataconnect": could not find dataconnect.yaml in `c:\Users\DELL\employee-manager\dataconnect`
 {"metadata":{"emulator":{"name":"dataconnect"},"message":"E0508 15:13:53.036631   14524 load.go:23] Could not load config from \"c:\\\\Users\\\\DELL\\\\employee-manager\\\\dataconnect\": could not find dataconnect.yaml in `c:\\Users\\DELL\\employee-manager\\dataconnect`\n"}}
[debug] [2025-05-08T09:44:03.035Z] E0508 15:14:03.032659   14524 load.go:23] Could not load config from "c:\\Users\\DELL\\employee-manager\\dataconnect": could not find dataconnect.yaml in `c:\Users\DELL\employee-manager\dataconnect`
 {"metadata":{"emulator":{"name":"dataconnect"},"message":"E0508 15:14:03.032659   14524 load.go:23] Could not load config from \"c:\\\\Users\\\\DELL\\\\employee-manager\\\\dataconnect\": could not find dataconnect.yaml in `c:\\Users\\DELL\\employee-manager\\dataconnect`\n"}}
[debug] [2025-05-08T09:44:13.023Z] E0508 15:14:13.023253   14524 load.go:23] Could not load config from "c:\\Users\\DELL\\employee-manager\\dataconnect": could not find dataconnect.yaml in `c:\Users\DELL\employee-manager\dataconnect`
 {"metadata":{"emulator":{"name":"dataconnect"},"message":"E0508 15:14:13.023253   14524 load.go:23] Could not load config from \"c:\\\\Users\\\\DELL\\\\employee-manager\\\\dataconnect\": could not find dataconnect.yaml in `c:\\Users\\DELL\\employee-manager\\dataconnect`\n"}}
[debug] [2025-05-08T09:44:23.024Z] E0508 15:14:23.026144   14524 load.go:23] Could not load config from "c:\\Users\\DELL\\employee-manager\\dataconnect": could not find dataconnect.yaml in `c:\Users\DELL\employee-manager\dataconnect`
 {"metadata":{"emulator":{"name":"dataconnect"},"message":"E0508 15:14:23.026144   14524 load.go:23] Could not load config from \"c:\\\\Users\\\\DELL\\\\employee-manager\\\\dataconnect\": could not find dataconnect.yaml in `c:\\Users\\DELL\\employee-manager\\dataconnect`\n"}}
[debug] [2025-05-08T09:44:23.026Z] E0508 15:14:23.026144   14524 watch.go:76] watchAllDir unable to walk dir `c:\Users\DELL\employee-manager\dataconnect`: on path "c:\\Users\\DELL\\employee-manager\\dataconnect" (DirEntry: <nil>): CreateFile c:\Users\DELL\employee-manager\dataconnect: The system cannot find the file specified.
 {"metadata":{"emulator":{"name":"dataconnect"},"message":"E0508 15:14:23.026144   14524 watch.go:76] watchAllDir unable to walk dir `c:\\Users\\DELL\\employee-manager\\dataconnect`: on path \"c:\\\\Users\\\\DELL\\\\employee-manager\\\\dataconnect\" (DirEntry: <nil>): CreateFile c:\\Users\\DELL\\employee-manager\\dataconnect: The system cannot find the file specified.\n"}}
[debug] [2025-05-08T09:44:33.024Z] E0508 15:14:33.025228   14524 load.go:23] Could not load config from "c:\\Users\\DELL\\employee-manager\\dataconnect": could not find dataconnect.yaml in `c:\Users\DELL\employee-manager\dataconnect`
 {"metadata":{"emulator":{"name":"dataconnect"},"message":"E0508 15:14:33.025228   14524 load.go:23] Could not load config from \"c:\\\\Users\\\\DELL\\\\employee-manager\\\\dataconnect\": could not find dataconnect.yaml in `c:\\Users\\DELL\\employee-manager\\dataconnect`\n"}}
[debug] [2025-05-08T09:44:43.025Z] E0508 15:14:43.026621   14524 load.go:23] Could not load config from "c:\\Users\\DELL\\employee-manager\\dataconnect": could not find dataconnect.yaml in `c:\Users\DELL\employee-manager\dataconnect`
 {"metadata":{"emulator":{"name":"dataconnect"},"message":"E0508 15:14:43.026621   14524 load.go:23] Could not load config from \"c:\\\\Users\\\\DELL\\\\employee-manager\\\\dataconnect\": could not find dataconnect.yaml in `c:\\Users\\DELL\\employee-manager\\dataconnect`\n"}}
[debug] [2025-05-08T09:44:53.031Z] E0508 15:14:53.032164   14524 load.go:23] Could not load config from "c:\\Users\\DELL\\employee-manager\\dataconnect": could not find dataconnect.yaml in `c:\Users\DELL\employee-manager\dataconnect`
 {"metadata":{"emulator":{"name":"dataconnect"},"message":"E0508 15:14:53.032164   14524 load.go:23] Could not load config from \"c:\\\\Users\\\\DELL\\\\employee-manager\\\\dataconnect\": could not find dataconnect.yaml in `c:\\Users\\DELL\\employee-manager\\dataconnect`\n"}}
[debug] [2025-05-08T09:45:03.037Z] E0508 15:15:03.038330   14524 load.go:23] Could not load config from "c:\\Users\\DELL\\employee-manager\\dataconnect": could not find dataconnect.yaml in `c:\Users\DELL\employee-manager\dataconnect`
 {"metadata":{"emulator":{"name":"dataconnect"},"message":"E0508 15:15:03.038330   14524 load.go:23] Could not load config from \"c:\\\\Users\\\\DELL\\\\employee-manager\\\\dataconnect\": could not find dataconnect.yaml in `c:\\Users\\DELL\\employee-manager\\dataconnect`\n"}}
[debug] [2025-05-08T09:45:13.032Z] E0508 15:15:13.033042   14524 load.go:23] Could not load config from "c:\\Users\\DELL\\employee-manager\\dataconnect": could not find dataconnect.yaml in `c:\Users\DELL\employee-manager\dataconnect`
 {"metadata":{"emulator":{"name":"dataconnect"},"message":"E0508 15:15:13.033042   14524 load.go:23] Could not load config from \"c:\\\\Users\\\\DELL\\\\employee-manager\\\\dataconnect\": could not find dataconnect.yaml in `c:\\Users\\DELL\\employee-manager\\dataconnect`\n"}}
[debug] [2025-05-08T09:45:23.032Z] E0508 15:15:23.031195   14524 load.go:23] Could not load config from "c:\\Users\\DELL\\employee-manager\\dataconnect": could not find dataconnect.yaml in `c:\Users\DELL\employee-manager\dataconnect`
 {"metadata":{"emulator":{"name":"dataconnect"},"message":"E0508 15:15:23.031195   14524 load.go:23] Could not load config from \"c:\\\\Users\\\\DELL\\\\employee-manager\\\\dataconnect\": could not find dataconnect.yaml in `c:\\Users\\DELL\\employee-manager\\dataconnect`\n"}}
[debug] [2025-05-08T09:45:33.031Z] E0508 15:15:33.030995   14524 load.go:23] Could not load config from "c:\\Users\\DELL\\employee-manager\\dataconnect": could not find dataconnect.yaml in `c:\Users\DELL\employee-manager\dataconnect`
 {"metadata":{"emulator":{"name":"dataconnect"},"message":"E0508 15:15:33.030995   14524 load.go:23] Could not load config from \"c:\\\\Users\\\\DELL\\\\employee-manager\\\\dataconnect\": could not find dataconnect.yaml in `c:\\Users\\DELL\\employee-manager\\dataconnect`\n"}}
[debug] [2025-05-08T09:45:43.029Z] E0508 15:15:43.028258   14524 load.go:23] Could not load config from "c:\\Users\\DELL\\employee-manager\\dataconnect": could not find dataconnect.yaml in `c:\Users\DELL\employee-manager\dataconnect`
 {"metadata":{"emulator":{"name":"dataconnect"},"message":"E0508 15:15:43.028258   14524 load.go:23] Could not load config from \"c:\\\\Users\\\\DELL\\\\employee-manager\\\\dataconnect\": could not find dataconnect.yaml in `c:\\Users\\DELL\\employee-manager\\dataconnect`\n"}}
[debug] [2025-05-08T09:45:53.028Z] E0508 15:15:53.028175   14524 load.go:23] Could not load config from "c:\\Users\\DELL\\employee-manager\\dataconnect": could not find dataconnect.yaml in `c:\Users\DELL\employee-manager\dataconnect`
 {"metadata":{"emulator":{"name":"dataconnect"},"message":"E0508 15:15:53.028175   14524 load.go:23] Could not load config from \"c:\\\\Users\\\\DELL\\\\employee-manager\\\\dataconnect\": could not find dataconnect.yaml in `c:\\Users\\DELL\\employee-manager\\dataconnect`\n"}}
[debug] [2025-05-08T09:46:03.029Z] E0508 15:16:03.028691   14524 load.go:23] Could not load config from "c:\\Users\\DELL\\employee-manager\\dataconnect": could not find dataconnect.yaml in `c:\Users\DELL\employee-manager\dataconnect`
 {"metadata":{"emulator":{"name":"dataconnect"},"message":"E0508 15:16:03.028691   14524 load.go:23] Could not load config from \"c:\\\\Users\\\\DELL\\\\employee-manager\\\\dataconnect\": could not find dataconnect.yaml in `c:\\Users\\DELL\\employee-manager\\dataconnect`\n"}}
[debug] [2025-05-08T09:46:13.026Z] E0508 15:16:13.025293   14524 load.go:23] Could not load config from "c:\\Users\\DELL\\employee-manager\\dataconnect": could not find dataconnect.yaml in `c:\Users\DELL\employee-manager\dataconnect`
 {"metadata":{"emulator":{"name":"dataconnect"},"message":"E0508 15:16:13.025293   14524 load.go:23] Could not load config from \"c:\\\\Users\\\\DELL\\\\employee-manager\\\\dataconnect\": could not find dataconnect.yaml in `c:\\Users\\DELL\\employee-manager\\dataconnect`\n"}}
[debug] [2025-05-08T09:46:23.025Z] E0508 15:16:23.025057   14524 load.go:23] Could not load config from "c:\\Users\\DELL\\employee-manager\\dataconnect": could not find dataconnect.yaml in `c:\Users\DELL\employee-manager\dataconnect`
 {"metadata":{"emulator":{"name":"dataconnect"},"message":"E0508 15:16:23.025057   14524 load.go:23] Could not load config from \"c:\\\\Users\\\\DELL\\\\employee-manager\\\\dataconnect\": could not find dataconnect.yaml in `c:\\Users\\DELL\\employee-manager\\dataconnect`\n"}}
[debug] [2025-05-08T09:46:23.027Z] E0508 15:16:23.025708   14524 watch.go:76] watchAllDir unable to walk dir `c:\Users\DELL\employee-manager\dataconnect`: on path "c:\\Users\\DELL\\employee-manager\\dataconnect" (DirEntry: <nil>): CreateFile c:\Users\DELL\employee-manager\dataconnect: The system cannot find the file specified.
 {"metadata":{"emulator":{"name":"dataconnect"},"message":"E0508 15:16:23.025708   14524 watch.go:76] watchAllDir unable to walk dir `c:\\Users\\DELL\\employee-manager\\dataconnect`: on path \"c:\\\\Users\\\\DELL\\\\employee-manager\\\\dataconnect\" (DirEntry: <nil>): CreateFile c:\\Users\\DELL\\employee-manager\\dataconnect: The system cannot find the file specified.\n"}}
[debug] [2025-05-08T09:46:33.038Z] E0508 15:16:33.038339   14524 load.go:23] Could not load config from "c:\\Users\\DELL\\employee-manager\\dataconnect": could not find dataconnect.yaml in `c:\Users\DELL\employee-manager\dataconnect`
 {"metadata":{"emulator":{"name":"dataconnect"},"message":"E0508 15:16:33.038339   14524 load.go:23] Could not load config from \"c:\\\\Users\\\\DELL\\\\employee-manager\\\\dataconnect\": could not find dataconnect.yaml in `c:\\Users\\DELL\\employee-manager\\dataconnect`\n"}}
[debug] [2025-05-08T09:46:43.034Z] E0508 15:16:43.033698   14524 load.go:23] Could not load config from "c:\\Users\\DELL\\employee-manager\\dataconnect": could not find dataconnect.yaml in `c:\Users\DELL\employee-manager\dataconnect`
 {"metadata":{"emulator":{"name":"dataconnect"},"message":"E0508 15:16:43.033698   14524 load.go:23] Could not load config from \"c:\\\\Users\\\\DELL\\\\employee-manager\\\\dataconnect\": could not find dataconnect.yaml in `c:\\Users\\DELL\\employee-manager\\dataconnect`\n"}}
[debug] [2025-05-08T09:46:53.023Z] E0508 15:16:53.023253   14524 load.go:23] Could not load config from "c:\\Users\\DELL\\employee-manager\\dataconnect": could not find dataconnect.yaml in `c:\Users\DELL\employee-manager\dataconnect`
 {"metadata":{"emulator":{"name":"dataconnect"},"message":"E0508 15:16:53.023253   14524 load.go:23] Could not load config from \"c:\\\\Users\\\\DELL\\\\employee-manager\\\\dataconnect\": could not find dataconnect.yaml in `c:\\Users\\DELL\\employee-manager\\dataconnect`\n"}}
[debug] [2025-05-08T09:47:03.029Z] E0508 15:17:03.028777   14524 load.go:23] Could not load config from "c:\\Users\\DELL\\employee-manager\\dataconnect": could not find dataconnect.yaml in `c:\Users\DELL\employee-manager\dataconnect`
 {"metadata":{"emulator":{"name":"dataconnect"},"message":"E0508 15:17:03.028777   14524 load.go:23] Could not load config from \"c:\\\\Users\\\\DELL\\\\employee-manager\\\\dataconnect\": could not find dataconnect.yaml in `c:\\Users\\DELL\\employee-manager\\dataconnect`\n"}}
[debug] [2025-05-08T09:47:13.030Z] E0508 15:17:13.025770   14524 load.go:23] Could not load config from "c:\\Users\\DELL\\employee-manager\\dataconnect": could not find dataconnect.yaml in `c:\Users\DELL\employee-manager\dataconnect`
 {"metadata":{"emulator":{"name":"dataconnect"},"message":"E0508 15:17:13.025770   14524 load.go:23] Could not load config from \"c:\\\\Users\\\\DELL\\\\employee-manager\\\\dataconnect\": could not find dataconnect.yaml in `c:\\Users\\DELL\\employee-manager\\dataconnect`\n"}}
[debug] [2025-05-08T09:47:23.032Z] E0508 15:17:23.032646   14524 load.go:23] Could not load config from "c:\\Users\\DELL\\employee-manager\\dataconnect": could not find dataconnect.yaml in `c:\Users\DELL\employee-manager\dataconnect`
 {"metadata":{"emulator":{"name":"dataconnect"},"message":"E0508 15:17:23.032646   14524 load.go:23] Could not load config from \"c:\\\\Users\\\\DELL\\\\employee-manager\\\\dataconnect\": could not find dataconnect.yaml in `c:\\Users\\DELL\\employee-manager\\dataconnect`\n"}}
[debug] [2025-05-08T09:47:33.024Z] E0508 15:17:33.024524   14524 load.go:23] Could not load config from "c:\\Users\\DELL\\employee-manager\\dataconnect": could not find dataconnect.yaml in `c:\Users\DELL\employee-manager\dataconnect`
 {"metadata":{"emulator":{"name":"dataconnect"},"message":"E0508 15:17:33.024524   14524 load.go:23] Could not load config from \"c:\\\\Users\\\\DELL\\\\employee-manager\\\\dataconnect\": could not find dataconnect.yaml in `c:\\Users\\DELL\\employee-manager\\dataconnect`\n"}}
[debug] [2025-05-08T09:47:43.032Z] E0508 15:17:43.032225   14524 load.go:23] Could not load config from "c:\\Users\\DELL\\employee-manager\\dataconnect": could not find dataconnect.yaml in `c:\Users\DELL\employee-manager\dataconnect`
 {"metadata":{"emulator":{"name":"dataconnect"},"message":"E0508 15:17:43.032225   14524 load.go:23] Could not load config from \"c:\\\\Users\\\\DELL\\\\employee-manager\\\\dataconnect\": could not find dataconnect.yaml in `c:\\Users\\DELL\\employee-manager\\dataconnect`\n"}}
[debug] [2025-05-08T09:47:53.030Z] E0508 15:17:53.030044   14524 load.go:23] Could not load config from "c:\\Users\\DELL\\employee-manager\\dataconnect": could not find dataconnect.yaml in `c:\Users\DELL\employee-manager\dataconnect`
 {"metadata":{"emulator":{"name":"dataconnect"},"message":"E0508 15:17:53.030044   14524 load.go:23] Could not load config from \"c:\\\\Users\\\\DELL\\\\employee-manager\\\\dataconnect\": could not find dataconnect.yaml in `c:\\Users\\DELL\\employee-manager\\dataconnect`\n"}}
[debug] [2025-05-08T09:48:03.035Z] E0508 15:18:03.034900   14524 load.go:23] Could not load config from "c:\\Users\\DELL\\employee-manager\\dataconnect": could not find dataconnect.yaml in `c:\Users\DELL\employee-manager\dataconnect`
 {"metadata":{"emulator":{"name":"dataconnect"},"message":"E0508 15:18:03.034900   14524 load.go:23] Could not load config from \"c:\\\\Users\\\\DELL\\\\employee-manager\\\\dataconnect\": could not find dataconnect.yaml in `c:\\Users\\DELL\\employee-manager\\dataconnect`\n"}}
[debug] [2025-05-08T09:48:13.036Z] E0508 15:18:13.035451   14524 load.go:23] Could not load config from "c:\\Users\\DELL\\employee-manager\\dataconnect": could not find dataconnect.yaml in `c:\Users\DELL\employee-manager\dataconnect`
 {"metadata":{"emulator":{"name":"dataconnect"},"message":"E0508 15:18:13.035451   14524 load.go:23] Could not load config from \"c:\\\\Users\\\\DELL\\\\employee-manager\\\\dataconnect\": could not find dataconnect.yaml in `c:\\Users\\DELL\\employee-manager\\dataconnect`\n"}}
[debug] [2025-05-08T09:48:23.034Z] E0508 15:18:23.034275   14524 load.go:23] Could not load config from "c:\\Users\\DELL\\employee-manager\\dataconnect": could not find dataconnect.yaml in `c:\Users\DELL\employee-manager\dataconnect`
E0508 15:18:23.034275   14524 watch.go:76] watchAllDir unable to walk dir `c:\Users\DELL\employee-manager\dataconnect`: on path "c:\\Users\\DELL\\employee-manager\\dataconnect" (DirEntry: <nil>): CreateFile c:\Users\DELL\employee-manager\dataconnect: The system cannot find the file specified.
 {"metadata":{"emulator":{"name":"dataconnect"},"message":"E0508 15:18:23.034275   14524 load.go:23] Could not load config from \"c:\\\\Users\\\\DELL\\\\employee-manager\\\\dataconnect\": could not find dataconnect.yaml in `c:\\Users\\DELL\\employee-manager\\dataconnect`\nE0508 15:18:23.034275   14524 watch.go:76] watchAllDir unable to walk dir `c:\\Users\\DELL\\employee-manager\\dataconnect`: on path \"c:\\\\Users\\\\DELL\\\\employee-manager\\\\dataconnect\" (DirEntry: <nil>): CreateFile c:\\Users\\DELL\\employee-manager\\dataconnect: The system cannot find the file specified.\n"}}
[debug] [2025-05-08T09:48:33.038Z] E0508 15:18:33.037899   14524 load.go:23] Could not load config from "c:\\Users\\DELL\\employee-manager\\dataconnect": could not find dataconnect.yaml in `c:\Users\DELL\employee-manager\dataconnect`
 {"metadata":{"emulator":{"name":"dataconnect"},"message":"E0508 15:18:33.037899   14524 load.go:23] Could not load config from \"c:\\\\Users\\\\DELL\\\\employee-manager\\\\dataconnect\": could not find dataconnect.yaml in `c:\\Users\\DELL\\employee-manager\\dataconnect`\n"}}
[debug] [2025-05-08T09:48:43.027Z] E0508 15:18:43.026852   14524 load.go:23] Could not load config from "c:\\Users\\DELL\\employee-manager\\dataconnect": could not find dataconnect.yaml in `c:\Users\DELL\employee-manager\dataconnect`
 {"metadata":{"emulator":{"name":"dataconnect"},"message":"E0508 15:18:43.026852   14524 load.go:23] Could not load config from \"c:\\\\Users\\\\DELL\\\\employee-manager\\\\dataconnect\": could not find dataconnect.yaml in `c:\\Users\\DELL\\employee-manager\\dataconnect`\n"}}
[debug] [2025-05-08T09:48:53.023Z] E0508 15:18:53.023164   14524 load.go:23] Could not load config from "c:\\Users\\DELL\\employee-manager\\dataconnect": could not find dataconnect.yaml in `c:\Users\DELL\employee-manager\dataconnect`
 {"metadata":{"emulator":{"name":"dataconnect"},"message":"E0508 15:18:53.023164   14524 load.go:23] Could not load config from \"c:\\\\Users\\\\DELL\\\\employee-manager\\\\dataconnect\": could not find dataconnect.yaml in `c:\\Users\\DELL\\employee-manager\\dataconnect`\n"}}
[debug] [2025-05-08T09:49:03.025Z] E0508 15:19:03.025042   14524 load.go:23] Could not load config from "c:\\Users\\DELL\\employee-manager\\dataconnect": could not find dataconnect.yaml in `c:\Users\DELL\employee-manager\dataconnect`
 {"metadata":{"emulator":{"name":"dataconnect"},"message":"E0508 15:19:03.025042   14524 load.go:23] Could not load config from \"c:\\\\Users\\\\DELL\\\\employee-manager\\\\dataconnect\": could not find dataconnect.yaml in `c:\\Users\\DELL\\employee-manager\\dataconnect`\n"}}
[debug] [2025-05-08T09:49:13.036Z] E0508 15:19:13.036310   14524 load.go:23] Could not load config from "c:\\Users\\DELL\\employee-manager\\dataconnect": could not find dataconnect.yaml in `c:\Users\DELL\employee-manager\dataconnect`
 {"metadata":{"emulator":{"name":"dataconnect"},"message":"E0508 15:19:13.036310   14524 load.go:23] Could not load config from \"c:\\\\Users\\\\DELL\\\\employee-manager\\\\dataconnect\": could not find dataconnect.yaml in `c:\\Users\\DELL\\employee-manager\\dataconnect`\n"}}
[debug] [2025-05-08T09:49:23.026Z] E0508 15:19:23.025603   14524 load.go:23] Could not load config from "c:\\Users\\DELL\\employee-manager\\dataconnect": could not find dataconnect.yaml in `c:\Users\DELL\employee-manager\dataconnect`
 {"metadata":{"emulator":{"name":"dataconnect"},"message":"E0508 15:19:23.025603   14524 load.go:23] Could not load config from \"c:\\\\Users\\\\DELL\\\\employee-manager\\\\dataconnect\": could not find dataconnect.yaml in `c:\\Users\\DELL\\employee-manager\\dataconnect`\n"}}
[debug] [2025-05-08T09:49:33.027Z] E0508 15:19:33.028462   14524 load.go:23] Could not load config from "c:\\Users\\DELL\\employee-manager\\dataconnect": could not find dataconnect.yaml in `c:\Users\DELL\employee-manager\dataconnect`
 {"metadata":{"emulator":{"name":"dataconnect"},"message":"E0508 15:19:33.028462   14524 load.go:23] Could not load config from \"c:\\\\Users\\\\DELL\\\\employee-manager\\\\dataconnect\": could not find dataconnect.yaml in `c:\\Users\\DELL\\employee-manager\\dataconnect`\n"}}
[debug] [2025-05-08T09:49:43.022Z] E0508 15:19:43.023676   14524 load.go:23] Could not load config from "c:\\Users\\DELL\\employee-manager\\dataconnect": could not find dataconnect.yaml in `c:\Users\DELL\employee-manager\dataconnect`
 {"metadata":{"emulator":{"name":"dataconnect"},"message":"E0508 15:19:43.023676   14524 load.go:23] Could not load config from \"c:\\\\Users\\\\DELL\\\\employee-manager\\\\dataconnect\": could not find dataconnect.yaml in `c:\\Users\\DELL\\employee-manager\\dataconnect`\n"}}
[debug] [2025-05-08T09:49:53.028Z] E0508 15:19:53.029281   14524 load.go:23] Could not load config from "c:\\Users\\DELL\\employee-manager\\dataconnect": could not find dataconnect.yaml in `c:\Users\DELL\employee-manager\dataconnect`
 {"metadata":{"emulator":{"name":"dataconnect"},"message":"E0508 15:19:53.029281   14524 load.go:23] Could not load config from \"c:\\\\Users\\\\DELL\\\\employee-manager\\\\dataconnect\": could not find dataconnect.yaml in `c:\\Users\\DELL\\employee-manager\\dataconnect`\n"}}
[debug] [2025-05-08T09:50:03.024Z] E0508 15:20:03.025891   14524 load.go:23] Could not load config from "c:\\Users\\DELL\\employee-manager\\dataconnect": could not find dataconnect.yaml in `c:\Users\DELL\employee-manager\dataconnect`
 {"metadata":{"emulator":{"name":"dataconnect"},"message":"E0508 15:20:03.025891   14524 load.go:23] Could not load config from \"c:\\\\Users\\\\DELL\\\\employee-manager\\\\dataconnect\": could not find dataconnect.yaml in `c:\\Users\\DELL\\employee-manager\\dataconnect`\n"}}
[debug] [2025-05-08T09:50:13.025Z] E0508 15:20:13.027018   14524 load.go:23] Could not load config from "c:\\Users\\DELL\\employee-manager\\dataconnect": could not find dataconnect.yaml in `c:\Users\DELL\employee-manager\dataconnect`
 {"metadata":{"emulator":{"name":"dataconnect"},"message":"E0508 15:20:13.027018   14524 load.go:23] Could not load config from \"c:\\\\Users\\\\DELL\\\\employee-manager\\\\dataconnect\": could not find dataconnect.yaml in `c:\\Users\\DELL\\employee-manager\\dataconnect`\n"}}
[debug] [2025-05-08T09:50:23.029Z] E0508 15:20:23.029956   14524 load.go:23] Could not load config from "c:\\Users\\DELL\\employee-manager\\dataconnect": could not find dataconnect.yaml in `c:\Users\DELL\employee-manager\dataconnect`
E0508 15:20:23.030523   14524 watch.go:76] watchAllDir unable to walk dir `c:\Users\DELL\employee-manager\dataconnect`: on path "c:\\Users\\DELL\\employee-manager\\dataconnect" (DirEntry: <nil>): CreateFile c:\Users\DELL\employee-manager\dataconnect: The system cannot find the file specified.
 {"metadata":{"emulator":{"name":"dataconnect"},"message":"E0508 15:20:23.029956   14524 load.go:23] Could not load config from \"c:\\\\Users\\\\DELL\\\\employee-manager\\\\dataconnect\": could not find dataconnect.yaml in `c:\\Users\\DELL\\employee-manager\\dataconnect`\nE0508 15:20:23.030523   14524 watch.go:76] watchAllDir unable to walk dir `c:\\Users\\DELL\\employee-manager\\dataconnect`: on path \"c:\\\\Users\\\\DELL\\\\employee-manager\\\\dataconnect\" (DirEntry: <nil>): CreateFile c:\\Users\\DELL\\employee-manager\\dataconnect: The system cannot find the file specified.\n"}}
[debug] [2025-05-08T09:50:33.039Z] E0508 15:20:33.039167   14524 load.go:23] Could not load config from "c:\\Users\\DELL\\employee-manager\\dataconnect": could not find dataconnect.yaml in `c:\Users\DELL\employee-manager\dataconnect`
 {"metadata":{"emulator":{"name":"dataconnect"},"message":"E0508 15:20:33.039167   14524 load.go:23] Could not load config from \"c:\\\\Users\\\\DELL\\\\employee-manager\\\\dataconnect\": could not find dataconnect.yaml in `c:\\Users\\DELL\\employee-manager\\dataconnect`\n"}}
[debug] [2025-05-08T09:50:43.029Z] E0508 15:20:43.029414   14524 load.go:23] Could not load config from "c:\\Users\\DELL\\employee-manager\\dataconnect": could not find dataconnect.yaml in `c:\Users\DELL\employee-manager\dataconnect`
 {"metadata":{"emulator":{"name":"dataconnect"},"message":"E0508 15:20:43.029414   14524 load.go:23] Could not load config from \"c:\\\\Users\\\\DELL\\\\employee-manager\\\\dataconnect\": could not find dataconnect.yaml in `c:\\Users\\DELL\\employee-manager\\dataconnect`\n"}}
[debug] [2025-05-08T09:50:53.029Z] E0508 15:20:53.029520   14524 load.go:23] Could not load config from "c:\\Users\\DELL\\employee-manager\\dataconnect": could not find dataconnect.yaml in `c:\Users\DELL\employee-manager\dataconnect`
 {"metadata":{"emulator":{"name":"dataconnect"},"message":"E0508 15:20:53.029520   14524 load.go:23] Could not load config from \"c:\\\\Users\\\\DELL\\\\employee-manager\\\\dataconnect\": could not find dataconnect.yaml in `c:\\Users\\DELL\\employee-manager\\dataconnect`\n"}}
[debug] [2025-05-08T09:51:03.037Z] E0508 15:21:03.037149   14524 load.go:23] Could not load config from "c:\\Users\\DELL\\employee-manager\\dataconnect": could not find dataconnect.yaml in `c:\Users\DELL\employee-manager\dataconnect`
 {"metadata":{"emulator":{"name":"dataconnect"},"message":"E0508 15:21:03.037149   14524 load.go:23] Could not load config from \"c:\\\\Users\\\\DELL\\\\employee-manager\\\\dataconnect\": could not find dataconnect.yaml in `c:\\Users\\DELL\\employee-manager\\dataconnect`\n"}}
[debug] [2025-05-08T09:51:13.030Z] E0508 15:21:13.031009   14524 load.go:23] Could not load config from "c:\\Users\\DELL\\employee-manager\\dataconnect": could not find dataconnect.yaml in `c:\Users\DELL\employee-manager\dataconnect`
 {"metadata":{"emulator":{"name":"dataconnect"},"message":"E0508 15:21:13.031009   14524 load.go:23] Could not load config from \"c:\\\\Users\\\\DELL\\\\employee-manager\\\\dataconnect\": could not find dataconnect.yaml in `c:\\Users\\DELL\\employee-manager\\dataconnect`\n"}}
[debug] [2025-05-08T09:51:23.025Z] E0508 15:21:23.024807   14524 load.go:23] Could not load config from "c:\\Users\\DELL\\employee-manager\\dataconnect": could not find dataconnect.yaml in `c:\Users\DELL\employee-manager\dataconnect`
 {"metadata":{"emulator":{"name":"dataconnect"},"message":"E0508 15:21:23.024807   14524 load.go:23] Could not load config from \"c:\\\\Users\\\\DELL\\\\employee-manager\\\\dataconnect\": could not find dataconnect.yaml in `c:\\Users\\DELL\\employee-manager\\dataconnect`\n"}}
[debug] [2025-05-08T09:51:33.033Z] E0508 15:21:33.032221   14524 load.go:23] Could not load config from "c:\\Users\\DELL\\employee-manager\\dataconnect": could not find dataconnect.yaml in `c:\Users\DELL\employee-manager\dataconnect`
 {"metadata":{"emulator":{"name":"dataconnect"},"message":"E0508 15:21:33.032221   14524 load.go:23] Could not load config from \"c:\\\\Users\\\\DELL\\\\employee-manager\\\\dataconnect\": could not find dataconnect.yaml in `c:\\Users\\DELL\\employee-manager\\dataconnect`\n"}}
[debug] [2025-05-08T09:51:43.026Z] E0508 15:21:43.025779   14524 load.go:23] Could not load config from "c:\\Users\\DELL\\employee-manager\\dataconnect": could not find dataconnect.yaml in `c:\Users\DELL\employee-manager\dataconnect`
 {"metadata":{"emulator":{"name":"dataconnect"},"message":"E0508 15:21:43.025779   14524 load.go:23] Could not load config from \"c:\\\\Users\\\\DELL\\\\employee-manager\\\\dataconnect\": could not find dataconnect.yaml in `c:\\Users\\DELL\\employee-manager\\dataconnect`\n"}}
[debug] [2025-05-08T09:51:53.025Z] E0508 15:21:53.025189   14524 load.go:23] Could not load config from "c:\\Users\\DELL\\employee-manager\\dataconnect": could not find dataconnect.yaml in `c:\Users\DELL\employee-manager\dataconnect`
 {"metadata":{"emulator":{"name":"dataconnect"},"message":"E0508 15:21:53.025189   14524 load.go:23] Could not load config from \"c:\\\\Users\\\\DELL\\\\employee-manager\\\\dataconnect\": could not find dataconnect.yaml in `c:\\Users\\DELL\\employee-manager\\dataconnect`\n"}}
[debug] [2025-05-08T09:52:03.034Z] E0508 15:22:03.033215   14524 load.go:23] Could not load config from "c:\\Users\\DELL\\employee-manager\\dataconnect": could not find dataconnect.yaml in `c:\Users\DELL\employee-manager\dataconnect`
 {"metadata":{"emulator":{"name":"dataconnect"},"message":"E0508 15:22:03.033215   14524 load.go:23] Could not load config from \"c:\\\\Users\\\\DELL\\\\employee-manager\\\\dataconnect\": could not find dataconnect.yaml in `c:\\Users\\DELL\\employee-manager\\dataconnect`\n"}}
[debug] [2025-05-08T09:52:13.026Z] E0508 15:22:13.025106   14524 load.go:23] Could not load config from "c:\\Users\\DELL\\employee-manager\\dataconnect": could not find dataconnect.yaml in `c:\Users\DELL\employee-manager\dataconnect`
 {"metadata":{"emulator":{"name":"dataconnect"},"message":"E0508 15:22:13.025106   14524 load.go:23] Could not load config from \"c:\\\\Users\\\\DELL\\\\employee-manager\\\\dataconnect\": could not find dataconnect.yaml in `c:\\Users\\DELL\\employee-manager\\dataconnect`\n"}}
[debug] [2025-05-08T09:52:23.026Z] E0508 15:22:23.026469   14524 load.go:23] Could not load config from "c:\\Users\\DELL\\employee-manager\\dataconnect": could not find dataconnect.yaml in `c:\Users\DELL\employee-manager\dataconnect`
E0508 15:22:23.026469   14524 watch.go:76] watchAllDir unable to walk dir `c:\Users\DELL\employee-manager\dataconnect`: on path "c:\\Users\\DELL\\employee-manager\\dataconnect" (DirEntry: <nil>): CreateFile c:\Users\DELL\employee-manager\dataconnect: The system cannot find the file specified.
 {"metadata":{"emulator":{"name":"dataconnect"},"message":"E0508 15:22:23.026469   14524 load.go:23] Could not load config from \"c:\\\\Users\\\\DELL\\\\employee-manager\\\\dataconnect\": could not find dataconnect.yaml in `c:\\Users\\DELL\\employee-manager\\dataconnect`\nE0508 15:22:23.026469   14524 watch.go:76] watchAllDir unable to walk dir `c:\\Users\\DELL\\employee-manager\\dataconnect`: on path \"c:\\\\Users\\\\DELL\\\\employee-manager\\\\dataconnect\" (DirEntry: <nil>): CreateFile c:\\Users\\DELL\\employee-manager\\dataconnect: The system cannot find the file specified.\n"}}
[debug] [2025-05-08T09:52:33.033Z] E0508 15:22:33.034904   14524 load.go:23] Could not load config from "c:\\Users\\DELL\\employee-manager\\dataconnect": could not find dataconnect.yaml in `c:\Users\DELL\employee-manager\dataconnect`
 {"metadata":{"emulator":{"name":"dataconnect"},"message":"E0508 15:22:33.034904   14524 load.go:23] Could not load config from \"c:\\\\Users\\\\DELL\\\\employee-manager\\\\dataconnect\": could not find dataconnect.yaml in `c:\\Users\\DELL\\employee-manager\\dataconnect`\n"}}
[debug] [2025-05-08T09:52:43.028Z] E0508 15:22:43.029958   14524 load.go:23] Could not load config from "c:\\Users\\DELL\\employee-manager\\dataconnect": could not find dataconnect.yaml in `c:\Users\DELL\employee-manager\dataconnect`
 {"metadata":{"emulator":{"name":"dataconnect"},"message":"E0508 15:22:43.029958   14524 load.go:23] Could not load config from \"c:\\\\Users\\\\DELL\\\\employee-manager\\\\dataconnect\": could not find dataconnect.yaml in `c:\\Users\\DELL\\employee-manager\\dataconnect`\n"}}
[debug] [2025-05-08T09:52:53.037Z] E0508 15:22:53.038615   14524 load.go:23] Could not load config from "c:\\Users\\DELL\\employee-manager\\dataconnect": could not find dataconnect.yaml in `c:\Users\DELL\employee-manager\dataconnect`
 {"metadata":{"emulator":{"name":"dataconnect"},"message":"E0508 15:22:53.038615   14524 load.go:23] Could not load config from \"c:\\\\Users\\\\DELL\\\\employee-manager\\\\dataconnect\": could not find dataconnect.yaml in `c:\\Users\\DELL\\employee-manager\\dataconnect`\n"}}
[debug] [2025-05-08T09:53:03.028Z] E0508 15:23:03.029910   14524 load.go:23] Could not load config from "c:\\Users\\DELL\\employee-manager\\dataconnect": could not find dataconnect.yaml in `c:\Users\DELL\employee-manager\dataconnect`
 {"metadata":{"emulator":{"name":"dataconnect"},"message":"E0508 15:23:03.029910   14524 load.go:23] Could not load config from \"c:\\\\Users\\\\DELL\\\\employee-manager\\\\dataconnect\": could not find dataconnect.yaml in `c:\\Users\\DELL\\employee-manager\\dataconnect`\n"}}
[debug] [2025-05-08T09:53:13.025Z] E0508 15:23:13.027217   14524 load.go:23] Could not load config from "c:\\Users\\DELL\\employee-manager\\dataconnect": could not find dataconnect.yaml in `c:\Users\DELL\employee-manager\dataconnect`
 {"metadata":{"emulator":{"name":"dataconnect"},"message":"E0508 15:23:13.027217   14524 load.go:23] Could not load config from \"c:\\\\Users\\\\DELL\\\\employee-manager\\\\dataconnect\": could not find dataconnect.yaml in `c:\\Users\\DELL\\employee-manager\\dataconnect`\n"}}
[debug] [2025-05-08T09:53:23.023Z] E0508 15:23:23.024840   14524 load.go:23] Could not load config from "c:\\Users\\DELL\\employee-manager\\dataconnect": could not find dataconnect.yaml in `c:\Users\DELL\employee-manager\dataconnect`
 {"metadata":{"emulator":{"name":"dataconnect"},"message":"E0508 15:23:23.024840   14524 load.go:23] Could not load config from \"c:\\\\Users\\\\DELL\\\\employee-manager\\\\dataconnect\": could not find dataconnect.yaml in `c:\\Users\\DELL\\employee-manager\\dataconnect`\n"}}
[debug] [2025-05-08T09:53:33.031Z] E0508 15:23:33.031735   14524 load.go:23] Could not load config from "c:\\Users\\DELL\\employee-manager\\dataconnect": could not find dataconnect.yaml in `c:\Users\DELL\employee-manager\dataconnect`
 {"metadata":{"emulator":{"name":"dataconnect"},"message":"E0508 15:23:33.031735   14524 load.go:23] Could not load config from \"c:\\\\Users\\\\DELL\\\\employee-manager\\\\dataconnect\": could not find dataconnect.yaml in `c:\\Users\\DELL\\employee-manager\\dataconnect`\n"}}
[info] [Firebase Plugin] Stopping Data Connect toolkit
[warn] !  Data Connect Emulator has exited upon receiving signal: SIGKILL 
